age,gender,daily_social_media_hours,sleep_hours,screen_time_before_sleep,academic_performance,physical_activity,social_interaction_level,stress_level,anxiety_level,addiction_level,depression_label,Screen_Sleep_Ratio,platform_usage_Instagram,platform_usage_TikTok,Age_Group_Late Teen
-0.9540987207341913,1,1.6578328019529454,0.6591770324823872,1.6188297640331655,0.03402616348899273,0.8342756727359149,1,-1.1873669281796289,-1.2723354351300666,-1.6133890005208396,-0.1628446860903139,2.515003891609712,True,False,False
1.5197959743415,0,-1.2996489061890784,1.075243889138229,1.6188297640331655,0.3982824591230753,-0.3685934743601522,0,0.8801159939227476,-1.6221985245333848,1.5674436401555143,-0.1628446860903139,-1.208701504205434,False,True,False
0.5302380963112234,0,-1.5953970770032808,0.7978659847010008,-1.731435916058467,1.612470111236681,-1.7433010710413719,0,-1.1873669281796289,-0.5726092563234305,-1.2599631515568004,-0.1628446860903139,-1.9995802648500596,True,False,False
-0.4593197817190531,1,1.41137599294111,0.31245465193585237,-0.1958974793498019,0.849266444193843,-0.3685934743601522,2,-1.5319474151966916,0.47698001188652356,1.214017791191475,-0.1628446860903139,4.517058664983066,False,True,False
-0.4593197817190531,0,0.08050922427719942,-1.0744348702502873,1.758424167370317,-1.0760882613005895,0.6624372231507623,2,-0.8427864411625662,-0.2227461669201125,-1.2599631515568004,-0.1628446860903139,-0.07493169340124355,False,False,False
1.5197959743415,0,1.41137599294111,-1.4211572507968222,0.9208577473474087,-0.6251042762298219,-0.7122703735304572,0,-0.8427864411625662,-0.2227461669201125,0.5071660932633962,-0.1628446860903139,-0.9931173993235246,False,False,False
1.0250170353263617,0,-1.003900735374876,-0.03426772861068253,0.9208577473474087,-0.6251042762298219,-0.5404319239453048,1,-1.1873669281796289,-1.2723354351300666,-0.19968560466468235,-0.1628446860903139,29.2958061732146,True,False,False
0.035459157296085175,1,-0.2645303083393701,-1.5598462030154363,-1.731435916058467,-1.0240516476385781,0.49059877356561,1,0.19095501988862215,1.5265692800964776,-0.19968560466468235,-0.1628446860903139,0.1695874297273603,False,False,False
1.5197959743415,0,-0.6095698409559396,-1.0050903941409806,0.5020745373359549,-1.6484910115827183,-0.19675502477499981,0,-1.5319474151966916,1.5265692800964776,1.214017791191475,-0.1628446860903139,0.6064826054545273,False,True,False
-0.4593197817190531,1,-1.2996489061890784,-1.0744348702502873,-0.33549188268695335,1.3522870429266227,0.14692187439530519,0,-1.5319474151966916,-1.6221985245333848,-0.5531114536287216,-0.1628446860903139,1.2096116220486477,False,True,False
0.035459157296085175,1,1.312793269336376,-0.4503345852665248,1.6188297640331655,0.29420923179905184,0.3187603239804574,2,-0.15362546712844063,0.8268431012898416,1.214017791191475,-0.1628446860903139,-2.9151508951048384,False,False,False
-1.4488776597493296,1,0.1790919478819336,-1.2131238224689014,1.0604521506845601,1.612470111236681,0.3187603239804574,1,-1.5319474151966916,1.5265692800964776,0.8605919422274356,-0.1628446860903139,-0.14762874536372783,True,False,False
0.035459157296085175,1,0.8198796513127053,0.5204880802637732,1.2000465540217116,-1.6831820873573928,1.1779525719062196,2,-0.15362546712844063,0.47698001188652356,0.15374024429935695,-0.1628446860903139,1.5752131170750467,False,False,False
0.5302380963112234,0,1.1156278221269076,-0.5196790613758315,-0.8938694960355587,0.5197012243344357,0.49059877356561,2,-1.5319474151966916,1.5265692800964776,1.5674436401555143,-0.1628446860903139,-2.146763079453929,False,True,False
-0.4593197817190531,1,0.57342284230087,-0.3809901091572174,-1.3126527060470128,0.8839575199685175,-0.5404319239453048,1,-1.5319474151966916,1.1767061906931597,-1.6133890005208396,-0.1628446860903139,-1.5050859025430614,False,True,False
-0.9540987207341913,0,-0.4616957555488383,-0.7970569658130597,-1.5918415127213155,-0.0006649122856809947,-1.2277857222859145,0,-0.4982059541455034,1.5265692800964776,-1.2599631515568004,-0.1628446860903139,0.5792506374721572,False,False,False
-1.4488776597493296,1,-1.4968143533985465,-1.5598462030154363,-0.47508628602410485,-0.6944864277791709,-0.8841088231156097,0,-0.4982059541455034,-0.2227461669201125,0.8605919422274356,-0.1628446860903139,0.95959098435792,False,False,False
0.035459157296085175,1,-0.7081525645606735,-0.24230115693860396,-1.3126527060470128,-1.527072246371358,1.5216294710765244,0,1.5692769679568732,0.47698001188652356,1.5674436401555143,-0.1628446860903139,2.9226132202914346,False,False,False
0.035459157296085175,0,1.0663364603245407,0.24311017582654504,0.2228857306616519,0.15544492870035384,0.6624372231507623,0,1.5692769679568732,1.1767061906931597,-1.6133890005208396,-0.1628446860903139,4.386227177447947,False,False,False
-0.9540987207341913,0,-1.6446884388056477,0.7978659847010008,-1.03346389937271,1.4910513460253207,-0.3685934743601522,0,0.8801159939227476,-0.5726092563234305,0.15374024429935695,-0.1628446860903139,-2.0613592637640674,True,False,False
0.035459157296085175,1,-0.5602784791535724,-1.2824682985782088,0.5020745373359549,-1.3015802538359733,-1.055947272700762,0,-0.4982059541455034,-1.6221985245333848,-0.906537302592761,-0.1628446860903139,0.4368751101097139,False,True,False
1.0250170353263617,1,-0.2152389465370032,0.6591770324823872,0.9208577473474087,-1.0587427234132527,0.8342756727359149,2,0.8801159939227476,-0.5726092563234305,1.214017791191475,-0.1628446860903139,-0.32652676888094434,False,False,False
1.0250170353263617,1,0.3762573950914016,-1.0744348702502873,-0.7542750926984075,1.2135227398279247,0.3187603239804574,1,-0.15362546712844063,-0.5726092563234305,-0.19968560466468235,-0.1628446860903139,-0.3501909752833629,True,False,False
1.0250170353263617,0,-1.1024834589796102,0.7978659847010008,-1.731435916058467,-0.052701525947693124,1.1779525719062196,2,1.2246964809398104,0.8268431012898416,0.5071660932633962,-0.1628446860903139,-1.3817902757099796,False,True,False
1.0250170353263617,0,-1.053192097177243,0.1737656997172383,0.2228857306616519,-0.7985596551031944,-1.055947272700762,0,0.8801159939227476,0.8268431012898416,-1.2599631515568004,-0.1628446860903139,-6.060989590529425,False,False,False
-1.4488776597493296,0,-1.4968143533985465,0.5204880802637732,1.0604521506845601,-1.457690094822009,0.49059877356561,2,-0.4982059541455034,0.12711692248320555,-1.2599631515568004,-0.1628446860903139,-2.8757898790688734,False,False,False
-0.9540987207341913,0,0.57342284230087,1.5606552219033774,-1.5918415127213155,-0.6077587383424843,-1.5714626214562195,1,0.8801159939227476,1.1767061906931597,-0.5531114536287216,-0.1628446860903139,0.36742442164869876,False,False,False
1.5197959743415,1,-1.2503575443867112,0.45114360415446586,-1.1730583027098613,0.46766461067242354,1.0061141223210675,0,0.535535506905685,-0.2227461669201125,1.214017791191475,-0.1628446860903139,-2.7715289164525196,False,True,False
-0.9540987207341913,1,-1.003900735374876,-0.5890235374851389,1.6188297640331655,-1.3015802538359733,-0.8841088231156097,1,-0.8427864411625662,1.1767061906931597,-0.19968560466468235,-0.1628446860903139,1.7043474012279252,False,True,False
0.035459157296085175,0,-0.5602784791535724,0.9365549369196149,1.479235360696014,1.4563602702506462,1.3497910214913722,2,0.19095501988862215,0.12711692248320555,-0.5531114536287216,-0.1628446860903139,-0.5982334373212124,False,True,False
-1.4488776597493296,1,1.0170450985221733,-0.5196790613758315,1.0604521506845601,-0.5557221246804729,0.14692187439530519,1,-1.1873669281796289,-1.6221985245333848,1.5674436401555143,-0.1628446860903139,-1.9570638382650691,False,True,False
-1.4488776597493296,0,-1.4475229915961794,1.5606552219033774,1.0604521506845601,1.2135227398279247,-1.055947272700762,0,0.8801159939227476,-1.2723354351300666,1.214017791191475,-0.1628446860903139,-0.9275097864541653,True,False,False
0.035459157296085175,1,-0.9053180117701417,-1.5598462030154363,0.9208577473474087,0.10340831503834172,-1.3996241718710671,0,-1.5319474151966916,0.8268431012898416,-0.5531114536287216,-0.1628446860903139,0.5803892781352513,True,False,False
-0.9540987207341913,1,-0.2152389465370032,1.075243889138229,1.758424167370317,-1.180161488624613,-0.3685934743601522,1,0.8801159939227476,-0.5726092563234305,-1.6133890005208396,-0.1628446860903139,-0.20017686099988888,False,True,False
-1.4488776597493296,0,1.0170450985221733,0.58983255637308,-0.1958974793498019,0.48501014855976116,-1.5714626214562195,2,1.5692769679568732,-1.2723354351300666,-1.6133890005208396,-0.1628446860903139,1.7242946112979114,False,True,False
0.5302380963112234,0,0.2283833096843005,-1.0744348702502873,0.5020745373359549,-1.7005276252447306,-0.024916575189847412,1,1.2246964809398104,-0.5726092563234305,1.214017791191475,-0.1628446860903139,-0.21256133434230323,False,False,False
1.5197959743415,0,0.031217862474832096,-0.6583680135944456,1.0604521506845601,1.6818522627860302,-0.3685934743601522,0,-0.8427864411625662,1.5265692800964776,0.5071660932633962,-0.1628446860903139,-0.0474170400600025,True,False,False
0.5302380963112234,0,0.1298005860795663,-1.4211572507968222,-0.614680689361256,-1.6831820873573928,-0.8841088231156097,1,-0.15362546712844063,1.5265692800964776,0.15374024429935695,-0.1628446860903139,-0.09133442904139495,True,False,False
0.5302380963112234,0,-1.5953970770032808,1.075243889138229,0.36248013399880336,-0.2608479805957401,1.3497910214913722,0,-1.5319474151966916,0.47698001188652356,0.8605919422274356,-0.1628446860903139,-1.4837536796251283,False,True,False
0.5302380963112234,0,0.8691710131150722,-1.6985351552340504,-1.03346389937271,-0.9720150339765661,0.3187603239804574,0,-1.5319474151966916,1.5265692800964776,1.214017791191475,-0.1628446860903139,-0.5117180003232281,True,False,False
-0.9540987207341913,1,0.9184623749174395,-0.5196790613758315,-1.1730583027098613,-1.613799935808044,1.3497910214913722,0,1.5692769679568732,-0.5726092563234305,-1.2599631515568004,-0.1628446860903139,-1.7673645970762102,True,False,False
1.5197959743415,1,-1.4475229915961794,1.4913107457940706,0.9208577473474087,1.4216691944759718,-1.055947272700762,1,1.5692769679568732,-0.5726092563234305,-1.6133890005208396,-0.1628446860903139,-0.9706380750481511,True,False,False
-0.9540987207341913,0,1.3620846311387427,0.8672104608103081,-0.47508628602410485,0.7451932168698195,-1.2277857222859145,2,0.19095501988862215,-1.6221985245333848,0.8605919422274356,-0.1628446860903139,1.5706506006235579,True,False,False
-0.4593197817190531,1,-0.2645303083393701,1.6299996980126852,-0.614680689361256,1.0400673609545523,1.5216294710765244,2,1.5692769679568732,0.12711692248320555,1.5674436401555143,-0.1628446860903139,-0.16228856279046466,False,False,False
-0.9540987207341913,1,0.32696603328903473,-1.6291906791247437,0.5020745373359549,0.13809939081301623,-1.3996241718710671,2,1.2246964809398104,-0.9224723457267486,0.8605919422274356,-0.1628446860903139,-0.2006923053750172,False,False,False
-0.9540987207341913,0,-0.018073499327534787,-1.1437793463595947,-1.1730583027098613,-1.3362713296106479,-0.3685934743601522,1,-1.5319474151966916,-0.5726092563234305,1.5674436401555143,-0.1628446860903139,0.015801561188404804,False,True,False
1.0250170353263617,1,1.1156278221269076,1.4913107457940706,-0.8938694960355587,-1.0934337991879273,1.0061141223210675,0,-1.5319474151966916,1.5265692800964776,1.5674436401555143,-0.1628446860903139,0.7480854176591311,False,True,False
-1.4488776597493296,0,-0.5109871173512054,-0.9357459180316738,-0.8938694960355587,-1.2495436401739621,1.3497910214913722,2,-1.1873669281796289,-0.2227461669201125,0.15374024429935695,-0.1628446860903139,0.5460746421700224,True,False,False
0.035459157296085175,1,-1.1024834589796102,-0.10361220471998989,1.758424167370317,0.4329735348977498,1.5216294710765244,2,-0.4982059541455034,-0.5726092563234305,1.214017791191475,-0.1628446860903139,10.640478715408593,False,True,False
-0.9540987207341913,1,-1.6446884388056477,1.421966269684764,0.08329132732450074,1.1441405882785758,1.3497910214913722,0,-0.15362546712844063,1.5265692800964776,1.5674436401555143,-0.1628446860903139,-1.1566297132844503,True,False,False
-1.4488776597493296,1,0.8198796513127053,0.45114360415446586,0.6416689406731063,0.7625387547571572,-1.3996241718710671,2,-0.15362546712844063,-1.2723354351300666,-1.2599631515568004,-0.1628446860903139,1.8173363065831893,False,False,False
1.0250170353263617,1,-0.018073499327534787,-1.6291906791247437,0.2228857306616519,0.7451932168698195,-1.5714626214562195,2,0.19095501988862215,0.47698001188652356,0.8605919422274356,-0.1628446860903139,0.011093544518217157,False,True,False
1.0250170353263617,1,-0.8067352881654077,-1.3518127746875155,1.0604521506845601,0.29420923179905184,0.49059877356561,1,-0.8427864411625662,0.47698001188652356,0.8605919422274356,-0.1628446860903139,0.5967803406443561,True,False,False
-1.4488776597493296,0,0.6227142041032369,1.421966269684764,0.7812633440102572,0.5370467622217725,1.5216294710765244,0,-1.5319474151966916,-1.6221985245333848,-0.19968560466468235,-0.1628446860903139,0.43792473659820813,False,True,False
1.0250170353263617,1,1.1156278221269076,0.0350767474986242,1.339640957358863,-0.03535598806035549,1.5216294710765244,1,-0.4982059541455034,-0.5726092563234305,-0.19968560466468235,-0.1628446860903139,31.805338341893453,True,False,False
-0.4593197817190531,0,1.41137599294111,1.4913107457940706,-1.1730583027098613,-1.1975070265119507,-1.7433010710413719,1,-1.5319474151966916,-0.2227461669201125,-0.906537302592761,-0.1628446860903139,0.9463996668176637,True,False,False
1.0250170353263617,1,-0.018073499327534787,-1.0050903941409806,1.0604521506845601,-0.5904132004551474,-0.5404319239453048,2,0.8801159939227476,1.1767061906931597,-1.6133890005208396,-0.1628446860903139,0.017981964043126335,False,True,False
0.035459157296085175,1,0.9184623749174395,-0.7970569658130597,0.9208577473474087,-1.665836549470056,1.1779525719062196,2,0.535535506905685,-0.2227461669201125,1.5674436401555143,-0.1628446860903139,-1.1523171044374938,False,True,False
-1.4488776597493296,1,1.3620846311387427,-1.5598462030154363,-0.614680689361256,-1.4403445569346713,-0.024916575189847412,0,-0.4982059541455034,-0.2227461669201125,-1.2599631515568004,-0.1628446860903139,-0.8732172623849785,False,False,False
0.5302380963112234,0,1.2635019075340086,-0.5890235374851389,-1.5918415127213155,0.13809939081301623,-0.024916575189847412,2,-1.5319474151966916,-0.9224723457267486,0.5071660932633962,-0.1628446860903139,-2.145078807764769,True,False,False
1.0250170353263617,1,-1.4475229915961794,-0.9357459180316738,1.339640957358863,1.0053762851798778,-0.3685934743601522,0,-0.8427864411625662,1.1767061906931597,0.5071660932633962,-0.1628446860903139,1.5469188416456257,False,True,False
-0.4593197817190531,0,-1.4968143533985465,-1.2131238224689014,-1.03346389937271,1.4390147323633087,-0.7122703735304572,2,0.19095501988862215,-1.6221985245333848,-0.5531114536287216,-0.1628446860903139,1.233851257122533,True,False,False
-1.4488776597493296,1,-0.11665622293226899,-0.4503345852665248,-1.4522471093841642,0.27686369391171417,-1.5714626214562195,2,0.535535506905685,-1.2723354351300666,-1.6133890005208396,-0.1628446860903139,0.2590434462483655,False,False,False
0.5302380963112234,1,-1.003900735374876,0.1737656997172383,0.36248013399880336,-0.7465230414411823,1.1779525719062196,0,-0.15362546712844063,0.47698001188652356,-0.19968560466468235,-0.1628446860903139,-5.7773239310662685,False,False,False
1.5197959743415,0,1.6578328019529454,-0.9357459180316738,-0.056303076012650735,-0.33023013214508906,-0.3685934743601522,1,0.19095501988862215,-1.6221985245333848,0.8605919422274356,-0.1628446860903139,-1.7716698197734801,False,True,False
0.5302380963112234,1,-0.9053180117701417,1.075243889138229,1.2000465540217116,0.9359941336305289,1.5216294710765244,0,-1.5319474151966916,0.8268431012898416,0.5071660932633962,-0.1628446860903139,-0.8419652703125083,True,False,False
-1.4488776597493296,1,-0.7081525645606735,1.2139328413568424,-0.33549188268695335,-0.9373239582018916,-1.2277857222859145,1,-0.15362546712844063,0.8268431012898416,0.15374024429935695,-0.1628446860903139,-0.5833539883220838,False,True,False
0.5302380963112234,1,0.6227142041032369,0.7978659847010008,-1.4522471093841642,-0.27819351848307694,-0.024916575189847412,2,0.535535506905685,0.12711692248320555,0.8605919422274356,-0.1628446860903139,0.7804746862803008,False,False,False
-0.9540987207341913,0,-0.3138216701417372,0.3817991280451591,1.479235360696014,-0.33023013214508906,-1.5714626214562195,1,0.8801159939227476,-1.2723354351300666,0.8605919422274356,-0.1628446860903139,-0.8219549157917889,False,False,False
-0.4593197817190531,1,1.460667354743477,0.3817991280451591,-1.1730583027098613,0.849266444193843,0.14692187439530519,0,-1.1873669281796289,-1.2723354351300666,0.15374024429935695,-0.1628446860903139,3.8257482729785326,False,False,False
-0.9540987207341913,1,0.32696603328903473,0.1737656997172383,0.36248013399880336,0.849266444193843,-0.024916575189847412,2,-1.1873669281796289,-1.6221985245333848,-0.19968560466468235,-0.1628446860903139,1.8816488744389313,False,False,False
0.035459157296085175,0,-0.7081525645606735,-1.0050903941409806,-0.8938694960355587,-0.4516488973564494,1.0061141223210675,1,-1.1873669281796289,0.8268431012898416,-1.6133890005208396,-0.1628446860903139,0.7045660456897606,False,True,False
0.035459157296085175,0,-1.2503575443867112,1.5606552219033774,-0.7542750926984075,0.01668062560165587,-1.7433010710413719,1,0.8801159939227476,0.8268431012898416,-0.5531114536287216,-0.1628446860903139,-0.801174741761203,True,False,False
-0.9540987207341913,1,-0.9053180117701417,1.3526217935754572,-0.614680689361256,-1.7005276252447306,-0.7122703735304572,1,0.19095501988862215,-0.9224723457267486,0.8605919422274356,-0.1628446860903139,-0.669306095813425,True,False,False
-0.9540987207341913,1,-1.4968143533985465,-1.4905017269061296,0.5020745373359549,1.5777790354620067,0.8342756727359149,1,1.5692769679568732,-1.2723354351300666,-0.5531114536287216,-0.1628446860903139,1.0042352359467037,False,False,False
0.5302380963112234,0,1.1649191839292747,1.2139328413568424,-1.3126527060470128,-1.0934337991879273,-1.7433010710413719,2,1.5692769679568732,1.5265692800964776,0.5071660932633962,-0.1628446860903139,0.9596240782374881,True,False,False
-1.4488776597493296,1,-1.6939798006080147,0.45114360415446586,0.08329132732450074,-0.7638685793285199,-0.3685934743601522,0,-0.15362546712844063,-0.2227461669201125,1.5674436401555143,-0.1628446860903139,-3.7548571785316,False,True,False
-1.4488776597493296,1,-0.5602784791535724,-1.4211572507968222,-1.5918415127213155,0.7278476789824826,-1.3996241718710671,1,0.8801159939227476,0.12711692248320555,-0.906537302592761,-0.1628446860903139,0.3942410164951362,False,True,False
-0.4593197817190531,1,1.0663364603245407,-1.3518127746875155,0.5020745373359549,1.2482138156025993,0.49059877356561,0,-0.8427864411625662,-0.9224723457267486,-0.906537302592761,-0.1628446860903139,-0.7888196355971222,False,False,False
1.0250170353263617,1,-1.6939798006080147,0.5204880802637732,-1.03346389937271,0.2421726181370397,-0.7122703735304572,2,-1.1873669281796289,-1.6221985245333848,-0.5531114536287216,-0.1628446860903139,-3.254598644698143,False,False,False
1.0250170353263617,0,1.41137599294111,0.7285215085916941,0.7812633440102572,-1.041397185525915,-0.19675502477499981,0,-0.4982059541455034,-1.6221985245333848,-0.5531114536287216,-0.1628446860903139,1.937315475653482,True,False,False
1.5197959743415,0,0.1298005860795663,-0.3116456330479107,-0.33549188268695335,-0.6597953520044965,0.3187603239804574,0,-1.1873669281796289,-1.2723354351300666,0.15374024429935695,-0.1628446860903139,-0.41650057730669837,False,True,False
-0.9540987207341913,1,-1.6446884388056477,-0.8664014419223665,0.6416689406731063,-1.38830794327266,1.5216294710765244,2,1.2246964809398104,1.1767061906931597,-0.5531114536287216,-0.1628446860903139,1.898298362888712,False,False,False
-1.4488776597493296,1,1.41137599294111,-0.5890235374851389,-0.47508628602410485,-0.07004706383502998,1.1779525719062196,0,0.8801159939227476,-0.2227461669201125,-0.19968560466468235,-0.1628446860903139,-2.3961283431338583,True,False,False
0.035459157296085175,0,-0.9546093735725089,1.4913107457940706,-0.614680689361256,1.126795050391239,1.0061141223210675,0,-0.15362546712844063,-0.9224723457267486,-1.6133890005208396,-0.1628446860903139,-0.6401143264505968,False,False,False
0.5302380963112234,0,0.2283833096843005,1.7686886502312988,1.0604521506845601,0.710502141095145,-0.19675502477499981,0,0.8801159939227476,1.5265692800964776,-0.19968560466468235,-0.1628446860903139,0.12912578460569296,False,False,False
1.0250170353263617,1,1.460667354743477,0.6591770324823872,0.08329132732450074,0.8319209063065062,-1.7433010710413719,1,1.2246964809398104,-0.5726092563234305,-1.2599631515568004,-0.1628446860903139,2.215895401031748,True,False,False
0.5302380963112234,0,0.4255487568937689,-0.5196790613758315,1.0604521506845601,0.2421726181370397,1.5216294710765244,2,-0.15362546712844063,1.5265692800964776,-0.906537302592761,-0.1628446860903139,-0.8188683911319112,False,False,False
0.5302380963112234,0,0.5241314804985027,-0.7970569658130597,-0.056303076012650735,-0.38226674580710046,-0.19675502477499981,2,0.8801159939227476,-0.5726092563234305,0.8605919422274356,-0.1628446860903139,-0.6575834638918788,True,False,False
1.0250170353263617,1,0.8198796513127053,-1.6291906791247437,1.479235360696014,0.7278476789824826,0.14692187439530519,2,0.535535506905685,0.8268431012898416,-1.6133890005208396,6.140820581921837,-0.5032435195082091,True,False,False
0.5302380963112234,0,0.08050922427719942,-1.2131238224689014,0.9208577473474087,1.6471611870113556,-1.7433010710413719,2,1.5692769679568732,-0.2227461669201125,0.8605919422274356,-0.1628446860903139,-0.06636521580571243,True,False,False
1.0250170353263617,0,-0.2645303083393701,-1.2824682985782088,0.6416689406731063,1.2308682777152624,-0.7122703735304572,2,-0.4982059541455034,-1.6221985245333848,-0.5531114536287216,-0.1628446860903139,0.2062665475884574,True,False,False
1.0250170353263617,1,0.8198796513127053,1.4913107457940706,-0.33549188268695335,0.3982824591230753,1.0061141223210675,1,-0.4982059541455034,-0.2227461669201125,0.5071660932633962,-0.1628446860903139,0.5497711685005986,False,True,False
0.5302380963112234,0,0.5241314804985027,0.24311017582654504,0.36248013399880336,-1.3362713296106479,-0.024916575189847412,2,0.19095501988862215,1.1767061906931597,0.8605919422274356,-0.1628446860903139,2.1559421719659384,False,True,False
-1.4488776597493296,0,-0.2645303083393701,-1.4211572507968222,1.0604521506845601,1.05741289884189,0.6624372231507623,2,0.535535506905685,-1.2723354351300666,1.5674436401555143,-0.1628446860903139,0.18613725412233711,True,False,False
-0.4593197817190531,0,-1.3489402679914455,-0.03426772861068253,0.9208577473474087,-1.4403445569346713,1.5216294710765244,2,-0.8427864411625662,0.12711692248320555,1.214017791191475,-0.1628446860903139,39.36474119183174,True,False,False
-1.4488776597493296,1,-0.7081525645606735,-0.7277124897037524,0.2228857306616519,1.1614861261659135,-1.055947272700762,1,0.535535506905685,-0.5726092563234305,-1.2599631515568004,-0.1628446860903139,0.9731213557279448,False,True,False
-1.4488776597493296,0,-0.5109871173512054,-0.8664014419223665,1.0604521506845601,-0.7291775035538454,0.14692187439530519,0,-1.5319474151966916,0.12711692248320555,-0.906537302592761,-0.1628446860903139,0.5897810098485411,False,True,False
1.0250170353263617,1,1.41137599294111,-0.03426772861068253,0.6416689406731063,0.9013030578558543,-0.024916575189847412,0,-0.4982059541455034,-0.2227461669201125,-0.5531114536287216,-0.1628446860903139,-41.1867389571053,False,True,False
0.035459157296085175,1,1.7071241637553123,-0.6583680135944456,-0.47508628602410485,-0.07004706383502998,-1.2277857222859145,2,-1.1873669281796289,-0.2227461669201125,-1.2599631515568004,-0.1628446860903139,-2.5929634011759566,True,False,False
-1.4488776597493296,1,0.2776746714866674,-1.6291906791247437,-0.1958974793498019,0.5717378379964471,-0.3685934743601522,2,-1.5319474151966916,-0.9224723457267486,0.8605919422274356,-0.1628446860903139,-0.17043718396169785,False,False,False
1.0250170353263617,0,-1.053192097177243,-0.10361220471998989,-0.614680689361256,0.10340831503834172,1.1779525719062196,1,-1.1873669281796289,1.1767061906931597,-0.19968560466468235,-0.1628446860903139,10.164749413676464,True,False,False
-1.4488776597493296,1,-1.4475229915961794,-1.5598462030154363,-0.33549188268695335,1.265559353489937,1.1779525719062196,2,1.5692769679568732,-1.6221985245333848,1.5674436401555143,-0.1628446860903139,0.9279908421726976,True,False,False
1.0250170353263617,1,0.6227142041032369,0.1737656997172383,0.2228857306616519,0.01668062560165587,1.5216294710765244,1,-0.15362546712844063,0.8268431012898416,-1.2599631515568004,-0.1628446860903139,3.583642831217863,True,False,False
-0.4593197817190531,1,-0.9053180117701417,0.10442122360793094,0.2228857306616519,-0.4169578215817749,1.5216294710765244,2,-0.8427864411625662,0.12711692248320555,0.15374024429935695,-0.1628446860903139,-8.669865957224633,False,True,False
-1.4488776597493296,0,-0.2645303083393701,-1.3518127746875155,-1.03346389937271,1.1441405882785758,1.3497910214913722,1,-0.15362546712844063,0.12711692248320555,-0.19968560466468235,-0.1628446860903139,0.19568561067971768,False,False,False
1.0250170353263617,1,-0.6588612027583065,1.6299996980126852,-0.7542750926984075,1.2482138156025993,0.14692187439530519,2,0.535535506905685,0.12711692248320555,1.5674436401555143,-0.1628446860903139,-0.404209401732772,False,False,False
-1.4488776597493296,1,-1.4475229915961794,-1.4905017269061296,-1.5918415127213155,1.5951245733493442,1.693467920661677,2,-0.15362546712844063,1.5265692800964776,0.5071660932633962,-0.1628446860903139,0.9711649208222239,False,True,False
-0.9540987207341913,1,-1.1024834589796102,1.075243889138229,1.0604521506845601,0.15544492870035384,1.1779525719062196,2,-0.15362546712844063,0.12711692248320555,0.5071660932633962,-0.1628446860903139,-1.0253333872589714,False,True,False
0.5302380963112234,1,1.5592500783482113,1.421966269684764,-0.7542750926984075,0.9880307472925409,-1.7433010710413719,2,0.535535506905685,1.5265692800964776,0.5071660932633962,-0.1628446860903139,1.096545052854089,False,True,False
0.035459157296085175,1,0.1298005860795663,0.45114360415446586,-1.5918415127213155,0.641119989545796,-0.5404319239453048,0,0.535535506905685,0.12711692248320555,1.214017791191475,-0.1628446860903139,0.28771456557128583,False,False,False
0.5302380963112234,0,0.32696603328903473,-0.3116456330479107,-1.5918415127213155,0.13809939081301623,-0.7122703735304572,2,0.19095501988862215,-1.2723354351300666,1.214017791191475,-0.1628446860903139,-1.049159682076369,False,False,False
-1.4488776597493296,1,0.57342284230087,0.10442122360793094,0.9208577473474087,1.7338888764480422,1.1779525719062196,0,-1.5319474151966916,-0.9224723457267486,-1.6133890005208396,-0.1628446860903139,5.491439599040647,False,False,False
-0.4593197817190531,1,0.031217862474832096,-0.8664014419223665,-0.47508628602410485,-0.018010450173018628,1.5216294710765244,1,-1.5319474151966916,-0.5726092563234305,-0.19968560466468235,-0.1628446860903139,-0.036031637257627466,False,True,False
-1.4488776597493296,1,-0.11665622293226899,0.7285215085916941,1.339640957358863,-1.2148525643992876,-0.3685934743601522,0,-1.5319474151966916,1.5265692800964776,-1.6133890005208396,-0.1628446860903139,-0.16012735596204605,False,True,False
0.5302380963112234,0,-0.2152389465370032,1.4913107457940706,1.758424167370317,-0.38226674580710046,-1.5714626214562195,2,-0.8427864411625662,0.12711692248320555,-1.6133890005208396,-0.1628446860903139,-0.14432870355426564,True,False,False
-0.4593197817190531,1,0.9677537367198064,1.1445883652475357,0.36248013399880336,1.5604334975746696,0.49059877356561,0,0.8801159939227476,-1.2723354351300666,-1.2599631515568004,-0.1628446860903139,0.8455037340087884,False,False,False
1.5197959743415,0,1.608541440150578,1.6299996980126852,0.5020745373359549,1.3175959671519484,0.49059877356561,0,1.5692769679568732,1.1767061906931597,0.15374024429935695,-0.1628446860903139,0.9868354221854952,False,False,False
0.5302380963112234,1,0.9677537367198064,-1.6291906791247437,1.339640957358863,1.1614861261659135,0.14692187439530519,2,0.19095501988862215,1.5265692800964776,1.5674436401555143,-0.1628446860903139,-0.5940088837481665,True,False,False
0.5302380963112234,0,-0.6588612027583065,-1.5598462030154363,-1.5918415127213155,-1.3536168674979856,0.6624372231507623,2,0.19095501988862215,0.12711692248320555,-0.906537302592761,-0.1628446860903139,0.4223885672091394,False,True,False
-1.4488776597493296,1,-1.053192097177243,-1.6291906791247437,-1.3126527060470128,-0.34757567003242595,0.14692187439530519,2,0.8801159939227476,0.12711692248320555,-0.906537302592761,-0.1628446860903139,0.64645109419792,False,True,False
-0.4593197817190531,0,-0.2645303083393701,1.1445883652475357,0.5020745373359549,-1.7005276252447306,-1.055947272700762,2,-0.4982059541455034,0.8268431012898416,0.8605919422274356,-0.1628446860903139,-0.23111392389713933,True,False,False
0.5302380963112234,0,0.721296927707971,1.6299996980126852,-0.614680689361256,1.751234414335379,-0.19675502477499981,2,0.8801159939227476,1.5265692800964776,0.5071660932633962,-0.1628446860903139,0.44251353456530373,False,False,False
1.0250170353263617,1,-1.6446884388056477,1.075243889138229,-0.056303076012650735,0.22482708024970283,-1.5714626214562195,1,0.19095501988862215,-0.5726092563234305,-1.2599631515568004,-0.1628446860903139,-1.529595708861744,False,True,False
0.035459157296085175,1,0.57342284230087,-0.4503345852665248,1.479235360696014,-1.4229990190473345,-0.8841088231156097,2,-0.8427864411625662,1.1767061906931597,-1.2599631515568004,-0.1628446860903139,-1.2733262357842159,False,False,False
1.5197959743415,1,0.9677537367198064,1.1445883652475357,0.7812633440102572,-1.3536168674979856,-1.055947272700762,0,0.8801159939227476,0.8268431012898416,0.15374024429935695,-0.1628446860903139,0.8455037340087884,False,False,False
0.035459157296085175,1,1.0170450985221733,-0.5890235374851389,-1.3126527060470128,0.849266444193843,1.1779525719062196,2,-0.4982059541455034,-0.9224723457267486,-0.5531114536287216,-0.1628446860903139,-1.7266629154829545,True,False,False
-1.4488776597493296,1,0.721296927707971,0.5204880802637732,-0.33549188268695335,-1.0934337991879273,-1.3996241718710671,1,-1.5319474151966916,-0.9224723457267486,-0.5531114536287216,-0.1628446860903139,1.3858087342604115,False,True,False
1.0250170353263617,0,-1.6939798006080147,1.075243889138229,1.339640957358863,-1.6484910115827183,-1.5714626214562195,1,0.535535506905685,1.5265692800964776,-1.2599631515568004,-0.1628446860903139,-1.5754377380983595,False,False,False
-1.4488776597493296,0,-0.36311303194410427,1.0058994130289223,-0.614680689361256,1.6991978006733677,-1.3996241718710671,2,0.535535506905685,1.5265692800964776,1.214017791191475,-0.1628446860903139,-0.3609834415259409,True,False,False
-1.4488776597493296,0,0.08050922427719942,0.24311017582654504,-0.056303076012650735,0.48501014855976116,0.6624372231507623,1,-0.4982059541455034,-1.2723354351300666,-0.5531114536287216,-0.1628446860903139,0.3311635311170248,False,False,False
-0.4593197817190531,1,1.41137599294111,-0.10361220471998989,-0.614680689361256,0.8319209063065062,0.3187603239804574,2,-1.5319474151966916,-0.9224723457267486,1.214017791191475,-0.1628446860903139,-13.621715672929923,False,True,False
0.5302380963112234,1,-0.3138216701417372,0.45114360415446586,0.9208577473474087,1.4390147323633087,-0.3685934743601522,0,-0.8427864411625662,0.12711692248320555,1.5674436401555143,-0.1628446860903139,-0.6956136965077945,True,False,False
1.0250170353263617,1,-0.7081525645606735,-0.5196790613758315,1.6188297640331655,0.19013600447502835,-0.7122703735304572,2,1.2246964809398104,-0.5726092563234305,-1.2599631515568004,-0.1628446860903139,1.362672882539976,True,False,False
0.035459157296085175,0,-0.9546093735725089,1.6299996980126852,-0.056303076012650735,-1.041397185525915,-0.024916575189847412,2,-0.15362546712844063,-1.2723354351300666,0.15374024429935695,-0.1628446860903139,-0.5856500309395025,False,True,False
-1.4488776597493296,1,0.2283833096843005,0.31245465193585237,-1.5918415127213155,0.06871723926366723,-0.3685934743601522,1,1.2246964809398104,-0.9224723457267486,0.8605919422274356,-0.1628446860903139,0.7309326594093665,False,True,False
1.0250170353263617,1,-0.018073499327534787,1.1445883652475357,-0.1958974793498019,1.265559353489937,0.3187603239804574,1,-1.5319474151966916,-1.2723354351300666,-1.6133890005208396,-0.1628446860903139,-0.01579039231595378,True,False,False
0.5302380963112234,1,-1.201066182584344,-1.2131238224689014,0.36248013399880336,-0.0006649122856809947,1.5216294710765244,1,-0.15362546712844063,-1.6221985245333848,0.8605919422274356,-0.1628446860903139,0.990060668448487,False,True,False
-0.9540987207341913,0,0.9184623749174395,-0.3116456330479107,-0.8938694960355587,1.4216691944759718,-0.19675502477499981,2,0.8801159939227476,-1.2723354351300666,-0.906537302592761,-0.1628446860903139,-2.947136996385379,True,False,False
-0.4593197817190531,0,-1.1024834589796102,0.0350767474986242,1.2000465540217116,0.32890030757372635,-1.5714626214562195,1,-1.5319474151966916,0.8268431012898416,-0.5531114536287216,-0.1628446860903139,-31.430606815037578,False,True,False
-1.4488776597493296,0,-0.06736486112990167,1.6299996980126852,-0.614680689361256,-0.5210310489057984,-1.055947272700762,1,-0.8427864411625662,-1.6221985245333848,0.5071660932633962,-0.1628446860903139,-0.04132814331931086,False,True,False
1.5197959743415,1,-1.1024834589796102,0.31245465193585237,0.7812633440102572,-1.4229990190473345,1.0061141223210675,2,-0.8427864411625662,0.12711692248320555,1.5674436401555143,-0.1628446860903139,-3.528459096861046,True,False,False
-1.4488776597493296,1,-0.11665622293226899,-1.4211572507968222,-1.4522471093841642,0.3462458454610632,-1.2277857222859145,1,0.19095501988862215,-1.2723354351300666,0.15374024429935695,-0.1628446860903139,0.08208537293593762,True,False,False
1.0250170353263617,0,-0.3138216701417372,-0.8664014419223665,0.08329132732450074,-1.0067061097512406,-0.7122703735304572,0,1.2246964809398104,-0.2227461669201125,-0.19968560466468235,-0.1628446860903139,0.362212774537207,False,True,False
1.0250170353263617,1,-0.8067352881654077,0.7285215085916941,-1.1730583027098613,-0.6424498141171587,1.693467920661677,0,-0.8427864411625662,-1.6221985245333848,1.214017791191475,-0.1628446860903139,-1.1073596024980907,False,True,False
-0.9540987207341913,1,-1.201066182584344,1.421966269684764,-0.8938694960355587,0.06871723926366723,1.0061141223210675,2,-0.15362546712844063,0.12711692248320555,0.5071660932633962,-0.1628446860903139,-0.8446516687421909,True,False,False
-0.9540987207341913,1,-1.201066182584344,-1.0050903941409806,-0.47508628602410485,-0.052701525947693124,0.14692187439530519,1,0.535535506905685,-1.6221985245333848,1.214017791191475,-0.1628446860903139,1.1949832468659278,False,True,False
0.035459157296085175,1,-0.36311303194410427,-0.5196790613758315,-0.614680689361256,1.473705808137983,1.0061141223210675,2,-0.8427864411625662,-0.5726092563234305,1.5674436401555143,-0.1628446860903139,0.6987255383789673,False,True,False
-0.4593197817190531,0,-1.6939798006080147,1.2139328413568424,-1.4522471093841642,-0.08739260172236762,-0.5404319239453048,0,1.5692769679568732,0.47698001188652356,1.214017791191475,-0.1628446860903139,-1.3954477075639637,False,True,False
-0.9540987207341913,1,-1.003900735374876,-0.7970569658130597,0.9208577473474087,1.5257424217999953,0.49059877356561,0,1.5692769679568732,1.1767061906931597,0.15374024429935695,-0.1628446860903139,1.259509393222377,False,False,False
1.5197959743415,0,-0.2152389465370032,-0.03426772861068253,-1.1730583027098613,-0.9026328824272171,0.3187603239804574,0,0.535535506905685,-0.9224723457267486,-0.5531114536287216,-0.1628446860903139,6.281097559232601,True,False,False
0.035459157296085175,1,-0.7574439263630407,1.4913107457940706,-0.33549188268695335,-0.2608479805957401,-1.2277857222859145,0,0.19095501988862215,-0.5726092563234305,-0.906537302592761,-0.1628446860903139,-0.5079048270115752,True,False,False
-1.4488776597493296,0,-0.3138216701417372,-1.0050903941409806,-1.4522471093841642,-0.018010450173018628,-1.2277857222859145,2,1.5692769679568732,0.8268431012898416,-0.906537302592761,-0.1628446860903139,0.31223228474882675,True,False,False
-1.4488776597493296,1,1.2142105457316417,1.699344174121992,-1.5918415127213155,-0.5036855110184608,1.3497910214913722,2,-0.15362546712844063,-0.5726092563234305,-1.6133890005208396,-0.1628446860903139,0.7145171438616862,False,True,False
0.035459157296085175,1,-0.4616957555488383,1.699344174121992,0.2228857306616519,-1.527072246371358,1.1779525719062196,1,1.2246964809398104,-0.2227461669201125,-1.2599631515568004,-0.1628446860903139,-0.27169055131953174,False,False,False
-0.4593197817190531,1,1.509958716545844,0.7978659847010008,1.339640957358863,-1.0934337991879273,0.3187603239804574,2,-0.15362546712844063,1.5265692800964776,-0.906537302592761,-0.1628446860903139,1.892496666732445,True,False,False
1.5197959743415,1,-1.5953970770032808,-1.3518127746875155,-1.4522471093841642,-0.8332507308778688,-0.3685934743601522,1,1.5692769679568732,1.1767061906931597,0.5071660932633962,-0.1628446860903139,1.1801908569565576,True,False,False
0.5302380963112234,0,-1.201066182584344,0.9365549369196149,0.5020745373359549,0.5197012243344357,0.8342756727359149,1,0.8801159939227476,-1.6221985245333848,0.5071660932633962,-0.1628446860903139,-1.2824300371900472,False,False,False
-0.4593197817190531,0,-0.9053180117701417,1.6299996980126852,0.2228857306616519,-1.475035632709346,-1.055947272700762,0,0.8801159939227476,1.5265692800964776,-0.906537302592761,-0.1628446860903139,-0.555409926071714,False,False,False
-1.4488776597493296,1,1.460667354743477,1.075243889138229,0.36248013399880336,0.45031907278508665,-0.5404319239453048,2,1.2246964809398104,1.5265692800964776,-1.2599631515568004,-0.1628446860903139,1.358452133045045,False,False,False
0.035459157296085175,0,0.770588289510338,1.6299996980126852,-0.056303076012650735,0.9706852094052033,0.49059877356561,2,0.19095501988862215,1.5265692800964776,1.214017791191475,-0.1628446860903139,0.4727536394330921,False,False,False
1.5197959743415,1,-1.053192097177243,0.6591770324823872,-0.7542750926984075,-0.8505962687652058,1.3497910214913722,0,-1.1873669281796289,-0.2227461669201125,-1.2599631515568004,-0.1628446860903139,-1.5977378538372902,False,False,False
1.5197959743415,1,-1.2503575443867112,-0.7970569658130597,-0.056303076012650735,-0.13942921538437897,-0.3685934743601522,1,1.2246964809398104,-0.2227461669201125,1.214017791191475,-0.1628446860903139,1.5687179185633864,False,True,False
-0.4593197817190531,0,1.608541440150578,-0.7970569658130597,-1.731435916058467,-1.1628159507372762,-0.3685934743601522,1,0.8801159939227476,1.1767061906931597,-0.906537302592761,6.140820581921837,-2.018100975392319,False,True,False
0.035459157296085175,0,1.1156278221269076,0.5204880802637732,1.0604521506845601,1.0747584367292269,-0.8841088231156097,2,1.5692769679568732,-1.6221985245333848,1.214017791191475,-0.1628446860903139,2.143426265518951,False,True,False
0.5302380963112234,1,1.7071241637553123,-1.2824682985782088,1.2000465540217116,0.12075385292567935,-1.5714626214562195,0,1.2246964809398104,-1.2723354351300666,0.15374024429935695,-0.1628446860903139,-1.3311238692199194,True,False,False
-1.4488776597493296,0,1.3620846311387427,1.699344174121992,1.339640957358863,1.1961772019405879,1.5216294710765244,1,0.19095501988862215,0.12711692248320555,1.5674436401555143,-0.1628446860903139,0.8015354699070877,False,False,False
-0.4593197817190531,0,-1.4968143533985465,1.5606552219033774,-0.7542750926984075,-0.8159051929905312,-1.5714626214562195,1,1.2246964809398104,0.47698001188652356,-1.2599631515568004,-0.1628446860903139,-0.9590935476274058,False,False,False
-0.4593197817190531,0,-0.5602784791535724,-1.0050903941409806,0.08329132732450074,0.3635913833484008,0.8342756727359149,2,-0.4982059541455034,-0.2227461669201125,-1.6133890005208396,-0.1628446860903139,0.5574408853369104,True,False,False
-0.4593197817190531,1,1.3620846311387427,-1.1437793463595947,1.2000465540217116,1.4216691944759718,0.8342756727359149,1,-0.4982059541455034,0.47698001188652356,-0.5531114536287216,-0.1628446860903139,-1.190863111380676,False,False,False
-1.4488776597493296,0,-1.2996489061890784,1.421966269684764,-1.3126527060470128,0.5890833758837847,0.49059877356561,2,-0.15362546712844063,-1.6221985245333848,-0.906537302592761,-0.1628446860903139,-0.9139801230849153,False,True,False
0.5302380963112234,0,-0.3138216701417372,1.2139328413568424,-0.614680689361256,0.3809369212357377,1.3497910214913722,2,-0.8427864411625662,0.47698001188652356,0.5071660932633962,-0.1628446860903139,-0.258516500625332,True,False,False
1.0250170353263617,1,-1.5953970770032808,-0.4503345852665248,-0.614680689361256,0.6237744516584591,1.5216294710765244,2,1.2246964809398104,-0.5726092563234305,1.214017791191475,-0.1628446860903139,3.5426927648896105,True,False,False
1.5197959743415,1,0.08050922427719942,1.2139328413568424,0.08329132732450074,-1.2668891780612996,-0.024916575189847412,1,0.535535506905685,-0.5726092563234305,0.5071660932633962,-0.1628446860903139,0.0663209870714201,False,True,False
-0.4593197817190531,1,-1.2996489061890784,-0.4503345852665248,0.7812633440102572,-0.9026328824272171,-1.2277857222859145,0,1.5692769679568732,1.1767061906931597,-0.5531114536287216,-0.1628446860903139,2.8859629011613612,False,True,False
1.0250170353263617,0,1.2142105457316417,-0.10361220471998989,-0.1958974793498019,-0.7638685793285199,-0.8841088231156097,2,1.5692769679568732,-1.6221985245333848,0.8605919422274356,-0.1628446860903139,-11.718798466001411,False,False,False
-0.4593197817190531,1,0.8198796513127053,-0.10361220471998989,-0.056303076012650735,-1.2668891780612996,0.14692187439530519,0,1.2246964809398104,0.12711692248320555,-1.2599631515568004,-0.1628446860903139,-7.912964052144391,False,True,False
-0.9540987207341913,1,-0.6588612027583065,1.075243889138229,-0.614680689361256,-0.8505962687652058,0.14692187439530519,0,-1.1873669281796289,0.47698001188652356,-0.19968560466468235,-0.1628446860903139,-0.6127551241294299,False,True,False
1.0250170353263617,0,-0.018073499327534787,1.0058994130289223,-0.47508628602410485,-1.0587427234132527,-1.5714626214562195,0,0.535535506905685,1.1767061906931597,-1.6133890005208396,-0.1628446860903139,-0.017967501614413534,False,False,False
-0.9540987207341913,0,-1.6939798006080147,-0.24230115693860396,1.0604521506845601,-0.33023013214508906,1.3497910214913722,0,-0.4982059541455034,1.5265692800964776,-0.906537302592761,-0.1628446860903139,6.991216311184381,False,False,False
-1.4488776597493296,1,0.6720055659056042,1.075243889138229,1.479235360696014,0.3809369212357377,1.0061141223210675,2,-1.1873669281796289,0.8268431012898416,0.8605919422274356,-0.1628446860903139,0.624979665259194,True,False,False
0.5302380963112234,1,0.2776746714866674,-1.0050903941409806,0.6416689406731063,1.0227218230672155,0.3187603239804574,0,0.19095501988862215,-0.9224723457267486,1.214017791191475,-0.1628446860903139,-0.27626835666257393,False,False,False
-0.4593197817190531,1,-1.4475229915961794,0.31245465193585237,0.7812633440102572,0.29420923179905184,-0.19675502477499981,2,-0.8427864411625662,-1.6221985245333848,-0.19968560466468235,-0.1628446860903139,-4.6327458484867075,True,False,False
-0.4593197817190531,0,1.312793269336376,1.075243889138229,-0.47508628602410485,1.126795050391239,-1.055947272700762,2,1.5692769679568732,-0.2227461669201125,0.5071660932633962,-0.1628446860903139,1.220926045335198,False,True,False
0.5302380963112234,0,-1.5461057152009137,0.31245465193585237,0.9208577473474087,0.12075385292567935,1.5216294710765244,2,-0.4982059541455034,1.5265692800964776,0.8605919422274356,-0.1628446860903139,-4.948256348951183,True,False,False
0.5302380963112234,0,1.0170450985221733,1.075243889138229,0.6416689406731063,-1.3536168674979856,-0.024916575189847412,0,1.5692769679568732,0.8268431012898416,1.5674436401555143,-0.1628446860903139,0.9458738699155035,True,False,False
-0.4593197817190531,0,-0.5109871173512054,-0.10361220471998989,-1.3126527060470128,-0.4863399731311239,1.3497910214913722,0,0.535535506905685,-0.5726092563234305,-1.2599631515568004,-0.1628446860903139,4.93172709462306,True,False,False
0.5302380963112234,0,0.4255487568937689,-0.10361220471998989,1.479235360696014,0.12075385292567935,-0.3685934743601522,1,-0.8427864411625662,0.47698001188652356,1.214017791191475,-0.1628446860903139,-4.107129638287369,False,False,False
0.035459157296085175,0,-0.1659475847346359,0.58983255637308,-0.8938694960355587,0.19013600447502835,1.0061141223210675,2,-1.5319474151966916,0.12711692248320555,-1.2599631515568004,-0.1628446860903139,-0.2813469398078986,False,False,False
-1.4488776597493296,1,-1.003900735374876,1.2832773174661503,-0.1958974793498019,-0.13942921538437897,-0.7122703735304572,0,1.5692769679568732,-1.2723354351300666,0.15374024429935695,-0.1628446860903139,-0.7822944594369458,True,False,False
0.035459157296085175,0,-0.36311303194410427,-0.3116456330479107,1.758424167370317,-1.5444177842586948,-1.3996241718710671,1,0.535535506905685,1.1767061906931597,-1.6133890005208396,-0.1628446860903139,1.1651471846174761,False,True,False
-1.4488776597493296,1,-1.3489402679914455,1.699344174121992,-0.7542750926984075,1.1788316640532503,-1.5714626214562195,2,-1.1873669281796289,0.8268431012898416,1.214017791191475,-0.1628446860903139,-0.7938005075919413,True,False,False
-0.9540987207341913,1,0.4255487568937689,-0.5890235374851389,0.08329132732450074,0.03402616348899273,-0.19675502477499981,1,1.5692769679568732,0.12711692248320555,0.8605919422274356,-0.1628446860903139,-0.7224647740065999,True,False,False
-0.9540987207341913,0,1.5592500783482113,-0.24230115693860396,-1.3126527060470128,0.8319209063065062,0.8342756727359149,2,1.2246964809398104,1.5265692800964776,1.214017791191475,-0.1628446860903139,-6.435173888762344,True,False,False
1.0250170353263617,0,-0.2152389465370032,1.075243889138229,-0.056303076012650735,-1.2148525643992876,0.6624372231507623,1,-1.1873669281796289,-1.6221985245333848,1.5674436401555143,-0.1628446860903139,-0.20017686099988888,True,False,False
-0.4593197817190531,0,1.0170450985221733,-1.0744348702502873,1.758424167370317,-0.0006649122856809947,-0.19675502477499981,2,-0.4982059541455034,0.8268431012898416,-0.906537302592761,-0.1628446860903139,-0.9465860860279551,False,False,False
0.035459157296085175,1,-1.1024834589796102,-1.6291906791247437,-1.3126527060470128,0.32890030757372635,1.1779525719062196,2,-0.15362546712844063,-0.9224723457267486,0.8605919422274356,-0.1628446860903139,0.6767062156112393,False,False,False
0.5302380963112234,0,1.460667354743477,-0.3809901091572174,1.6188297640331655,1.2482138156025993,1.1779525719062196,1,-0.8427864411625662,-1.6221985245333848,1.5674436401555143,-0.1628446860903139,-3.833872112781609,True,False,False
1.0250170353263617,1,1.2635019075340086,1.075243889138229,1.6188297640331655,-0.6944864277791709,0.3187603239804574,0,1.5692769679568732,0.8268431012898416,-0.19968560466468235,-0.1628446860903139,1.175084016098582,True,False,False
0.5302380963112234,0,-1.3982316297938124,-0.10361220471998989,-0.33549188268695335,-0.5730676625678098,1.3497910214913722,1,-1.5319474151966916,-0.5726092563234305,1.5674436401555143,-0.1628446860903139,13.494854525801358,False,False,False
-1.4488776597493296,1,1.6578328019529454,-0.4503345852665248,-1.3126527060470128,0.5543923001091101,1.0061141223210675,2,-0.8427864411625662,0.47698001188652356,-1.2599631515568004,-0.1628446860903139,-3.6813357361211287,True,False,False
0.035459157296085175,0,-0.2645303083393701,1.0058994130289223,0.2228857306616519,-0.7465230414411823,-1.5714626214562195,0,-0.4982059541455034,1.1767061906931597,1.214017791191475,-0.1628446860903139,-0.2629788872655045,True,False,False
-0.4593197817190531,0,-1.6446884388056477,1.1445883652475357,0.36248013399880336,0.5890833758837847,0.8342756727359149,2,0.535535506905685,-0.9224723457267486,0.8605919422274356,-0.1628446860903139,-1.4369257007517784,False,True,False
1.5197959743415,1,-0.5109871173512054,1.3526217935754572,-0.056303076012650735,-0.9199784203145548,-1.5714626214562195,0,0.19095501988862215,1.1767061906931597,-0.906537302592761,-0.1628446860903139,-0.3777753099781765,False,True,False
0.5302380963112234,1,-1.6939798006080147,0.24311017582654504,0.36248013399880336,0.7972298305318316,0.49059877356561,2,0.535535506905685,-1.6221985245333848,-1.2599631515568004,-0.1628446860903139,-6.967951032278634,True,False,False
1.5197959743415,0,-1.4475229915961794,-1.6291906791247437,-0.1958974793498019,0.27686369391171417,-0.19675502477499981,2,-1.1873669281796289,0.12711692248320555,-0.5531114536287216,-0.1628446860903139,0.8884920655044735,False,True,False
0.035459157296085175,0,-1.003900735374876,1.699344174121992,1.6188297640331655,-0.7985596551031944,-1.5714626214562195,0,0.8801159939227476,0.47698001188652356,-0.906537302592761,-0.1628446860903139,-0.5907577468193375,False,True,False
-0.4593197817190531,1,-0.8560266499677749,0.5204880802637732,0.08329132732450074,-0.13942921538437897,-1.3996241718710671,1,-0.15362546712844063,-0.2227461669201125,-0.5531114536287216,-0.1628446860903139,-1.6446613907737468,True,False,False
-0.4593197817190531,1,-1.1517748207819771,-0.8664014419223665,-0.47508628602410485,-0.6424498141171587,0.8342756727359149,2,1.5692769679568732,0.47698001188652356,-0.19968560466468235,-0.1628446860903139,1.3293777746103768,True,False,False
0.035459157296085175,1,0.1298005860795663,0.24311017582654504,-1.03346389937271,-0.6771408898918333,0.14692187439530519,2,-1.5319474151966916,-0.2227461669201125,0.15374024429935695,-0.1628446860903139,0.5339167134335702,False,False,False
1.0250170353263617,0,-0.4124043937464712,1.0058994130289223,1.339640957358863,0.2074815423623652,-1.2277857222859145,2,0.19095501988862215,0.12711692248320555,-0.19968560466468235,-0.1628446860903139,-0.409985718656159,False,False,False
0.035459157296085175,1,0.4748401186961358,1.2832773174661503,0.7812633440102572,0.8319209063065062,1.0061141223210675,2,-0.4982059541455034,0.8268431012898416,-0.19968560466468235,-0.1628446860903139,0.37002143826068284,True,False,False
0.035459157296085175,1,-1.003900735374876,0.24311017582654504,-1.03346389937271,1.3522870429266227,-0.024916575189847412,0,-0.8427864411625662,1.1767061906931597,1.214017791191475,-0.1628446860903139,-4.129406479846989,True,False,False
1.0250170353263617,0,-1.2996489061890784,-0.4503345852665248,-0.056303076012650735,0.918648595743192,-1.3996241718710671,1,0.19095501988862215,-0.2227461669201125,-1.6133890005208396,-0.1628446860903139,2.8859629011613612,False,True,False
-1.4488776597493296,1,0.6720055659056042,0.7285215085916941,-0.47508628602410485,-0.7118319656665077,0.3187603239804574,1,0.19095501988862215,-1.2723354351300666,0.8605919422274356,-0.1628446860903139,0.9224237829362912,True,False,False
-1.4488776597493296,0,0.9677537367198064,1.2832773174661503,-1.5918415127213155,0.10340831503834172,-1.2277857222859145,0,-1.1873669281796289,0.47698001188652356,0.8605919422274356,-0.1628446860903139,0.7541267374932257,False,True,False
-0.4593197817190531,1,1.460667354743477,1.1445883652475357,1.0604521506845601,0.9880307472925409,0.3187603239804574,2,0.19095501988862215,0.8268431012898416,1.5674436401555143,-0.1628446860903139,1.2761507971711594,True,False,False
1.5197959743415,1,0.1790919478819336,-1.3518127746875155,1.6188297640331655,1.5430879596873321,-0.3685934743601522,1,-0.15362546712844063,-0.2227461669201125,0.15374024429935695,-0.1628446860903139,-0.1324828047458957,False,True,False
-1.4488776597493296,1,-1.1517748207819771,-0.7970569658130597,-0.47508628602410485,1.6991978006733677,-1.7433010710413719,1,-1.5319474151966916,1.5265692800964776,0.5071660932633962,-0.1628446860903139,1.4450345084269827,False,True,False
-0.9540987207341913,1,0.6227142041032369,0.31245465193585237,-1.4522471093841642,0.03402616348899273,1.5216294710765244,0,1.2246964809398104,1.1767061906931597,-0.5531114536287216,-0.1628446860903139,1.9929746612672659,False,False,False
-0.9540987207341913,1,-1.5953970770032808,1.421966269684764,-1.1730583027098613,1.2482138156025993,-0.5404319239453048,0,-0.8427864411625662,-0.9224723457267486,0.15374024429935695,-0.1628446860903139,-1.121965486113088,True,False,False
1.5197959743415,0,-0.8560266499677749,-1.1437793463595947,-0.056303076012650735,-0.33023013214508906,-0.7122703735304572,1,-0.15362546712844063,0.47698001188652356,-0.5531114536287216,-0.1628446860903139,0.7484193981053469,False,True,False
1.5197959743415,0,-0.2645303083393701,0.0350767474986242,0.9208577473474087,1.1788316640532503,-0.7122703735304572,1,-0.4982059541455034,0.12711692248320555,-0.5531114536287216,-0.1628446860903139,-7.541471977974743,False,True,False
-0.9540987207341913,0,-1.3982316297938124,-1.0744348702502873,-0.1958974793498019,-1.0934337991879273,1.1779525719062196,0,-0.8427864411625662,-1.6221985245333848,0.15374024429935695,-0.1628446860903139,1.3013647160093542,False,True,False
1.0250170353263617,0,-1.5461057152009137,-0.24230115693860396,-0.1958974793498019,-0.7465230414411823,0.3187603239804574,0,-1.1873669281796289,0.47698001188652356,0.8605919422274356,-0.1628446860903139,6.38092584755044,False,True,False
1.5197959743415,1,-1.1024834589796102,0.0350767474986242,1.758424167370317,0.8839575199685175,-1.5714626214562195,0,1.2246964809398104,1.5265692800964776,0.8605919422274356,-0.1628446860903139,-31.430606815037578,False,True,False
-0.9540987207341913,1,-0.36311303194410427,-0.7970569658130597,-1.03346389937271,-1.2321981022866253,0.3187603239804574,1,1.2246964809398104,-0.9224723457267486,-1.6133890005208396,-0.1628446860903139,0.4555672273357537,True,False,False
-1.4488776597493296,1,0.9184623749174395,-0.9357459180316738,1.0604521506845601,-0.6424498141171587,0.49059877356561,1,-0.15362546712844063,-0.5726092563234305,0.5071660932633962,-0.1628446860903139,-0.9815296622927407,False,True,False
1.5197959743415,1,0.721296927707971,0.45114360415446586,-1.1730583027098613,-0.018010450173018628,-1.5714626214562195,1,-1.5319474151966916,0.12711692248320555,-0.19968560466468235,-0.1628446860903139,1.5988189150100598,False,False,False
0.035459157296085175,1,-1.2996489061890784,0.9365549369196149,0.5020745373359549,-1.2668891780612996,-1.2277857222859145,0,0.535535506905685,0.47698001188652356,-0.19968560466468235,-0.1628446860903139,-1.3876910525544837,True,False,False
0.5302380963112234,1,-1.053192097177243,1.421966269684764,0.9208577473474087,-0.34757567003242595,0.14692187439530519,1,-1.5319474151966916,0.12711692248320555,0.5071660932633962,-0.1628446860903139,-0.7406589872281045,False,True,False
-0.9540987207341913,0,-0.9053180117701417,-0.9357459180316738,0.9208577473474087,-1.4229990190473345,1.3497910214913722,0,-0.8427864411625662,1.5265692800964776,0.8605919422274356,-0.1628446860903139,0.96748272615975,True,False,False
-0.9540987207341913,1,-1.4968143533985465,0.5204880802637732,-0.056303076012650735,-0.3996122836944381,-1.7433010710413719,1,1.5692769679568732,0.47698001188652356,1.5674436401555143,-0.1628446860903139,-2.8757898790688734,False,False,False
1.0250170353263617,1,1.5592500783482113,0.58983255637308,0.08329132732450074,0.2421726181370397,1.693467920661677,2,0.535535506905685,1.1767061906931597,0.5071660932633962,-0.1628446860903139,2.643546988888075,True,False,False
-1.4488776597493296,1,-0.8067352881654077,-0.9357459180316738,0.6416689406731063,1.4216691944759718,-0.5404319239453048,1,0.19095501988862215,0.12711692248320555,1.5674436401555143,-0.1628446860903139,0.8621307051623182,False,True,False
0.035459157296085175,1,1.509958716545844,-1.4905017269061296,1.339640957358863,-0.8332507308778688,-1.2277857222859145,2,-0.8427864411625662,1.1767061906931597,1.5674436401555143,-0.1628446860903139,-1.0130539866465647,False,True,False
1.0250170353263617,1,0.57342284230087,1.3526217935754572,0.9208577473474087,-0.2608479805957401,-0.5404319239453048,1,-0.15362546712844063,-0.5726092563234305,1.214017791191475,-0.1628446860903139,0.4239343510687573,False,False,False
1.5197959743415,1,-1.6446884388056477,-1.0050903941409806,-0.33549188268695335,-1.5617633221460325,-0.7122703735304572,2,-0.15362546712844063,-1.2723354351300666,-1.6133890005208396,-0.1628446860903139,1.6363587279244787,False,True,False
0.035459157296085175,0,-1.053192097177243,-0.1729566808292966,-0.1958974793498019,-1.0587427234132527,-1.7433010710413719,2,0.8801159939227476,-0.5726092563234305,1.5674436401555143,-0.1628446860903139,6.089340360414953,False,False,False
0.5302380963112234,0,0.8198796513127053,-0.9357459180316738,0.36248013399880336,1.4390147323633087,1.1779525719062196,2,0.535535506905685,-0.9224723457267486,-0.19968560466468235,-0.1628446860903139,-0.8761776412953088,False,False,False
-0.9540987207341913,0,0.08050922427719942,-0.9357459180316738,0.6416689406731063,-1.665836549470056,0.14692187439530519,2,-1.1873669281796289,1.5265692800964776,0.5071660932633962,-0.1628446860903139,-0.08603748381456928,True,False,False
1.5197959743415,1,0.3762573950914016,0.1737656997172383,-1.4522471093841642,1.0400673609545523,1.3497910214913722,0,-0.4982059541455034,0.8268431012898416,0.8605919422274356,-0.1628446860903139,2.1653145339020856,True,False,False
1.5197959743415,0,0.721296927707971,-0.3116456330479107,-1.4522471093841642,0.5197012243344357,0.6624372231507623,1,-0.4982059541455034,-0.2227461669201125,-1.6133890005208396,-0.1628446860903139,-2.314477891615708,False,True,False
0.035459157296085175,0,1.608541440150578,-1.2131238224689014,0.5020745373359549,-0.8852873445398802,1.693467920661677,1,0.8801159939227476,-0.9224723457267486,-1.6133890005208396,-0.1628446860903139,-1.32594992395495,False,True,False
-0.9540987207341913,0,-0.06736486112990167,-1.5598462030154363,1.2000465540217116,-1.2321981022866253,0.49059877356561,2,0.8801159939227476,1.5265692800964776,-0.5531114536287216,-0.1628446860903139,0.043186860986470614,False,False,False
0.5302380963112234,1,1.0663364603245407,0.7978659847010008,0.9208577473474087,1.0400673609545523,-1.055947272700762,2,1.2246964809398104,-0.2227461669201125,-0.19968560466468235,-0.1628446860903139,1.3364856765063733,True,False,False
-1.4488776597493296,0,1.312793269336376,0.6591770324823872,0.6416689406731063,0.7451932168698195,-1.5714626214562195,1,0.8801159939227476,1.1767061906931597,0.15374024429935695,-0.1628446860903139,1.9915640330982753,False,True,False
1.0250170353263617,1,0.770588289510338,-1.4211572507968222,0.5020745373359549,-1.318925791723311,-0.024916575189847412,1,0.8801159939227476,-1.2723354351300666,-0.19968560466468235,-0.1628446860903139,-0.5422259141824596,False,False,False
0.035459157296085175,1,0.4255487568937689,1.5606552219033774,0.2228857306616519,-0.5557221246804729,0.49059877356561,1,-1.5319474151966916,-0.2227461669201125,0.5071660932633962,-0.1628446860903139,0.27267313812897703,False,True,False
1.5197959743415,1,-0.9053180117701417,0.8672104608103081,-1.4522471093841642,-1.3362713296106479,-1.055947272700762,2,1.5692769679568732,0.8268431012898416,0.5071660932633962,-0.1628446860903139,-1.0439426790634265,False,False,False
-1.4488776597493296,0,1.6578328019529454,0.5204880802637732,-0.33549188268695335,-1.0934337991879273,-1.3996241718710671,2,-1.1873669281796289,0.12711692248320555,0.8605919422274356,-0.1628446860903139,3.1851503709994433,True,False,False
-1.4488776597493296,1,0.031217862474832096,0.58983255637308,-0.1958974793498019,-0.13942921538437897,-1.055947272700762,1,1.5692769679568732,-0.2227461669201125,0.5071660932633962,-0.1628446860903139,0.05292665204306936,False,True,False
-1.4488776597493296,1,0.5241314804985027,-1.2824682985782088,0.2228857306616519,-0.7812141172158568,-1.5714626214562195,1,-0.15362546712844063,-0.2227461669201125,0.15374024429935695,-0.1628446860903139,-0.4086896191348932,True,False,False
0.5302380963112234,0,0.9677537367198064,-0.03426772861068253,-1.4522471093841642,1.0053762851798778,0.14692187439530519,1,-1.1873669281796289,1.1767061906931597,0.15374024429935695,-0.1628446860903139,-28.240965361740415,False,True,False
1.5197959743415,1,0.6720055659056042,0.5204880802637732,-1.1730583027098613,1.7338888764480422,1.1779525719062196,1,0.535535506905685,1.1767061906931597,-0.906537302592761,-0.1628446860903139,1.2911065428530946,False,False,False
1.5197959743415,0,-1.6939798006080147,-0.9357459180316738,0.6416689406731063,-1.4923811705966836,-0.19675502477499981,1,0.535535506905685,0.47698001188652356,-1.2599631515568004,-0.1628446860903139,1.8102988941392053,False,True,False
1.0250170353263617,1,-0.6588612027583065,-0.9357459180316738,-0.7542750926984075,0.9533396715178665,0.49059877356561,1,0.19095501988862215,-1.2723354351300666,0.8605919422274356,-0.1628446860903139,0.7041026736661702,False,True,False
-0.9540987207341913,1,0.9677537367198064,-0.7970569658130597,1.339640957358863,1.3869781187012973,-0.3685934743601522,1,0.8801159939227476,0.12711692248320555,-0.5531114536287216,-0.1628446860903139,-1.2141588095056954,True,False,False
0.5302380963112234,0,1.3620846311387427,-0.1729566808292966,-1.03346389937271,-1.6831820873573928,-1.3996241718710671,1,-1.5319474151966916,0.12711692248320555,-0.906537302592761,-0.1628446860903139,-7.875293539444608,True,False,False
0.5302380963112234,1,-1.4968143533985465,-0.6583680135944456,-0.056303076012650735,-0.10473813960970448,-0.5404319239453048,1,-0.4982059541455034,1.1767061906931597,1.214017791191475,-0.1628446860903139,2.273522289192779,False,True,False
0.035459157296085175,1,-0.36311303194410427,0.24311017582654504,0.9208577473474087,0.19013600447502835,1.0061141223210675,1,0.19095501988862215,1.5265692800964776,-0.5531114536287216,-0.1628446860903139,-1.4936151097318906,True,False,False
-1.4488776597493296,0,-0.4616957555488383,1.4913107457940706,1.479235360696014,0.502355686447098,-0.5404319239453048,0,1.5692769679568732,-0.9224723457267486,-0.19968560466468235,-0.1628446860903139,-0.3095905778530426,False,True,False
-0.4593197817190531,1,-0.4616957555488383,-1.4905017269061296,1.6188297640331655,-1.3709624053853224,-0.024916575189847412,0,1.5692769679568732,1.1767061906931597,0.5071660932633962,-0.1628446860903139,0.3097586183326277,False,True,False
0.5302380963112234,0,0.3762573950914016,0.6591770324823872,-0.7542750926984075,0.7278476789824826,0.14692187439530519,0,0.19095501988862215,-0.9224723457267486,0.5071660932633962,-0.1628446860903139,0.5707987028529471,True,False,False
1.5197959743415,1,-0.06736486112990167,-1.4905017269061296,-1.3126527060470128,-0.9546694960892292,-0.024916575189847412,0,1.2246964809398104,1.1767061906931597,0.5071660932633962,-0.1628446860903139,0.045196097336789094,False,True,False
1.0250170353263617,1,1.5592500783482113,-1.2131238224689014,-0.47508628602410485,0.08606277715100485,-0.7122703735304572,2,1.2246964809398104,0.12711692248320555,0.15374024429935695,-0.1628446860903139,-1.2853181591759426,False,True,False
-0.9540987207341913,0,1.2635019075340086,-1.3518127746875155,0.9208577473474087,0.9359941336305289,-1.055947272700762,0,-0.8427864411625662,-0.5726092563234305,-0.5531114536287216,-0.1628446860903139,-0.9346722646751724,False,True,False
0.035459157296085175,1,0.1790919478819336,0.24311017582654504,-1.03346389937271,0.32890030757372635,1.5216294710765244,0,0.535535506905685,-0.5726092563234305,0.8605919422274356,-0.1628446860903139,0.7366698957501172,True,False,False
1.5197959743415,1,0.031217862474832096,1.699344174121992,0.2228857306616519,-0.8505962687652058,-1.055947272700762,2,0.8801159939227476,-1.6221985245333848,-0.906537302592761,-0.1628446860903139,0.018370535498473447,False,False,False
1.5197959743415,1,-1.3489402679914455,0.0350767474986242,1.2000465540217116,-0.4169578215817749,1.1779525719062196,0,0.535535506905685,0.12711692248320555,-1.6133890005208396,-0.1628446860903139,-38.45682294358547,True,False,False
0.035459157296085175,1,-0.1659475847346359,-0.5196790613758315,-1.03346389937271,-0.38226674580710046,-1.5714626214562195,0,1.5692769679568732,-0.2227461669201125,1.214017791191475,-0.1628446860903139,0.3193270560012475,False,False,False
0.035459157296085175,1,-1.4968143533985465,0.1737656997172383,-1.731435916058467,-0.36492120791976357,0.3187603239804574,1,-1.5319474151966916,1.1767061906931597,0.15374024429935695,-0.1628446860903139,-8.613980525697825,False,True,False
1.5197959743415,1,1.2142105457316417,1.699344174121992,1.479235360696014,-0.2608479805957401,-1.055947272700762,0,0.19095501988862215,0.8268431012898416,0.15374024429935695,-0.1628446860903139,0.7145171438616862,True,False,False
-0.9540987207341913,0,0.9677537367198064,0.9365549369196149,-0.33549188268695335,0.46766461067242354,-0.3685934743601522,2,1.2246964809398104,-1.2723354351300666,-0.906537302592761,-0.1628446860903139,1.033312300827548,False,False,False
1.5197959743415,0,-0.11665622293226899,-0.3809901091572174,0.5020745373359549,-0.24350244270840246,1.1779525719062196,0,1.2246964809398104,1.1767061906931597,0.8605919422274356,-0.1628446860903139,0.3061922609758098,True,False,False
0.035459157296085175,1,1.312793269336376,0.8672104608103081,1.0604521506845601,-0.7465230414411823,1.1779525719062196,0,0.8801159939227476,0.47698001188652356,0.15374024429935695,-0.1628446860903139,1.5138116162825368,False,False,False
-1.4488776597493296,1,1.2142105457316417,-1.6291906791247437,0.2228857306616519,-1.1975070265119507,-1.2277857222859145,2,-0.8427864411625662,1.5265692800964776,0.15374024429935695,-0.1628446860903139,-0.7452844908147624,False,False,False
1.0250170353263617,0,-0.36311303194410427,-0.7277124897037524,-0.056303076012650735,0.12075385292567935,1.5216294710765244,2,-0.15362546712844063,1.5265692800964776,-0.906537302592761,-0.1628446860903139,0.4989786998048165,False,False,False
0.5302380963112234,0,-0.7574439263630407,0.31245465193585237,0.7812633440102572,0.6064289137711215,-0.7122703735304572,1,-0.15362546712844063,-1.2723354351300666,1.214017791191475,-0.1628446860903139,-2.4241723452353834,True,False,False
-0.9540987207341913,0,1.2142105457316417,0.9365549369196149,-0.8938694960355587,1.4216691944759718,0.6624372231507623,2,1.5692769679568732,-0.5726092563234305,-1.2599631515568004,-0.1628446860903139,1.2964648392386384,False,True,False
-1.4488776597493296,1,0.031217862474832096,-0.7970569658130597,0.7812633440102572,-0.9893605718639037,-1.3996241718710671,1,-0.15362546712844063,1.1767061906931597,-0.19968560466468235,-0.1628446860903139,-0.03916641320986068,False,True,False
0.035459157296085175,1,-0.5602784791535724,1.699344174121992,1.2000465540217116,-0.7812141172158568,1.3497910214913722,0,0.19095501988862215,-1.2723354351300666,-0.19968560466468235,-0.1628446860903139,-0.3297027686831328,False,False,False
1.5197959743415,0,-0.5109871173512054,0.1737656997172383,1.339640957358863,0.710502141095145,0.3187603239804574,1,-0.4982059541455034,0.12711692248320555,0.5071660932633962,-0.1628446860903139,-2.940667336434714,False,True,False
-0.9540987207341913,0,-0.06736486112990167,0.58983255637308,1.339640957358863,0.5370467622217725,0.14692187439530519,1,-1.1873669281796289,-1.6221985245333848,1.214017791191475,-0.1628446860903139,-0.11421014388241424,False,False,False
-0.9540987207341913,0,-1.3489402679914455,1.2139328413568424,0.6416689406731063,0.641119989545796,1.1779525719062196,0,1.2246964809398104,-0.2227461669201125,1.5674436401555143,-0.1628446860903139,-1.111214905829306,False,False,False
0.5302380963112234,1,-0.3138216701417372,0.8672104608103081,-1.03346389937271,-1.5444177842586948,1.3497910214913722,0,0.535535506905685,-0.5726092563234305,-0.19968560466468235,-0.1628446860903139,-0.3618748669711699,False,False,False
-0.9540987207341913,0,-0.06736486112990167,-0.5196790613758315,-1.03346389937271,0.3635913833484008,1.5216294710765244,0,-0.4982059541455034,-1.2723354351300666,-1.2599631515568004,-0.1628446860903139,0.12962781481238755,False,True,False
-1.4488776597493296,0,-1.2503575443867112,1.5606552219033774,0.2228857306616519,-1.2321981022866253,0.3187603239804574,2,0.535535506905685,0.47698001188652356,1.214017791191475,-0.1628446860903139,-0.801174741761203,True,False,False
0.5302380963112234,1,1.312793269336376,1.6299996980126852,1.0604521506845601,1.6991978006733677,1.5216294710765244,1,-1.5319474151966916,-0.9224723457267486,1.214017791191475,-0.1628446860903139,0.8053947929787649,False,True,False
1.5197959743415,1,-0.06736486112990167,-0.03426772861068253,-1.1730583027098613,-0.4689944352437863,-1.3996241718710671,2,0.19095501988862215,1.1767061906931597,0.8605919422274356,-0.1628446860903139,1.965839694110964,False,False,False
-0.9540987207341913,1,1.312793269336376,-1.1437793463595947,-0.47508628602410485,-1.0934337991879273,-1.5714626214562195,1,-0.15362546712844063,0.47698001188652356,-1.6133890005208396,-0.1628446860903139,-1.147767944503209,False,True,False
-1.4488776597493296,1,0.4255487568937689,0.0350767474986242,-1.3126527060470128,0.3115547696863887,-1.2277857222859145,2,1.5692769679568732,-0.9224723457267486,-0.906537302592761,-0.1628446860903139,12.13193318195936,True,False,False
0.035459157296085175,1,-1.4968143533985465,-1.6291906791247437,-0.614680689361256,1.1788316640532503,0.3187603239804574,0,1.5692769679568732,0.12711692248320555,0.15374024429935695,-0.1628446860903139,0.9187471869177927,False,True,False
-0.4593197817190531,0,-1.3489402679914455,1.075243889138229,1.479235360696014,0.8666119820811806,-0.7122703735304572,1,1.2246964809398104,0.8268431012898416,0.8605919422274356,-0.1628446860903139,-1.2545435334420498,True,False,False
0.5302380963112234,0,-0.4124043937464712,-0.7970569658130597,-1.4522471093841642,-1.5617633221460325,-0.3685934743601522,0,0.8801159939227476,0.8268431012898416,1.5674436401555143,-0.1628446860903139,0.5174089324039554,False,True,False
-1.4488776597493296,1,0.9184623749174395,1.2832773174661503,-0.614680689361256,-1.3536168674979856,0.3187603239804574,0,-0.4982059541455034,-0.2227461669201125,1.214017791191475,-0.1628446860903139,0.7157162075699716,False,False,False
1.5197959743415,1,0.9184623749174395,0.1737656997172383,0.9208577473474087,-1.3709624053853224,0.49059877356561,1,-0.15362546712844063,-1.2723354351300666,-1.2599631515568004,-0.1628446860903139,5.285636787996798,False,False,False
0.5302380963112234,0,-1.6939798006080147,1.7686886502312988,1.6188297640331655,-0.4343033594691118,-0.024916575189847412,2,-1.1873669281796289,0.8268431012898416,-1.2599631515568004,-0.1628446860903139,-0.9577603160321552,True,False,False
-1.4488776597493296,1,-1.5953970770032808,0.9365549369196149,1.2000465540217116,0.03402616348899273,-1.2277857222859145,1,-1.1873669281796289,1.1767061906931597,1.5674436401555143,-0.1628446860903139,-1.703474098647792,False,True,False
0.5302380963112234,0,-0.06736486112990167,-0.3116456330479107,-0.7542750926984075,-0.8852873445398802,-0.19675502477499981,2,0.19095501988862215,-1.2723354351300666,0.15374024429935695,-0.1628446860903139,0.21615852746297062,True,False,False
-1.4488776597493296,1,1.608541440150578,-1.0050903941409806,0.08329132732450074,1.0053762851798778,0.8342756727359149,2,0.8801159939227476,1.5265692800964776,-0.906537302592761,6.140820581921837,-1.6003947998382257,True,False,False
-0.9540987207341913,0,1.1649191839292747,-0.03426772861068253,-1.1730583027098613,-1.6484910115827183,0.49059877356561,2,-0.15362546712844063,-0.2227461669201125,1.214017791191475,-0.1628446860903139,-33.994642515235924,False,True,False
-0.9540987207341913,0,0.1298005860795663,0.24311017582654504,-1.3126527060470128,0.01668062560165587,-0.19675502477499981,1,-0.4982059541455034,-0.9224723457267486,-0.5531114536287216,-0.1628446860903139,0.5339167134335702,True,False,False
-1.4488776597493296,1,1.460667354743477,1.4913107457940706,0.2228857306616519,0.5890833758837847,-0.19675502477499981,2,0.535535506905685,-0.9224723457267486,1.5674436401555143,-0.1628446860903139,0.9794520416774191,True,False,False
-0.4593197817190531,0,1.0663364603245407,0.3817991280451591,0.6416689406731063,-0.6597953520044965,-0.5404319239453048,0,-1.1873669281796289,0.47698001188652356,0.8605919422274356,-0.1628446860903139,2.7929253421406837,True,False,False
-0.9540987207341913,1,-0.36311303194410427,-1.1437793463595947,0.2228857306616519,1.6991978006733677,-1.3996241718710671,0,-0.4982059541455034,0.12711692248320555,0.15374024429935695,-0.1628446860903139,0.3174677293306751,True,False,False
-0.4593197817190531,1,-0.7574439263630407,1.4913107457940706,-0.33549188268695335,0.48501014855976116,-0.3685934743601522,2,1.5692769679568732,1.5265692800964776,-0.5531114536287216,-0.1628446860903139,-0.5079048270115752,True,False,False
0.5302380963112234,1,1.608541440150578,0.45114360415446586,-1.3126527060470128,-0.34757567003242595,0.6624372231507623,2,1.2246964809398104,-0.5726092563234305,-1.2599631515568004,-0.1628446860903139,3.5654754391682206,False,True,False
-0.9540987207341913,0,1.608541440150578,-1.4905017269061296,1.2000465540217116,0.5890833758837847,1.693467920661677,0,-0.8427864411625662,0.47698001188652356,-0.906537302592761,-0.1628446860903139,-1.0791946168955244,True,False,False
-0.4593197817190531,0,1.0170450985221733,1.7686886502312988,-0.33549188268695335,0.08606277715100485,0.8342756727359149,1,-0.4982059541455034,-1.2723354351300666,0.5071660932633962,-0.1628446860903139,0.5750277746109639,False,True,False
-1.4488776597493296,0,1.3620846311387427,-0.03426772861068253,0.7812633440102572,-0.7985596551031944,-0.5404319239453048,1,1.2246964809398104,1.1767061906931597,-0.5531114536287216,-0.1628446860903139,-39.74831966873142,True,False,False
1.5197959743415,1,1.0170450985221733,-1.4211572507968222,-0.8938694960355587,-1.2148525643992876,-0.024916575189847412,1,0.19095501988862215,0.8268431012898416,-0.19968560466468235,-0.1628446860903139,-0.7156457161597922,True,False,False
1.5197959743415,0,0.5241314804985027,1.1445883652475357,1.758424167370317,-0.4169578215817749,-0.5404319239453048,2,0.19095501988862215,-0.9224723457267486,-0.5531114536287216,-0.1628446860903139,0.45792137716265424,False,True,False
-1.4488776597493296,0,1.7071241637553123,-0.7277124897037524,1.479235360696014,0.19013600447502835,1.5216294710765244,0,0.19095501988862215,1.5265692800964776,1.5674436401555143,-0.1628446860903139,-2.3458772357339543,True,False,False
-1.4488776597493296,0,-1.5953970770032808,1.699344174121992,1.2000465540217116,0.9533396715178665,0.3187603239804574,0,0.8801159939227476,-0.2227461669201125,-1.2599631515568004,-0.1628446860903139,-0.938831051000944,True,False,False
-0.4593197817190531,0,0.6720055659056042,0.31245465193585237,-0.47508628602410485,1.0921039746165644,0.8342756727359149,2,-0.8427864411625662,1.1767061906931597,-1.6133890005208396,-0.1628446860903139,2.1507299114995044,False,False,False
-0.9540987207341913,0,-1.2503575443867112,1.6299996980126852,-1.1730583027098613,1.0747584367292269,-0.5404319239453048,0,1.5692769679568732,-1.2723354351300666,-0.906537302592761,-0.1628446860903139,-0.7670906601462331,True,False,False
1.5197959743415,0,-1.5461057152009137,0.10442122360793094,0.08329132732450074,0.13809939081301623,-1.7433010710413719,1,-0.15362546712844063,-1.2723354351300666,0.15374024429935695,-0.1628446860903139,-14.806431698272926,True,False,False
-1.4488776597493296,0,0.9184623749174395,0.1737656997172383,-1.3126527060470128,1.5777790354620067,1.5216294710765244,0,-0.8427864411625662,-0.9224723457267486,1.5674436401555143,-0.1628446860903139,5.285636787996798,False,False,False
-0.4593197817190531,1,1.509958716545844,1.0058994130289223,-1.3126527060470128,0.9706852094052033,1.5216294710765244,0,1.5692769679568732,0.8268431012898416,0.15374024429935695,-0.1628446860903139,1.5011030894223503,False,True,False
0.035459157296085175,1,1.6578328019529454,-0.6583680135944456,-1.5918415127213155,1.1441405882785758,0.6624372231507623,1,-1.5319474151966916,-0.5726092563234305,-1.6133890005208396,-0.1628446860903139,-2.5180943905548996,False,False,False
-0.4593197817190531,1,0.2776746714866674,-1.6291906791247437,1.479235360696014,1.3869781187012973,-0.3685934743601522,2,1.2246964809398104,0.47698001188652356,-0.906537302592761,6.140820581921837,-0.17043718396169785,True,False,False
1.0250170353263617,1,0.9184623749174395,0.6591770324823872,-0.33549188268695335,-0.12208367749704212,-0.7122703735304572,1,1.2246964809398104,-1.2723354351300666,-0.19968560466468235,-0.1628446860903139,1.3933470519423479,False,True,False
-1.4488776597493296,0,1.312793269336376,0.1737656997172383,-1.1730583027098613,-1.0934337991879273,-0.7122703735304572,1,0.8801159939227476,0.8268431012898416,-1.6133890005208396,-0.1628446860903139,7.5549620637020425,False,False,False
1.0250170353263617,0,-0.8067352881654077,-1.2824682985782088,0.7812633440102572,0.06871723926366723,-1.2277857222859145,1,0.19095501988862215,-1.6221985245333848,1.214017791191475,-0.1628446860903139,0.6290489122107611,False,False,False
1.5197959743415,1,-1.4968143533985465,0.58983255637308,1.339640957358863,-0.6597953520044965,-0.19675502477499981,1,-0.15362546712844063,0.47698001188652356,1.5674436401555143,-0.1628446860903139,-2.537693684801935,True,False,False
-0.9540987207341913,1,0.4255487568937689,1.1445883652475357,0.08329132732450074,-0.7985596551031944,-0.19675502477499981,2,-0.15362546712844063,0.8268431012898416,0.8605919422274356,-0.1628446860903139,0.3717919645301804,False,False,False
-1.4488776597493296,1,1.312793269336376,-1.6291906791247437,-0.614680689361256,-0.8679418066525426,1.3497910214913722,2,-0.15362546712844063,-0.2227461669201125,-0.5531114536287216,-0.1628446860903139,-0.805794733641401,False,True,False
-0.4593197817190531,0,1.2142105457316417,-0.3809901091572174,-0.614680689361256,-0.13942921538437897,0.3187603239804574,1,1.5692769679568732,-1.2723354351300666,0.15374024429935695,-0.1628446860903139,-3.186987054382012,True,False,False
0.5302380963112234,0,1.460667354743477,0.1737656997172383,-0.8938694960355587,1.3522870429266227,-0.7122703735304572,0,-0.8427864411625662,0.8268431012898416,0.15374024429935695,-0.1628446860903139,8.405959042091508,False,True,False
-0.9540987207341913,1,-1.5461057152009137,0.3817991280451591,0.08329132732450074,-0.5210310489057984,-0.19675502477499981,1,1.5692769679568732,-0.5726092563234305,-1.2599631515568004,-0.1628446860903139,-4.049526574660067,False,False,False
0.035459157296085175,0,0.770588289510338,1.1445883652475357,-0.47508628602410485,0.48501014855976116,1.0061141223210675,1,1.5692769679568732,-1.6221985245333848,-0.5531114536287216,-0.1628446860903139,0.6732449087438398,True,False,False
0.035459157296085175,0,-1.5461057152009137,-0.8664014419223665,-0.056303076012650735,1.4390147323633087,-0.5404319239453048,1,1.5692769679568732,-0.5726092563234305,-0.906537302592761,-0.1628446860903139,1.784514245233045,False,False,False
-1.4488776597493296,1,0.4255487568937689,-1.6291906791247437,0.36248013399880336,1.4390147323633087,1.5216294710765244,2,0.19095501988862215,1.5265692800964776,0.8605919422274356,-0.1628446860903139,-0.2612025482016556,True,False,False
-1.4488776597493296,0,-1.201066182584344,1.2139328413568424,-1.1730583027098613,-0.8852873445398802,-0.8841088231156097,0,-1.1873669281796289,0.47698001188652356,0.15374024429935695,-0.1628446860903139,-0.9894008479430237,True,False,False
-0.9540987207341913,1,0.2283833096843005,-1.4905017269061296,-0.8938694960355587,1.4043236565886341,-1.055947272700762,2,1.2246964809398104,-0.5726092563234305,1.5674436401555143,-0.1628446860903139,-0.15322579341008968,False,False,False
-1.4488776597493296,0,-0.06736486112990167,-1.4905017269061296,0.2228857306616519,0.9013030578558543,-0.19675502477499981,2,0.8801159939227476,-0.5726092563234305,-0.906537302592761,-0.1628446860903139,0.045196097336789094,True,False,False
-1.4488776597493296,1,-0.5602784791535724,1.4913107457940706,-1.3126527060470128,0.15544492870035384,-1.055947272700762,1,0.535535506905685,1.5265692800964776,0.15374024429935695,-0.1628446860903139,-0.3756953275725535,False,False,False
1.0250170353263617,1,-1.6446884388056477,-0.03426772861068253,-0.614680689361256,0.06871723926366723,-0.024916575189847412,1,-0.15362546712844063,1.1767061906931597,1.5674436401555143,-0.1628446860903139,47.99525692207499,True,False,False
-0.9540987207341913,1,0.4748401186961358,0.58983255637308,-0.47508628602410485,-0.6597953520044965,0.3187603239804574,0,-0.15362546712844063,0.47698001188652356,-1.6133890005208396,-0.1628446860903139,0.8050422337077485,False,True,False
-0.4593197817190531,1,-1.1024834589796102,0.9365549369196149,1.758424167370317,-1.1975070265119507,0.6624372231507623,2,-0.4982059541455034,1.1767061906931597,1.5674436401555143,-0.1628446860903139,-1.1771690218256115,False,False,False
-1.4488776597493296,0,-1.5461057152009137,0.6591770324823872,-1.731435916058467,-1.1628159507372762,0.49059877356561,1,-0.8427864411625662,-1.2723354351300666,0.15374024429935695,-0.1628446860903139,-2.3455090802821994,False,False,False
-1.4488776597493296,0,-0.7574439263630407,0.3817991280451591,-1.1730583027098613,-0.4516488973564494,1.1779525719062196,0,-0.15362546712844063,0.12711692248320555,1.214017791191475,-0.1628446860903139,-1.9838807129843692,True,False,False
-0.9540987207341913,1,-0.8560266499677749,-1.0050903941409806,1.0604521506845601,1.612470111236681,1.3497910214913722,0,-1.5319474151966916,-0.9224723457267486,-0.5531114536287216,-0.1628446860903139,0.851691206042611,True,False,False
-0.9540987207341913,1,1.2142105457316417,0.31245465193585237,-1.03346389937271,1.6298156491240188,0.14692187439530519,0,1.2246964809398104,-0.9224723457267486,0.5071660932633962,-0.1628446860903139,3.886037664054116,False,True,False
-1.4488776597493296,0,-1.4475229915961794,1.3526217935754572,-0.47508628602410485,0.8319209063065062,-1.5714626214562195,2,-1.5319474151966916,0.12711692248320555,0.15374024429935695,-0.1628446860903139,-1.0701609263368919,False,False,False
-0.4593197817190531,0,-0.1659475847346359,1.3526217935754572,-0.7542750926984075,-0.6597953520044965,-1.7433010710413719,2,-0.8427864411625662,1.5265692800964776,-1.2599631515568004,-0.1628446860903139,-0.12268587237233389,True,False,False
0.5302380963112234,1,0.1790919478819336,1.4913107457940706,1.758424167370317,1.0921039746165644,0.3187603239804574,1,0.19095501988862215,0.12711692248320555,1.214017791191475,-0.1628446860903139,0.12009029532377803,True,False,False
-0.9540987207341913,0,-0.4616957555488383,-1.6291906791247437,1.6188297640331655,-0.27819351848307694,-0.8841088231156097,2,1.5692769679568732,0.12711692248320555,0.5071660932633962,-0.1628446860903139,0.2833896372380898,True,False,False
1.5197959743415,1,-1.3489402679914455,-0.3116456330479107,0.7812633440102572,0.3982824591230753,-0.024916575189847412,2,-0.15362546712844063,0.12711692248320555,0.8605919422274356,-0.1628446860903139,4.3284427084658255,False,True,False
0.5302380963112234,0,-0.9053180117701417,-0.7277124897037524,1.2000465540217116,-1.596454397920707,-1.7433010710413719,2,0.19095501988862215,-0.2227461669201125,0.15374024429935695,-0.1628446860903139,1.2440600162554467,True,False,False
-0.4593197817190531,0,-1.6446884388056477,-0.8664014419223665,-1.03346389937271,-0.36492120791976357,0.49059877356561,0,-0.15362546712844063,0.8268431012898416,1.5674436401555143,-0.1628446860903139,1.898298362888712,True,False,False
1.0250170353263617,0,0.8198796513127053,0.1737656997172383,-0.47508628602410485,0.7451932168698195,-0.19675502477499981,1,0.19095501988862215,0.8268431012898416,0.15374024429935695,-0.1628446860903139,4.718305469070486,False,False,False
1.0250170353263617,1,-1.4475229915961794,-0.1729566808292966,0.2228857306616519,-1.6311454736953814,-1.2277857222859145,1,0.8801159939227476,1.1767061906931597,1.214017791191475,-0.1628446860903139,8.369280588963452,False,True,False
1.0250170353263617,0,0.2776746714866674,0.6591770324823872,-0.614680689361256,0.8839575199685175,1.0061141223210675,0,-1.5319474151966916,-0.2227461669201125,-0.19968560466468235,-0.1628446860903139,0.4212444575639651,False,True,False
-1.4488776597493296,0,0.32696603328903473,1.2139328413568424,1.479235360696014,-1.5097267084840205,0.6624372231507623,2,-1.5319474151966916,0.8268431012898416,-1.6133890005208396,-0.1628446860903139,0.2693444168818901,False,True,False
-0.9540987207341913,1,-0.2152389465370032,-0.9357459180316738,0.36248013399880336,0.9013030578558543,-0.5404319239453048,0,-1.1873669281796289,1.1767061906931597,-1.6133890005208396,-0.1628446860903139,0.23001857917772678,False,True,False
1.5197959743415,0,0.4255487568937689,-1.4211572507968222,0.7812633440102572,0.6064289137711215,-1.055947272700762,0,-0.8427864411625662,-0.9224723457267486,0.8605919422274356,-0.1628446860903139,-0.29943819141419425,False,True,False
-1.4488776597493296,1,-1.053192097177243,1.3526217935754572,-0.1958974793498019,-0.2955390563704146,0.14692187439530519,1,-1.5319474151966916,-0.9224723457267486,-1.2599631515568004,-0.1628446860903139,-0.7786301405016434,False,True,False
1.0250170353263617,1,-1.3982316297938124,-0.5890235374851389,-0.47508628602410485,-0.24350244270840246,-0.024916575189847412,0,-0.8427864411625662,-0.9224723457267486,0.5071660932633962,-0.1628446860903139,2.3738128288788287,False,False,False
1.0250170353263617,1,0.721296927707971,-0.24230115693860396,-1.1730583027098613,-0.5383765867931353,-1.2277857222859145,2,-1.1873669281796289,1.5265692800964776,1.5674436401555143,-0.1628446860903139,-2.9768612615033385,False,False,False
0.5302380963112234,1,1.312793269336376,-0.24230115693860396,-1.3126527060470128,1.5777790354620067,-1.3996241718710671,1,0.8801159939227476,-0.9224723457267486,0.5071660932633962,-0.1628446860903139,-5.418023116039108,False,False,False
1.0250170353263617,1,-0.5109871173512054,-0.10361220471998989,1.6188297640331655,0.6237744516584591,1.0061141223210675,0,-1.5319474151966916,-0.5726092563234305,-1.2599631515568004,-0.1628446860903139,4.93172709462306,False,True,False
-0.4593197817190531,0,-0.36311303194410427,-1.4211572507968222,0.2228857306616519,-1.6484910115827183,-0.8841088231156097,2,-0.4982059541455034,1.1767061906931597,0.5071660932633962,-0.1628446860903139,0.2555051749132702,True,False,False
1.0250170353263617,0,-0.018073499327534787,1.075243889138229,-0.33549188268695335,0.7972298305318316,-0.024916575189847412,1,-0.4982059541455034,-0.9224723457267486,1.214017791191475,-0.1628446860903139,-0.01680874405342594,False,False,False
0.035459157296085175,0,1.3620846311387427,0.5204880802637732,-1.731435916058467,-0.36492120791976357,1.5216294710765244,1,0.535535506905685,-0.9224723457267486,1.214017791191475,-0.1628446860903139,2.616937222555538,False,False,False
1.0250170353263617,0,0.9184623749174395,0.8672104608103081,-1.731435916058467,0.10340831503834172,0.3187603239804574,1,-0.8427864411625662,-1.6221985245333848,-1.2599631515568004,-0.1628446860903139,1.0590997415543655,True,False,False
0.035459157296085175,1,0.3762573950914016,1.3526217935754572,0.6416689406731063,-0.31288459425775145,-0.7122703735304572,0,-1.1873669281796289,0.8268431012898416,0.8605919422274356,-0.1628446860903139,0.27816895815113285,False,True,False
-1.4488776597493296,1,-1.053192097177243,0.45114360415446586,-1.4522471093841642,1.126795050391239,0.14692187439530519,0,0.19095501988862215,-0.2227461669201125,-0.19968560466468235,-0.1628446860903139,-2.334494133306262,True,False,False
-1.4488776597493296,1,1.7071241637553123,1.699344174121992,0.6416689406731063,1.4390147323633087,0.3187603239804574,1,0.8801159939227476,0.8268431012898416,-0.5531114536287216,-0.1628446860903139,1.0045782306796915,False,False,False
-0.4593197817190531,1,1.3620846311387427,-1.4211572507968222,0.7812633440102572,-0.3996122836944381,1.3497910214913722,2,-0.4982059541455034,0.12711692248320555,1.214017791191475,-0.1628446860903139,-0.9584334389280579,False,False,False
0.5302380963112234,0,-0.018073499327534787,0.58983255637308,-1.1730583027098613,-1.1281248749626016,-0.19675502477499981,2,0.535535506905685,-0.9224723457267486,0.8605919422274356,-0.1628446860903139,-0.03064174591967244,False,False,False
1.5197959743415,1,0.2283833096843005,1.7686886502312988,0.9208577473474087,-0.7985596551031944,-1.055947272700762,2,0.535535506905685,-1.2723354351300666,1.5674436401555143,-0.1628446860903139,0.12912578460569296,False,False,False
0.035459157296085175,0,0.57342284230087,-1.5598462030154363,-0.47508628602410485,-0.7465230414411823,-1.5714626214562195,0,-0.4982059541455034,-0.9224723457267486,-1.6133890005208396,-0.1628446860903139,-0.36761498742142046,False,False,False
1.0250170353263617,0,-0.8067352881654077,1.3526217935754572,1.2000465540217116,-0.7291775035538454,1.3497910214913722,2,-0.4982059541455034,-1.6221985245333848,-0.906537302592761,-0.1628446860903139,-0.596423399354613,True,False,False
-1.4488776597493296,1,1.6578328019529454,1.6299996980126852,0.7812633440102572,0.6931566032078081,-0.8841088231156097,1,-1.5319474151966916,1.1767061906931597,-0.906537302592761,-0.1628446860903139,1.0170755270532839,True,False,False
1.5197959743415,1,0.1298005860795663,-1.0050903941409806,1.2000465540217116,0.45031907278508665,1.0061141223210675,1,-0.4982059541455034,0.12711692248320555,-1.6133890005208396,-0.1628446860903139,-0.12914319630972376,False,True,False
-1.4488776597493296,0,-0.7574439263630407,-0.3116456330479107,-1.03346389937271,-0.6251042762298219,-1.5714626214562195,1,-0.15362546712844063,1.5265692800964776,1.214017791191475,-0.1628446860903139,2.430465394156816,False,False,False
-0.9540987207341913,0,-0.2152389465370032,-0.03426772861068253,0.36248013399880336,1.2135227398279247,0.8342756727359149,2,0.535535506905685,0.47698001188652356,1.214017791191475,-0.1628446860903139,6.281097559232601,False,False,False
1.5197959743415,1,1.1649191839292747,-1.0050903941409806,-0.7542750926984075,-0.7465230414411823,1.0061141223210675,0,-0.8427864411625662,1.5265692800964776,0.8605919422274356,-0.1628446860903139,-1.1590193187796753,True,False,False
0.5302380963112234,0,-0.6588612027583065,-0.1729566808292966,0.6416689406731063,-0.052701525947693124,1.0061141223210675,1,0.8801159939227476,1.5265692800964776,1.214017791191475,-0.1628446860903139,3.809400131866453,True,False,False
1.0250170353263617,0,-1.5953970770032808,-1.0744348702502873,-1.1730583027098613,1.5083968839126576,-1.7433010710413719,2,-0.4982059541455034,1.1767061906931597,0.8605919422274356,-0.1628446860903139,1.4848709039307673,False,False,False
-0.4593197817190531,0,-0.1659475847346359,0.24311017582654504,-0.8938694960355587,0.6584655274331337,-0.5404319239453048,0,-0.8427864411625662,0.12711692248320555,0.8605919422274356,-0.1628446860903139,-0.6826023804657056,False,True,False
1.5197959743415,1,1.0170450985221733,-0.3116456330479107,0.5020745373359549,-0.2608479805957401,0.8342756727359149,1,1.2246964809398104,-0.5726092563234305,-0.19968560466468235,-0.1628446860903139,-3.2634665487702126,False,False,False
-1.4488776597493296,1,1.460667354743477,-1.1437793463595947,-1.4522471093841642,-0.13942921538437897,1.693467920661677,0,1.5692769679568732,1.1767061906931597,-1.6133890005208396,6.140820581921837,-1.2770534451356104,False,True,False
-0.4593197817190531,1,1.2142105457316417,1.5606552219033774,1.758424167370317,-0.2608479805957401,0.6624372231507623,2,-0.15362546712844063,-0.9224723457267486,-1.2599631515568004,-0.1628446860903139,0.7780133169008263,False,False,False
-0.4593197817190531,0,1.0663364603245407,-1.0050903941409806,-1.5918415127213155,-0.4169578215817749,0.8342756727359149,2,0.535535506905685,-0.5726092563234305,0.8605919422274356,-0.1628446860903139,-1.060935878544442,False,False,False
-0.4593197817190531,0,-1.1024834589796102,-0.5890235374851389,1.6188297640331655,-0.4689944352437863,-0.024916575189847412,0,0.19095501988862215,0.12711692248320555,-1.2599631515568004,-0.1628446860903139,1.8717137581406513,True,False,False
-0.9540987207341913,1,0.3762573950914016,1.7686886502312988,1.479235360696014,0.19013600447502835,1.0061141223210675,0,1.5692769679568732,0.47698001188652356,0.15374024429935695,-0.1628446860903139,0.21273240773168123,False,False,False
-1.4488776597493296,0,-0.9053180117701417,0.0350767474986242,-0.33549188268695335,-0.7118319656665077,-1.055947272700762,0,-1.5319474151966916,-1.6221985245333848,0.15374024429935695,-0.1628446860903139,-25.809633912199256,False,True,False
-1.4488776597493296,1,0.4255487568937689,0.9365549369196149,0.08329132732450074,0.8145753684191684,-0.024916575189847412,0,-0.4982059541455034,0.47698001188652356,0.5071660932633962,-0.1628446860903139,0.4543767163231494,True,False,False
0.5302380963112234,1,1.312793269336376,1.075243889138229,0.2228857306616519,-0.5730676625678098,0.6624372231507623,2,-0.15362546712844063,0.8268431012898416,0.15374024429935695,-0.1628446860903139,1.220926045335198,True,False,False
1.5197959743415,1,-1.4968143533985465,0.24311017582654504,1.0604521506845601,-1.4923811705966836,-1.3996241718710671,2,1.2246964809398104,0.8268431012898416,1.5674436401555143,-0.1628446860903139,-6.15693830301245,False,True,False
-1.4488776597493296,1,-0.2645303083393701,-1.5598462030154363,-1.731435916058467,-0.9199784203145548,-0.7122703735304572,1,-1.1873669281796289,1.1767061906931597,1.214017791191475,-0.1628446860903139,0.1695874297273603,False,False,False
-0.4593197817190531,0,-0.1659475847346359,0.45114360415446586,0.5020745373359549,-1.3536168674979856,1.3497910214913722,2,-0.4982059541455034,-1.6221985245333848,-0.906537302592761,-0.1628446860903139,-0.36783760914810076,False,False,False
1.5197959743415,1,-1.3489402679914455,0.8672104608103081,0.6416689406731063,1.3522870429266227,-1.2277857222859145,2,-0.4982059541455034,0.12711692248320555,0.5071660932633962,-0.1628446860903139,-1.5554935381326196,False,True,False
0.5302380963112234,0,-0.6095698409559396,1.4913107457940706,-0.8938694960355587,-0.6424498141171587,-1.055947272700762,1,-0.4982059541455034,0.47698001188652356,1.214017791191475,-0.1628446860903139,-0.408747702432309,True,False,False
-0.9540987207341913,0,-1.7432711624103818,0.10442122360793094,-0.47508628602410485,-1.6831820873573928,1.5216294710765244,1,0.19095501988862215,-0.2227461669201125,-0.19968560466468235,-0.1628446860903139,-16.69460577244163,False,False,False
-1.4488776597493296,0,-1.6446884388056477,1.075243889138229,1.479235360696014,-1.405653481159997,0.14692187439530519,0,-0.15362546712844063,0.8268431012898416,-0.19968560466468235,-0.1628446860903139,-1.529595708861744,False,True,False
1.5197959743415,1,-1.2503575443867112,-1.6291906791247437,-0.614680689361256,1.2482138156025993,1.0061141223210675,1,0.535535506905685,0.47698001188652356,0.8605919422274356,-0.1628446860903139,0.7674715798511967,True,False,False
-1.4488776597493296,0,1.2635019075340086,0.0350767474986242,-0.1958974793498019,-1.665836549470056,-1.2277857222859145,2,-1.5319474151966916,1.5265692800964776,0.15374024429935695,-0.1628446860903139,36.02106801902218,False,False,False
-0.4593197817190531,0,0.4748401186961358,0.9365549369196149,-0.33549188268695335,-0.34757567003242595,-0.5404319239453048,0,1.2246964809398104,1.5265692800964776,0.5071660932633962,-0.1628446860903139,0.5070072240053672,False,True,False
0.5302380963112234,1,1.5592500783482113,-1.2131238224689014,1.479235360696014,0.8839575199685175,0.8342756727359149,1,0.8801159939227476,-0.5726092563234305,0.8605919422274356,-0.1628446860903139,-1.2853181591759426,False,True,False
0.5302380963112234,0,1.509958716545844,-0.3809901091572174,0.36248013399880336,-0.8159051929905312,0.8342756727359149,2,-1.5319474151966916,-0.2227461669201125,-1.6133890005208396,-0.1628446860903139,-3.963249124461528,True,False,False
-1.4488776597493296,1,1.7071241637553123,0.31245465193585237,1.0604521506845601,-0.9373239582018916,1.1779525719062196,2,1.5692769679568732,-1.6221985245333848,-0.906537302592761,-0.1628446860903139,5.463590166376491,True,False,False
0.035459157296085175,0,-0.11665622293226899,-0.3116456330479107,-0.47508628602410485,-0.018010450173018628,1.1779525719062196,1,0.8801159939227476,0.47698001188652356,-0.5531114536287216,-0.1628446860903139,0.3743233036553889,True,False,False
-1.4488776597493296,1,-0.36311303194410427,-0.7970569658130597,1.0604521506845601,0.849266444193843,-0.024916575189847412,1,0.19095501988862215,0.47698001188652356,0.5071660932633962,-0.1628446860903139,0.4555672273357537,False,False,False
0.035459157296085175,0,-0.8067352881654077,-0.10361220471998989,1.758424167370317,-0.6771408898918333,-1.055947272700762,2,1.2246964809398104,0.47698001188652356,-0.906537302592761,-0.1628446860903139,7.786102905015826,False,True,False
-1.4488776597493296,0,0.3762573950914016,0.0350767474986242,-0.8938694960355587,0.849266444193843,1.3497910214913722,1,1.2246964809398104,-0.2227461669201125,-0.5531114536287216,-0.1628446860903139,10.726689956249773,False,True,False
-0.4593197817190531,0,0.57342284230087,0.7285215085916941,0.9208577473474087,-0.2608479805957401,0.49059877356561,2,1.5692769679568732,1.5265692800964776,-1.2599631515568004,-0.1628446860903139,0.787104890573999,True,False,False
1.0250170353263617,0,-0.8560266499677749,0.6591770324823872,-1.03346389937271,1.2829048913772738,1.5216294710765244,1,0.535535506905685,-0.9224723457267486,0.15374024429935695,-0.1628446860903139,-1.2986293632593264,True,False,False
-0.4593197817190531,1,-0.8560266499677749,-0.24230115693860396,1.6188297640331655,-0.018010450173018628,1.3497910214913722,2,0.19095501988862215,-0.9224723457267486,0.5071660932633962,-0.1628446860903139,3.532903683925377,False,True,False
-1.4488776597493296,0,-1.6939798006080147,0.3817991280451591,0.2228857306616519,1.751234414335379,-0.19675502477499981,2,-1.1873669281796289,1.1767061906931597,0.15374024429935695,-0.1628446860903139,-4.436835173724261,True,False,False
-0.9540987207341913,0,-1.2503575443867112,-1.0050903941409806,1.2000465540217116,-0.4863399731311239,1.693467920661677,1,-0.15362546712844063,-0.5726092563234305,-0.906537302592761,-0.1628446860903139,1.2440249669835446,False,False,False
0.035459157296085175,0,0.9677537367198064,-0.7970569658130597,0.08329132732450074,-1.2148525643992876,-1.3996241718710671,0,-0.4982059541455034,1.5265692800964776,-1.2599631515568004,-0.1628446860903139,-1.2141588095056954,False,True,False
0.035459157296085175,0,1.460667354743477,0.9365549369196149,-0.614680689361256,-0.4516488973564494,0.8342756727359149,2,-0.4982059541455034,-0.2227461669201125,0.8605919422274356,-0.1628446860903139,1.5596173776497289,False,True,False
0.035459157296085175,0,-0.7081525645606735,1.0058994130289223,-0.7542750926984075,-0.24350244270840246,-0.5404319239453048,0,-1.1873669281796289,-1.2723354351300666,-0.19968560466468235,-0.1628446860903139,-0.7039993814374681,True,False,False
1.5197959743415,1,0.6720055659056042,0.3817991280451591,0.7812633440102572,0.01668062560165587,1.0061141223210675,1,-0.8427864411625662,-0.2227461669201125,1.5674436401555143,-0.1628446860903139,1.7601024113028347,False,False,False
-0.4593197817190531,1,1.6578328019529454,-1.6291906791247437,-1.4522471093841642,-1.1454704128499387,0.3187603239804574,2,-0.8427864411625662,0.8268431012898416,-1.6133890005208396,-0.1628446860903139,-1.0175805835346352,False,True,False
-0.4593197817190531,1,0.2776746714866674,0.6591770324823872,-1.4522471093841642,-0.6077587383424843,-1.3996241718710671,2,-0.15362546712844063,0.8268431012898416,-1.6133890005208396,-0.1628446860903139,0.4212444575639651,True,False,False
0.035459157296085175,1,-1.2996489061890784,-0.4503345852665248,0.5020745373359549,-1.2495436401739621,-0.7122703735304572,2,-0.8427864411625662,-0.9224723457267486,-1.2599631515568004,-0.1628446860903139,2.8859629011613612,False,False,False
0.5302380963112234,1,1.7071241637553123,1.5606552219033774,-0.33549188268695335,1.2308682777152624,1.693467920661677,0,1.5692769679568732,1.1767061906931597,-0.19968560466468235,-0.1628446860903139,1.093850928633232,True,False,False
1.5197959743415,1,-0.8067352881654077,-1.6985351552340504,-1.731435916058467,0.29420923179905184,-1.3996241718710671,0,0.535535506905685,0.12711692248320555,-0.906537302592761,-0.1628446860903139,0.47495942941154096,False,False,False
-0.9540987207341913,1,-0.11665622293226899,1.3526217935754572,-1.1730583027098613,0.3635913833484008,1.0061141223210675,0,1.5692769679568732,1.5265692800964776,-1.6133890005208396,-0.1628446860903139,-0.08624452414292792,True,False,False
0.035459157296085175,1,-1.6939798006080147,-0.03426772861068253,1.758424167370317,-0.8332507308778688,-1.5714626214562195,2,0.8801159939227476,0.12711692248320555,1.214017791191475,-0.1628446860903139,49.43367621044886,True,False,False
0.035459157296085175,1,0.1790919478819336,-0.5196790613758315,-0.7542750926984075,-1.596454397920707,-1.5714626214562195,2,0.8801159939227476,-1.2723354351300666,-1.6133890005208396,-0.1628446860903139,-0.3446202881597618,True,False,False
-0.9540987207341913,1,0.770588289510338,0.7978659847010008,-0.47508628602410485,-0.4689944352437863,-0.19675502477499981,1,1.2246964809398104,-0.9224723457267486,-0.906537302592761,-0.1628446860903139,0.9658116830223248,False,False,False
-0.4593197817190531,0,-0.9053180117701417,0.0350767474986242,-0.1958974793498019,-1.475035632709346,-1.055947272700762,0,0.19095501988862215,0.12711692248320555,0.15374024429935695,-0.1628446860903139,-25.809633912199256,False,False,False
0.035459157296085175,0,1.608541440150578,0.6591770324823872,-1.4522471093841642,-0.7812141172158568,0.3187603239804574,2,1.5692769679568732,-0.5726092563234305,1.214017791191475,-0.1628446860903139,2.4402267689652204,False,False,False
1.0250170353263617,1,-0.1659475847346359,0.0350767474986242,-0.47508628602410485,-0.13942921538437897,0.8342756727359149,1,-0.15362546712844063,0.12711692248320555,-0.5531114536287216,-0.1628446860903139,-4.7309855265555845,False,True,False
-1.4488776597493296,0,-0.06736486112990167,-0.6583680135944456,1.339640957358863,0.3115547696863887,-1.2277857222859145,1,-0.15362546712844063,-1.6221985245333848,-0.19968560466468235,-0.1628446860903139,0.10232098118211191,True,False,False
-1.4488776597493296,0,-1.5461057152009137,0.9365549369196149,-1.5918415127213155,0.7451932168698195,1.0061141223210675,2,1.5692769679568732,-0.5726092563234305,0.15374024429935695,-0.1628446860903139,-1.650843590965574,False,False,False
0.5302380963112234,1,-0.4124043937464712,0.5204880802637732,-1.5918415127213155,0.6064289137711215,1.3497910214913722,0,-1.1873669281796289,0.12711692248320555,-1.2599631515568004,-0.1628446860903139,-0.7923416681078895,False,True,False
-0.9540987207341913,1,-0.36311303194410427,1.699344174121992,0.2228857306616519,-0.38226674580710046,-1.3996241718710671,2,0.19095501988862215,-1.2723354351300666,-1.2599631515568004,-0.1628446860903139,-0.21367833395593072,True,False,False
-0.4593197817190531,0,0.4255487568937689,0.3817991280451591,0.08329132732450074,-0.7812141172158568,-1.5714626214562195,1,-1.5319474151966916,-0.5726092563234305,-0.5531114536287216,-0.1628446860903139,1.114588079529179,False,True,False
0.5302380963112234,1,-0.2645303083393701,-1.4905017269061296,0.08329132732450074,-1.4229990190473345,-0.19675502477499981,0,0.8801159939227476,0.8268431012898416,-0.906537302592761,-0.1628446860903139,0.17747735783470847,False,False,False
1.5197959743415,1,-0.5109871173512054,-0.4503345852665248,0.08329132732450074,0.5370467622217725,-0.19675502477499981,1,0.535535506905685,0.12711692248320555,1.214017791191475,-0.1628446860903139,1.1346832645526972,False,True,False
0.5302380963112234,1,-1.5953970770032808,1.2832773174661503,-1.03346389937271,1.6645067248986933,0.3187603239804574,2,-0.4982059541455034,-1.6221985245333848,-1.6133890005208396,-0.1628446860903139,-1.2432208185159974,False,False,False
-0.9540987207341913,1,0.5241314804985027,1.6299996980126852,-1.1730583027098613,0.06871723926366723,1.693467920661677,1,0.8801159939227476,1.5265692800964776,-0.906537302592761,-0.1628446860903139,0.32155311509414997,True,False,False
-1.4488776597493296,0,-1.053192097177243,-0.6583680135944456,-1.5918415127213155,0.9880307472925409,1.0061141223210675,2,-0.4982059541455034,0.8268431012898416,0.5071660932633962,-0.1628446860903139,1.5997011936032617,True,False,False
0.035459157296085175,1,-1.2503575443867112,0.9365549369196149,1.479235360696014,-1.5444177842586948,-0.7122703735304572,2,-1.1873669281796289,0.12711692248320555,0.8605919422274356,-0.1628446860903139,-1.3350605448722654,False,False,False
-0.4593197817190531,1,1.0170450985221733,1.4913107457940706,-0.33549188268695335,-0.6251042762298219,0.14692187439530519,1,-1.5319474151966916,1.1767061906931597,1.214017791191475,-0.1628446860903139,0.6819806679396201,True,False,False
0.5302380963112234,0,-1.1024834589796102,-0.03426772861068253,0.9208577473474087,1.0747584367292269,-0.7122703735304572,2,-1.1873669281796289,-1.6221985245333848,-1.6133890005208396,-0.1628446860903139,32.17264474996236,False,True,False
0.035459157296085175,1,0.9184623749174395,-0.7277124897037524,-0.47508628602410485,-0.9893605718639037,1.5216294710765244,2,-0.4982059541455034,1.1767061906931597,-0.19968560466468235,-0.1628446860903139,-1.2621225936239466,False,True,False
1.0250170353263617,0,-0.5109871173512054,-0.3809901091572174,-0.614680689361256,1.1961772019405879,1.693467920661677,2,0.535535506905685,-0.5726092563234305,1.5674436401555143,-0.1628446860903139,1.3412083544151643,False,False,False
1.0250170353263617,0,-1.3982316297938124,1.421966269684764,-1.03346389937271,0.5717378379964471,0.49059877356561,2,-1.5319474151966916,-1.6221985245333848,0.5071660932633962,-0.1628446860903139,-0.9833085774276396,True,False,False
-0.9540987207341913,1,-0.2152389465370032,1.2139328413568424,-0.056303076012650735,-1.1628159507372762,0.6624372231507623,0,1.2246964809398104,-1.2723354351300666,-0.5531114536287216,-0.1628446860903139,-0.1773071287011441,True,False,False
-0.9540987207341913,1,-0.6095698409559396,0.0350767474986242,-1.3126527060470128,-0.7812141172158568,-0.3685934743601522,1,-1.5319474151966916,-1.2723354351300666,-0.906537302592761,-0.1628446860903139,-17.378174557941794,True,False,False
-0.9540987207341913,0,0.2283833096843005,-1.0744348702502873,1.2000465540217116,1.4390147323633087,1.5216294710765244,2,-0.8427864411625662,1.5265692800964776,1.5674436401555143,-0.1628446860903139,-0.21256133434230323,False,True,False
1.5197959743415,0,-1.4968143533985465,1.3526217935754572,1.758424167370317,-0.9199784203145548,0.8342756727359149,0,-1.5319474151966916,0.47698001188652356,0.15374024429935695,-0.1628446860903139,-1.106602274566298,True,False,False
0.5302380963112234,0,-0.6095698409559396,1.3526217935754572,0.5020745373359549,0.710502141095145,-1.3996241718710671,0,-1.5319474151966916,-0.9224723457267486,1.5674436401555143,-0.1628446860903139,-0.45065800643698867,False,True,False
-1.4488776597493296,1,0.9184623749174395,-1.6291906791247437,-0.614680689361256,-0.38226674580710046,0.49059877356561,1,1.5692769679568732,0.12711692248320555,-1.6133890005208396,-0.1628446860903139,-0.5637537623348475,False,False,False
0.5302380963112234,0,1.7071241637553123,1.1445883652475357,-0.7542750926984075,-1.4923811705966836,-0.024916575189847412,1,-1.5319474151966916,0.8268431012898416,0.5071660932633962,-0.1628446860903139,1.491474328752345,True,False,False
0.035459157296085175,0,-1.7432711624103818,-1.6291906791247437,-0.614680689361256,-1.3362713296106479,-1.055947272700762,1,-1.1873669281796289,-1.6221985245333848,0.8605919422274356,-0.1628446860903139,1.0700227939843887,False,False,False
1.0250170353263617,0,-0.1659475847346359,-0.7277124897037524,-0.8938694960355587,-1.180161488624613,-1.2277857222859145,1,-0.4982059541455034,1.1767061906931597,-1.6133890005208396,-0.1628446860903139,0.22804003927731434,True,False,False
1.0250170353263617,0,0.031217862474832096,0.58983255637308,1.479235360696014,0.3982824591230753,-0.7122703735304572,0,-1.5319474151966916,-0.9224723457267486,0.15374024429935695,-0.1628446860903139,0.05292665204306936,False,True,False
0.5302380963112234,0,-0.8560266499677749,-0.1729566808292966,0.9208577473474087,-0.7118319656665077,-1.055947272700762,0,-0.4982059541455034,1.5265692800964776,1.214017791191475,-0.1628446860903139,4.949370246140703,False,False,False
0.035459157296085175,0,0.8691710131150722,0.31245465193585237,-0.614680689361256,-1.457690094822009,0.6624372231507623,1,1.2246964809398104,-1.2723354351300666,1.5674436401555143,-0.1628446860903139,2.7817509124284534,True,False,False
0.5302380963112234,0,1.312793269336376,0.3817991280451591,-0.614680689361256,1.5083968839126576,-0.19675502477499981,1,0.535535506905685,0.8268431012898416,-0.5531114536287216,-0.1628446860903139,3.4384396739143397,False,True,False
-1.4488776597493296,1,-0.018073499327534787,0.1737656997172383,0.6416689406731063,1.2829048913772738,-1.2277857222859145,1,-0.8427864411625662,-0.2227461669201125,1.5674436401555143,-0.1628446860903139,-0.10401074180315817,False,False,False
1.0250170353263617,1,0.3762573950914016,-0.9357459180316738,-0.7542750926984075,0.5717378379964471,1.3497910214913722,1,0.535535506905685,-0.9224723457267486,0.8605919422274356,-0.1628446860903139,-0.4020935468068649,False,False,False
-1.4488776597493296,1,0.32696603328903473,0.1737656997172383,1.0604521506845601,1.4390147323633087,-0.19675502477499981,2,0.8801159939227476,0.8268431012898416,0.15374024429935695,-0.1628446860903139,1.8816488744389313,False,True,False
-1.4488776597493296,1,1.6578328019529454,-0.3116456330479107,1.339640957358863,-0.24350244270840246,-1.2277857222859145,1,1.2246964809398104,1.5265692800964776,-0.906537302592761,-0.1628446860903139,-5.319608639271641,False,True,False
1.5197959743415,1,1.1649191839292747,1.421966269684764,-0.33549188268695335,0.9706852094052033,0.49059877356561,1,-0.15362546712844063,0.12711692248320555,-1.6133890005208396,-0.1628446860903139,0.8192312354831919,False,True,False
0.5302380963112234,0,0.6227142041032369,-1.6291906791247437,1.6188297640331655,-1.1454704128499387,-1.055947272700762,0,1.2246964809398104,0.12711692248320555,0.8605919422274356,-0.1628446860903139,-0.38222303385493217,True,False,False
1.5197959743415,1,1.2142105457316417,1.2832773174661503,0.5020745373359549,0.1727904665876907,0.8342756727359149,1,1.2246964809398104,0.47698001188652356,-0.906537302592761,-0.1628446860903139,0.9461793871094971,True,False,False
-0.9540987207341913,0,-0.7574439263630407,1.2832773174661503,1.339640957358863,1.5777790354620067,-0.5404319239453048,0,-0.8427864411625662,-1.6221985245333848,-0.19968560466468235,-0.1628446860903139,-0.5902418098206744,False,True,False
1.0250170353263617,1,0.8691710131150722,1.0058994130289223,-0.056303076012650735,-0.24350244270840246,-1.2277857222859145,2,-1.5319474151966916,-1.6221985245333848,-1.2599631515568004,-0.1628446860903139,0.8640734867295138,False,False,False
0.5302380963112234,0,0.4748401186961358,-1.0744348702502873,1.2000465540217116,1.126795050391239,-0.3685934743601522,2,0.19095501988862215,0.8268431012898416,-0.906537302592761,-0.1628446860903139,-0.4419440692440695,True,False,False
0.5302380963112234,0,-1.1517748207819771,0.7285215085916941,0.6416689406731063,-0.07004706383502998,1.0061141223210675,1,1.2246964809398104,0.47698001188652356,-0.5531114536287216,-0.1628446860903139,-1.580975725766113,False,False,False
-0.9540987207341913,1,-1.5461057152009137,-1.3518127746875155,-0.47508628602410485,0.3115547696863887,1.1779525719062196,0,1.2246964809398104,1.5265692800964776,1.214017791191475,-0.1628446860903139,1.143727699687045,False,False,False
1.0250170353263617,1,-0.018073499327534787,-1.4211572507968222,0.2228857306616519,-1.2668891780612996,-1.7433010710413719,1,0.535535506905685,0.8268431012898416,1.5674436401555143,-0.1628446860903139,0.01271745214500453,True,False,False
-0.9540987207341913,0,0.770588289510338,-0.5196790613758315,0.36248013399880336,1.5777790354620067,-0.024916575189847412,1,0.8801159939227476,-0.5726092563234305,0.15374024429935695,-0.1628446860903139,-1.4828157352929197,True,False,False
0.5302380963112234,1,-0.6095698409559396,-0.5196790613758315,0.36248013399880336,1.2482138156025993,-1.5714626214562195,1,0.19095501988862215,0.12711692248320555,0.8605919422274356,-0.1628446860903139,1.1729736413511167,False,True,False
-0.4593197817190531,1,0.32696603328903473,-0.5890235374851389,-0.8938694960355587,-0.19146582904639112,-1.5714626214562195,2,-0.4982059541455034,0.8268431012898416,0.5071660932633962,-0.1628446860903139,-0.555098417093874,False,False,False
1.0250170353263617,1,0.2283833096843005,-0.4503345852665248,-0.614680689361256,-1.5097267084840205,-1.5714626214562195,1,-1.5319474151966916,1.1767061906931597,-1.2599631515568004,-0.1628446860903139,-0.5071413947679252,False,False,False
0.5302380963112234,0,-1.3489402679914455,-0.3809901091572174,0.2228857306616519,-0.17412029115905348,-0.7122703735304572,1,0.8801159939227476,0.8268431012898416,-0.19968560466468235,-0.1628446860903139,3.540617552973793,False,True,False
-1.4488776597493296,1,-1.1024834589796102,-1.3518127746875155,-1.4522471093841642,-0.4863399731311239,-1.3996241718710671,1,0.19095501988862215,-0.9224723457267486,0.5071660932633962,-0.1628446860903139,0.8155592842614318,False,True,False
-0.9540987207341913,1,-0.9053180117701417,-0.10361220471998989,-1.5918415127213155,1.5430879596873321,-1.2277857222859145,2,0.19095501988862215,0.12711692248320555,0.15374024429935695,-0.1628446860903139,8.73756150848008,False,False,False
0.035459157296085175,1,1.41137599294111,0.7285215085916941,-0.056303076012650735,0.29420923179905184,1.3497910214913722,2,-1.1873669281796289,-0.9224723457267486,-1.2599631515568004,-0.1628446860903139,1.937315475653482,False,True,False
-0.4593197817190531,1,0.8198796513127053,-1.2824682985782088,-0.8938694960355587,-0.08739260172236762,1.3497910214913722,0,-0.4982059541455034,-1.2723354351300666,-0.906537302592761,-0.1628446860903139,-0.63929818165615,False,True,False
0.035459157296085175,1,-1.1024834589796102,1.6299996980126852,-1.03346389937271,-0.8332507308778688,1.693467920661677,2,0.19095501988862215,1.5265692800964776,1.5674436401555143,-0.1628446860903139,-0.6763703455428679,False,True,False
1.0250170353263617,1,-1.3489402679914455,-0.8664014419223665,-0.47508628602410485,-0.5383765867931353,-1.5714626214562195,0,0.19095501988862215,-1.2723354351300666,1.5674436401555143,-0.1628446860903139,1.556946009921711,False,True,False
0.035459157296085175,0,-1.5953970770032808,-1.0744348702502873,1.2000465540217116,-0.17412029115905348,-1.3996241718710671,1,-1.1873669281796289,-0.2227461669201125,-1.2599631515568004,-0.1628446860903139,1.4848709039307673,True,False,False
-0.4593197817190531,1,-1.201066182584344,-1.4211572507968222,0.5020745373359549,0.7625387547571572,1.5216294710765244,1,0.19095501988862215,0.12711692248320555,0.5071660932633962,-0.1628446860903139,0.8451325016362009,True,False,False
-0.9540987207341913,1,-0.3138216701417372,0.8672104608103081,-0.47508628602410485,-0.2261569048210656,1.1779525719062196,0,-0.8427864411625662,-0.2227461669201125,-1.6133890005208396,-0.1628446860903139,-0.3618748669711699,True,False,False
1.0250170353263617,0,-0.36311303194410427,-1.3518127746875155,-0.614680689361256,0.12075385292567935,-1.2277857222859145,2,0.535535506905685,0.8268431012898416,-1.6133890005208396,-0.1628446860903139,0.2686119252187429,False,False,False
-0.4593197817190531,1,0.9184623749174395,0.9365549369196149,-1.4522471093841642,-0.6771408898918333,-0.5404319239453048,0,-0.4982059541455034,-0.5726092563234305,-1.2599631515568004,-0.1628446860903139,0.9806817931453302,True,False,False
1.5197959743415,1,-0.6588612027583065,-0.1729566808292966,1.2000465540217116,1.265559353489937,1.5216294710765244,0,1.2246964809398104,-0.2227461669201125,0.5071660932633962,-0.1628446860903139,3.809400131866453,True,False,False
-1.4488776597493296,1,-0.06736486112990167,1.2139328413568424,-0.33549188268695335,1.7165433385607045,0.6624372231507623,0,1.2246964809398104,0.12711692248320555,0.15374024429935695,-0.1628446860903139,-0.055493070814861815,False,False,False
-0.4593197817190531,1,-1.5953970770032808,0.7285215085916941,-0.614680689361256,-0.0006649122856809947,0.6624372231507623,1,-1.5319474151966916,-0.2227461669201125,-1.2599631515568004,-0.1628446860903139,-2.1899107413964276,False,True,False
1.0250170353263617,0,0.57342284230087,-0.1729566808292966,-1.731435916058467,1.7165433385607045,1.1779525719062196,2,0.535535506905685,0.12711692248320555,-0.906537302592761,-0.1628446860903139,-3.31541308234761,False,True,False
-1.4488776597493296,1,-0.2645303083393701,-1.0050903941409806,1.6188297640331655,1.473705808137983,-1.5714626214562195,1,0.535535506905685,0.8268431012898416,1.5674436401555143,-0.1628446860903139,0.26319056463121,False,True,False
0.035459157296085175,0,0.1298005860795663,0.1737656997172383,-0.47508628602410485,-0.9546694960892292,-1.2277857222859145,1,-1.5319474151966916,-0.9224723457267486,-1.6133890005208396,-0.1628446860903139,0.7469862365863079,True,False,False
1.5197959743415,1,0.6227142041032369,0.7285215085916941,0.2228857306616519,-1.5791088600333694,-1.5714626214562195,0,-1.1873669281796289,-1.6221985245333848,-0.906537302592761,-0.1628446860903139,0.8547643367551447,False,False,False
0.035459157296085175,1,0.6227142041032369,1.699344174121992,-0.8938694960355587,-1.5791088600333694,1.5216294710765244,2,0.8801159939227476,-0.2227461669201125,1.214017791191475,-0.1628446860903139,0.3664438396800798,False,False,False
-1.4488776597493296,1,-0.6588612027583065,-0.9357459180316738,-0.1958974793498019,-0.20881136693372795,1.3497910214913722,2,-0.4982059541455034,1.1767061906931597,0.8605919422274356,-0.1628446860903139,0.7041026736661702,False,True,False
0.035459157296085175,0,0.32696603328903473,-1.6985351552340504,0.9208577473474087,-1.110779337075264,1.0061141223210675,1,1.5692769679568732,-0.2227461669201125,-1.2599631515568004,-0.1628446860903139,-0.19249883187962646,False,False,False
0.5302380963112234,1,-1.053192097177243,-0.3116456330479107,-1.4522471093841642,1.1788316640532503,0.8342756727359149,1,0.535535506905685,1.1767061906931597,-1.2599631515568004,-0.1628446860903139,3.3794540513113205,False,True,False
-0.4593197817190531,1,1.41137599294111,-0.3809901091572174,1.2000465540217116,-0.17412029115905348,1.5216294710765244,2,0.535535506905685,-0.9224723457267486,0.8605919422274356,-0.1628446860903139,-3.70449510110169,False,False,False
1.0250170353263617,0,1.2635019075340086,-1.1437793463595947,0.5020745373359549,-0.8332507308778688,-0.19675502477499981,0,-1.5319474151966916,-1.6221985245333848,1.5674436401555143,-0.1628446860903139,-1.1046727776257417,True,False,False
0.035459157296085175,1,0.9677537367198064,0.6591770324823872,0.2228857306616519,-1.3362713296106479,0.14692187439530519,2,1.5692769679568732,1.5265692800964776,-1.2599631515568004,-0.1628446860903139,1.4681241745868385,False,True,False
-1.4488776597493296,1,1.41137599294111,0.3817991280451591,0.08329132732450074,-1.4229990190473345,0.6624372231507623,2,1.2246964809398104,1.5265692800964776,-0.19968560466468235,-0.1628446860903139,3.696645406623802,False,False,False
-0.4593197817190531,0,-0.3138216701417372,-0.03426772861068253,-0.056303076012650735,-0.20881136693372795,1.3497910214913722,0,0.19095501988862215,0.12711692248320555,0.15374024429935695,-0.1628446860903139,9.157936135980348,True,False,False
-0.4593197817190531,0,0.031217862474832096,1.4913107457940706,0.36248013399880336,0.03402616348899273,-1.7433010710413719,1,-1.5319474151966916,0.8268431012898416,-0.906537302592761,-0.1628446860903139,0.02093317074451152,False,False,False
1.5197959743415,1,-1.4968143533985465,0.1737656997172383,-1.03346389937271,1.5777790354620067,-1.055947272700762,1,-0.4982059541455034,-0.9224723457267486,-0.906537302592761,-0.1628446860903139,-8.613980525697825,False,True,False
-0.4593197817190531,0,0.6227142041032369,0.45114360415446586,-0.8938694960355587,1.265559353489937,0.8342756727359149,1,1.2246964809398104,0.12711692248320555,0.15374024429935695,-0.1628446860903139,1.3803015234369307,True,False,False
0.5302380963112234,0,0.9184623749174395,-1.0744348702502873,0.5020745373359549,-0.36492120791976357,-0.024916575189847412,0,-1.1873669281796289,-1.2723354351300666,0.15374024429935695,-0.1628446860903139,-0.854832992067249,False,True,False
0.035459157296085175,0,-1.201066182584344,1.2139328413568424,0.9208577473474087,0.45031907278508665,-1.5714626214562195,0,-1.5319474151966916,-1.6221985245333848,0.8605919422274356,-0.1628446860903139,-0.9894008479430237,False,True,False
0.5302380963112234,0,-1.1517748207819771,0.0350767474986242,1.758424167370317,-0.8679418066525426,-1.3996241718710671,2,-0.15362546712844063,0.8268431012898416,-0.5531114536287216,-0.1628446860903139,-32.835850040747154,False,True,False
-0.9540987207341913,1,0.4748401186961358,0.6591770324823872,1.6188297640331655,0.9533396715178665,0.14692187439530519,0,0.8801159939227476,-0.5726092563234305,1.5674436401555143,-0.1628446860903139,0.7203529481419291,False,True,False
0.5302380963112234,0,1.0170450985221733,0.6591770324823872,0.6416689406731063,-0.6251042762298219,-0.7122703735304572,0,0.535535506905685,-0.5726092563234305,1.214017791191475,-0.1628446860903139,1.5429012972313292,False,False,False
1.5197959743415,0,0.32696603328903473,0.10442122360793094,-0.1958974793498019,-1.0934337991879273,0.6624372231507623,1,-1.1873669281796289,0.12711692248320555,1.5674436401555143,-0.1628446860903139,3.131222006329767,True,False,False
0.5302380963112234,1,0.08050922427719942,-0.9357459180316738,0.36248013399880336,-1.110779337075264,1.3497910214913722,1,0.8801159939227476,1.1767061906931597,-1.6133890005208396,-0.1628446860903139,-0.08603748381456928,False,True,False
1.5197959743415,0,1.2635019075340086,-0.10361220471998989,0.6416689406731063,1.5430879596873321,-0.3685934743601522,0,1.5692769679568732,-0.5726092563234305,1.214017791191475,-0.1628446860903139,-12.194527767733538,False,False,False
1.5197959743415,0,-0.1659475847346359,1.1445883652475357,-0.47508628602410485,-0.5730676625678098,1.5216294710765244,1,1.2246964809398104,-0.5726092563234305,-1.2599631515568004,-0.1628446860903139,-0.14498451126466505,False,False,False
0.5302380963112234,0,-1.5953970770032808,-0.9357459180316738,0.6416689406731063,0.779884292644494,-0.7122703735304572,0,0.535535506905685,0.8268431012898416,0.15374024429935695,-0.1628446860903139,1.7049468731417736,True,False,False
1.0250170353263617,1,-0.9546093735725089,0.9365549369196149,0.2228857306616519,0.27686369391171417,-1.055947272700762,2,0.8801159939227476,-0.9224723457267486,-1.2599631515568004,-0.1628446860903139,-1.019277498778957,False,False,False
-0.4593197817190531,1,0.8198796513127053,1.1445883652475357,0.7812633440102572,0.8145753684191684,0.49059877356561,1,-0.15362546712844063,-0.5726092563234305,1.214017791191475,-0.1628446860903139,0.7163096150600772,True,False,False
-0.9540987207341913,0,0.8198796513127053,-0.9357459180316738,-0.33549188268695335,1.4910513460253207,-1.3996241718710671,0,-0.8427864411625662,-0.5726092563234305,1.5674436401555143,-0.1628446860903139,-0.8761776412953088,False,True,False
1.0250170353263617,1,0.1298005860795663,1.421966269684764,1.479235360696014,1.3522870429266227,0.49059877356561,1,-0.15362546712844063,-0.5726092563234305,-0.906537302592761,-0.1628446860903139,0.09128246488458676,False,True,False
1.0250170353263617,0,-0.7574439263630407,-1.2824682985782088,0.36248013399880336,-1.3015802538359733,0.8342756727359149,2,1.5692769679568732,-1.2723354351300666,-0.19968560466468235,-0.1628446860903139,0.5906141517905517,False,False,False
0.035459157296085175,1,0.08050922427719942,1.2139328413568424,1.339640957358863,0.08606277715100485,-1.2277857222859145,0,-1.5319474151966916,-0.9224723457267486,-0.5531114536287216,-0.1628446860903139,0.0663209870714201,True,False,False
1.0250170353263617,0,-0.06736486112990167,-0.9357459180316738,-0.47508628602410485,-1.1454704128499387,-0.7122703735304572,1,-1.1873669281796289,0.47698001188652356,-0.5531114536287216,-0.1628446860903139,0.0719905476815785,False,False,False
-0.9540987207341913,0,-1.1024834589796102,0.58983255637308,0.7812633440102572,-0.33023013214508906,0.8342756727359149,2,-0.4982059541455034,0.12711692248320555,-0.19968560466468235,-0.1628446860903139,-1.8691465010999988,False,True,False
-0.9540987207341913,0,-0.7081525645606735,0.31245465193585237,0.2228857306616519,-1.3709624053853224,0.3187603239804574,2,-0.8427864411625662,-0.5726092563234305,-1.2599631515568004,-0.1628446860903139,-2.266417095003146,True,False,False
1.0250170353263617,1,-0.8067352881654077,0.7285215085916941,-1.5918415127213155,-1.2842347159486365,-0.024916575189847412,0,-0.4982059541455034,0.47698001188652356,-0.5531114536287216,-0.1628446860903139,-1.1073596024980907,False,True,False
-1.4488776597493296,1,-1.3489402679914455,-1.4211572507968222,-1.5918415127213155,0.849266444193843,1.1779525719062196,2,-0.8427864411625662,-1.6221985245333848,1.5674436401555143,-0.1628446860903139,0.9491843828226006,True,False,False
-0.4593197817190531,0,-1.2503575443867112,-1.2131238224689014,-0.614680689361256,0.9706852094052033,0.49059877356561,1,-1.1873669281796289,0.12711692248320555,-0.19968560466468235,-0.1628446860903139,1.0306924332274947,True,False,False
-1.4488776597493296,0,-0.1659475847346359,1.0058994130289223,1.339640957358863,1.3349415050392852,-1.5714626214562195,2,1.5692769679568732,0.47698001188652356,-1.2599631515568004,-0.1628446860903139,-0.16497433300506803,True,False,False
0.5302380963112234,0,1.0663364603245407,1.0058994130289223,-0.47508628602410485,1.5951245733493442,-1.055947272700762,0,-0.8427864411625662,-0.9224723457267486,-1.6133890005208396,-0.1628446860903139,1.0600825952503867,False,False,False
0.5302380963112234,0,-1.1517748207819771,0.5204880802637732,-1.731435916058467,-1.0587427234132527,0.3187603239804574,2,1.5692769679568732,-0.5726092563234305,0.8605919422274356,-0.1628446860903139,-2.212874539217651,False,False,False
0.5302380963112234,0,-1.6939798006080147,0.24311017582654504,-1.5918415127213155,-1.2321981022866253,1.0061141223210675,2,1.2246964809398104,-0.9224723457267486,0.5071660932633962,-0.1628446860903139,-6.967951032278634,False,True,False
0.035459157296085175,0,0.9184623749174395,-0.3809901091572174,1.479235360696014,1.4216691944759718,0.49059877356561,0,-1.5319474151966916,-0.9224723457267486,0.5071660932633962,-0.1628446860903139,-2.410724984302497,False,True,False
1.5197959743415,0,-0.8560266499677749,-0.3809901091572174,-0.33549188268695335,-0.24350244270840246,-0.7122703735304572,0,1.5692769679568732,1.1767061906931597,-0.5531114536287216,-0.1628446860903139,2.2468474361746,True,False,False
-1.4488776597493296,1,-1.1517748207819771,-0.4503345852665248,0.36248013399880336,1.1094495125039012,1.5216294710765244,1,-0.4982059541455034,-0.5726092563234305,1.5674436401555143,-0.1628446860903139,2.5575979692972366,False,False,False
1.5197959743415,1,0.57342284230087,-1.1437793463595947,0.6416689406731063,1.1614861261659135,-0.19675502477499981,1,-0.8427864411625662,0.47698001188652356,-0.19968560466468235,-0.1628446860903139,-0.5013404413412014,True,False,False
-0.4593197817190531,1,0.3762573950914016,0.58983255637308,0.2228857306616519,-0.8332507308778688,0.6624372231507623,0,1.5692769679568732,-0.5726092563234305,-1.2599631515568004,-0.1628446860903139,0.6379054377822642,False,False,False
-0.9540987207341913,1,-0.7081525645606735,1.6299996980126852,-0.33549188268695335,1.5951245733493442,-0.7122703735304572,2,-0.4982059541455034,1.1767061906931597,0.15374024429935695,-0.1628446860903139,-0.4344495066005604,False,True,False
0.035459157296085175,1,-1.3982316297938124,-1.0744348702502873,-1.5918415127213155,0.6758110653204705,0.14692187439530519,2,1.5692769679568732,-0.5726092563234305,0.15374024429935695,-0.1628446860903139,1.3013647160093542,False,True,False
1.5197959743415,0,1.0663364603245407,0.58983255637308,1.479235360696014,-1.2668891780612996,0.6624372231507623,0,0.535535506905685,0.12711692248320555,0.8605919422274356,-0.1628446860903139,1.807863009260654,True,False,False
-1.4488776597493296,0,1.608541440150578,0.6591770324823872,-0.056303076012650735,-0.3996122836944381,0.14692187439530519,1,1.5692769679568732,-1.6221985245333848,-0.5531114536287216,-0.1628446860903139,2.4402267689652204,True,False,False
1.0250170353263617,0,-1.201066182584344,0.1737656997172383,-1.1730583027098613,1.2829048913772738,-0.5404319239453048,1,-0.8427864411625662,-0.2227461669201125,0.5071660932633962,-0.1628446860903139,-6.91198656891889,False,False,False
0.5302380963112234,0,0.2776746714866674,1.4913107457940706,0.2228857306616519,0.5890833758837847,0.14692187439530519,1,-1.5319474151966916,0.47698001188652356,0.8605919422274356,-0.1628446860903139,0.18619504504328868,False,True,False
1.0250170353263617,0,-0.4616957555488383,-0.7277124897037524,-1.1730583027098613,0.7972298305318316,-0.8841088231156097,2,-1.5319474151966916,1.5265692800964776,-1.2599631515568004,-0.1628446860903139,0.6344480300685673,True,False,False
1.0250170353263617,1,0.2283833096843005,0.7978659847010008,0.36248013399880336,1.6471611870113556,-0.8841088231156097,1,-0.4982059541455034,-0.9224723457267486,-0.906537302592761,-0.1628446860903139,0.28624269496823684,False,False,False
0.5302380963112234,1,-1.3982316297938124,1.4913107457940706,-1.1730583027098613,-1.0934337991879273,1.1779525719062196,1,1.2246964809398104,-1.6221985245333848,-0.906537302592761,-0.1628446860903139,-0.9375857001883958,False,False,False
0.5302380963112234,1,1.1156278221269076,-1.2131238224689014,-1.5918415127213155,0.710502141095145,-0.19675502477499981,1,-0.8427864411625662,1.1767061906931597,0.5071660932633962,-0.1628446860903139,-0.9196322761648734,True,False,False
-0.9540987207341913,1,-0.36311303194410427,0.7285215085916941,-1.731435916058467,-1.405653481159997,-0.024916575189847412,2,-0.15362546712844063,-1.2723354351300666,-1.2599631515568004,-0.1628446860903139,-0.4984245868677763,False,False,False
0.035459157296085175,1,-1.201066182584344,0.8672104608103081,-0.8938694960355587,-1.2495436401739621,0.14692187439530519,2,-0.8427864411625662,-1.2723354351300666,-0.5531114536287216,-0.1628446860903139,-1.384976585109555,True,False,False
-0.4593197817190531,0,-0.6588612027583065,-1.6985351552340504,0.36248013399880336,0.45031907278508665,-0.5404319239453048,1,0.8801159939227476,-0.5726092563234305,0.8605919422274356,-0.1628446860903139,0.38789965619964956,True,False,False
1.0250170353263617,1,-1.2996489061890784,-0.5890235374851389,0.7812633440102572,-0.33023013214508906,1.5216294710765244,2,0.8801159939227476,-1.6221985245333848,0.8605919422274356,-0.1628446860903139,2.2064464719661028,True,False,False
-1.4488776597493296,0,-0.5109871173512054,0.24311017582654504,-0.33549188268695335,-1.110779337075264,1.3497910214913722,2,0.535535506905685,-0.9224723457267486,-1.2599631515568004,-0.1628446860903139,-2.1018746566815287,True,False,False
-0.4593197817190531,0,-0.018073499327534787,0.8672104608103081,-1.1730583027098613,-0.6597953520044965,0.14692187439530519,2,1.2246964809398104,1.5265692800964776,-0.5531114536287216,-0.1628446860903139,-0.020840960925041414,True,False,False
-1.4488776597493296,0,0.721296927707971,-1.0050903941409806,1.0604521506845601,-0.7638685793285199,1.3497910214913722,0,-0.4982059541455034,1.1767061906931597,-1.2599631515568004,-0.1628446860903139,-0.7176438377211246,False,True,False
-1.4488776597493296,0,-0.4616957555488383,-1.1437793463595947,0.6416689406731063,1.0227218230672155,0.3187603239804574,2,-0.4982059541455034,-0.5726092563234305,0.5071660932633962,-0.1628446860903139,0.40365806308560936,False,True,False
1.5197959743415,1,0.32696603328903473,0.31245465193585237,0.7812633440102572,-1.5617633221460325,-1.3996241718710671,0,0.19095501988862215,-0.5726092563234305,0.8605919422274356,-0.1628446860903139,1.0464431598738417,False,True,False
-1.4488776597493296,1,-0.9053180117701417,0.31245465193585237,-0.47508628602410485,-0.20881136693372795,0.8342756727359149,1,-1.1873669281796289,0.12711692248320555,-0.906537302592761,-0.1628446860903139,-2.8974380959320953,False,False,False
0.035459157296085175,0,-0.8560266499677749,0.45114360415446586,-0.47508628602410485,1.4910513460253207,-1.055947272700762,0,0.535535506905685,1.1767061906931597,0.8605919422274356,-0.1628446860903139,-1.897459350160004,False,True,False
-0.9540987207341913,1,0.5241314804985027,0.3817991280451591,0.2228857306616519,-0.7118319656665077,-1.055947272700762,1,-0.15362546712844063,0.47698001188652356,-0.906537302592761,-0.1628446860903139,1.3727938122386403,True,False,False
0.035459157296085175,1,-0.9053180117701417,0.5204880802637732,-1.5918415127213155,1.7165433385607045,1.1779525719062196,1,0.19095501988862215,-1.6221985245333848,-0.19968560466468235,-0.1628446860903139,-1.7393635821810638,False,False,False
-0.9540987207341913,1,-0.1659475847346359,0.3817991280451591,-0.8938694960355587,-1.5097267084840205,-0.19675502477499981,0,-0.4982059541455034,0.8268431012898416,-1.6133890005208396,-0.1628446860903139,-0.4346463167275952,False,False,False
1.0250170353263617,0,0.2776746714866674,1.2139328413568424,1.479235360696014,-1.405653481159997,-0.8841088231156097,0,0.8801159939227476,0.8268431012898416,0.8605919422274356,-0.1628446860903139,0.22873973091979588,False,True,False
-0.4593197817190531,0,0.57342284230087,-0.24230115693860396,-1.4522471093841642,0.15544492870035384,-0.7122703735304572,2,-0.15362546712844063,1.1767061906931597,0.5071660932633962,-0.1628446860903139,-2.3665707978693975,True,False,False
-1.4488776597493296,0,-1.4968143533985465,1.0058994130289223,0.08329132732450074,-0.24350244270840246,0.14692187439530519,2,-0.15362546712844063,0.47698001188652356,-1.6133890005208396,-0.1628446860903139,-1.4880358155209592,False,False,False
-0.4593197817190531,0,1.1649191839292747,1.2832773174661503,0.9208577473474087,0.6064289137711215,0.3187603239804574,0,-1.1873669281796289,-0.5726092563234305,1.214017791191475,-0.1628446860903139,0.907768857186243,False,True,False
-0.9540987207341913,1,0.08050922427719942,1.0058994130289223,1.6188297640331655,-0.7812141172158568,-0.5404319239453048,0,-0.15362546712844063,0.8268431012898416,0.5071660932633962,-0.1628446860903139,0.08003705264602294,False,True,False
-0.4593197817190531,0,-0.9053180117701417,1.421966269684764,-1.3126527060470128,-0.13942921538437897,0.49059877356561,1,0.19095501988862215,-0.9224723457267486,-1.6133890005208396,-0.1628446860903139,-0.636666305714018,False,False,False
-1.4488776597493296,0,0.770588289510338,-0.03426772861068253,1.479235360696014,-0.8332507308778688,1.5216294710765244,1,0.19095501988862215,-1.6221985245333848,1.214017791191475,-0.1628446860903139,-22.48728820824491,False,False,False
0.5302380963112234,0,0.2283833096843005,0.58983255637308,0.2228857306616519,1.4563602702506462,-1.055947272700762,0,0.8801159939227476,1.1767061906931597,1.214017791191475,-0.1628446860903139,0.38720024389403807,False,True,False
0.5302380963112234,0,0.3762573950914016,0.24311017582654504,0.2228857306616519,0.6931566032078081,1.0061141223210675,1,1.5692769679568732,0.12711692248320555,0.8605919422274356,-0.1628446860903139,1.5476826250163005,False,False,False
1.5197959743415,1,1.312793269336376,0.10442122360793094,1.6188297640331655,-0.4343033594691118,-1.2277857222859145,2,-1.5319474151966916,1.5265692800964776,1.214017791191475,-0.1628446860903139,12.57209237717329,False,True,False
-0.4593197817190531,1,-1.1024834589796102,-0.5196790613758315,1.479235360696014,-0.34757567003242595,1.5216294710765244,2,-0.4982059541455034,-1.6221985245333848,-0.5531114536287216,-0.1628446860903139,2.1214698472954154,False,False,False
0.5302380963112234,0,1.3620846311387427,0.9365549369196149,-0.8938694960355587,-1.665836549470056,0.14692187439530519,1,-0.8427864411625662,1.5265692800964776,0.15374024429935695,-0.1628446860903139,1.4543563622852924,False,False,False
0.035459157296085175,0,-1.4968143533985465,1.075243889138229,-1.4522471093841642,-1.405653481159997,-0.7122703735304572,2,-0.4982059541455034,0.47698001188652356,-0.19968560466468235,-0.1628446860903139,-1.3920696211518968,True,False,False
1.0250170353263617,0,-1.1517748207819771,0.0350767474986242,0.2228857306616519,1.3869781187012973,-1.3996241718710671,1,-1.5319474151966916,0.12711692248320555,-1.2599631515568004,-0.1628446860903139,-32.835850040747154,True,False,False
-1.4488776597493296,0,0.4748401186961358,0.1737656997172383,-0.1958974793498019,0.1727904665876907,1.1779525719062196,0,1.5692769679568732,-1.6221985245333848,0.15374024429935695,-0.1628446860903139,2.732645852828397,False,False,False
1.5197959743415,1,-1.201066182584344,-0.8664014419223665,1.0604521506845601,0.19013600447502835,-1.2277857222859145,1,1.2246964809398104,1.1767061906931597,-0.906537302592761,-0.1628446860903139,1.3862698334382102,False,True,False
-0.4593197817190531,0,-0.018073499327534787,-0.7277124897037524,-0.7542750926984075,1.3349415050392852,1.1779525719062196,0,-1.5319474151966916,0.8268431012898416,0.5071660932633962,-0.1628446860903139,0.024836043881687954,False,False,False
-1.4488776597493296,1,-0.3138216701417372,-0.4503345852665248,-1.4522471093841642,-0.38226674580710046,0.49059877356561,2,1.5692769679568732,-0.9224723457267486,-1.6133890005208396,-0.1628446860903139,0.6968633554005313,False,False,False
-0.9540987207341913,1,0.6227142041032369,-0.9357459180316738,1.2000465540217116,-1.613799935808044,0.8342756727359149,2,0.535535506905685,-0.2227461669201125,-1.2599631515568004,-0.1628446860903139,-0.6654735993004447,True,False,False
-1.4488776597493296,0,1.312793269336376,-1.5598462030154363,1.0604521506845601,-0.5904132004551474,1.0061141223210675,1,1.5692769679568732,1.1767061906931597,-0.906537302592761,6.140820581921837,-0.8416171201997563,False,False,False
0.5302380963112234,0,-0.8067352881654077,0.7285215085916941,-0.47508628602410485,0.7451932168698195,1.1779525719062196,1,-0.15362546712844063,0.12711692248320555,-0.906537302592761,-0.1628446860903139,-1.1073596024980907,False,False,False
0.5302380963112234,1,0.8198796513127053,0.6591770324823872,-1.5918415127213155,0.6758110653204705,0.8342756727359149,1,-0.4982059541455034,0.47698001188652356,1.214017791191475,-0.1628446860903139,1.243792806653366,True,False,False
1.0250170353263617,0,-1.6939798006080147,-1.0744348702502873,1.2000465540217116,-0.9720150339765661,0.49059877356561,0,1.2246964809398104,0.47698001188652356,0.15374024429935695,-0.1628446860903139,1.5766239978914736,False,False,False
1.5197959743415,1,0.32696603328903473,-1.4905017269061296,-0.614680689361256,-1.2148525643992876,0.49059877356561,2,1.5692769679568732,0.8268431012898416,1.5674436401555143,6.140820581921837,-0.21936642365904938,True,False,False
-0.4593197817190531,0,0.2283833096843005,0.7978659847010008,0.08329132732450074,-0.8159051929905312,0.6624372231507623,0,-1.5319474151966916,-0.5726092563234305,-0.906537302592761,-0.1628446860903139,0.28624269496823684,True,False,False
-1.4488776597493296,0,-1.1024834589796102,1.5606552219033774,-0.7542750926984075,0.45031907278508665,0.8342756727359149,0,1.2246964809398104,1.1767061906931597,-1.6133890005208396,-0.1628446860903139,-0.7064234582414812,False,True,False
-0.4593197817190531,0,0.32696603328903473,-0.5890235374851389,-0.33549188268695335,0.2421726181370397,-1.5714626214562195,1,0.535535506905685,1.1767061906931597,-0.5531114536287216,6.140820581921837,-0.555098417093874,False,True,False
-1.4488776597493296,0,-0.5109871173512054,1.5606552219033774,-0.47508628602410485,0.8839575199685175,0.49059877356561,0,1.2246964809398104,-0.5726092563234305,-0.19968560466468235,-0.1628446860903139,-0.3274183241625942,False,False,False
0.035459157296085175,0,-0.5109871173512054,-1.5598462030154363,-0.33549188268695335,1.7165433385607045,-1.055947272700762,2,-1.5319474151966916,0.47698001188652356,-1.2599631515568004,-0.1628446860903139,0.32758814065347225,False,False,False
1.5197959743415,1,1.5592500783482113,-1.5598462030154363,1.2000465540217116,-1.3709624053853224,1.3497910214913722,1,0.8801159939227476,1.1767061906931597,-0.5531114536287216,6.140820581921837,-0.9996178311258683,True,False,False
1.0250170353263617,0,-1.2503575443867112,1.4913107457940706,0.6416689406731063,0.9359941336305289,1.5216294710765244,1,-1.1873669281796289,-0.2227461669201125,0.8605919422274356,-0.1628446860903139,-0.8384285756091294,False,False,False
-1.4488776597493296,0,0.2776746714866674,-1.3518127746875155,1.339640957358863,-0.7812141172158568,0.6624372231507623,0,-1.1873669281796289,-0.9224723457267486,1.5674436401555143,-0.1628446860903139,-0.20540911928492064,False,True,False
0.035459157296085175,1,-1.2503575443867112,1.0058994130289223,0.9208577473474087,-0.31288459425775145,1.5216294710765244,1,1.5692769679568732,0.12711692248320555,0.15374024429935695,-0.1628446860903139,-1.2430244298698683,True,False,False
-0.4593197817190531,1,0.08050922427719942,1.3526217935754572,0.2228857306616519,1.5777790354620067,-0.024916575189847412,0,-0.4982059541455034,1.5265692800964776,0.15374024429935695,-0.1628446860903139,0.05952086877469651,True,False,False
0.5302380963112234,0,1.1649191839292747,-0.24230115693860396,0.9208577473474087,1.3522870429266227,0.14692187439530519,2,1.2246964809398104,-0.5726092563234305,1.214017791191475,-0.1628446860903139,-4.807732652405166,False,True,False
1.0250170353263617,1,0.6720055659056042,-1.4211572507968222,1.339640957358863,-1.5617633221460325,1.3497910214913722,0,-1.5319474151966916,0.12711692248320555,0.15374024429935695,-0.1628446860903139,-0.47285799339152684,True,False,False
1.5197959743415,1,-0.9053180117701417,-0.10361220471998989,-0.614680689361256,1.5951245733493442,0.3187603239804574,0,0.535535506905685,-0.2227461669201125,0.5071660932633962,-0.1628446860903139,8.73756150848008,True,False,False
0.035459157296085175,1,1.6578328019529454,1.075243889138229,-0.1958974793498019,0.8319209063065062,0.8342756727359149,0,-0.8427864411625662,-0.2227461669201125,0.15374024429935695,-0.1628446860903139,1.541820249991508,False,True,False
0.035459157296085175,0,1.41137599294111,-0.6583680135944456,0.08329132732450074,-1.4923811705966836,-1.2277857222859145,0,0.535535506905685,1.1767061906931597,1.214017791191475,6.140820581921837,-2.143749337449612,False,True,False
0.5302380963112234,0,-1.1024834589796102,-1.0744348702502873,-0.056303076012650735,-1.596454397920707,-1.2277857222859145,2,-0.8427864411625662,0.47698001188652356,0.5071660932633962,-0.1628446860903139,1.0261054341272349,True,False,False
-1.4488776597493296,1,1.2635019075340086,-0.5196790613758315,0.5020745373359549,0.918648595743192,1.1779525719062196,1,-1.5319474151966916,-1.6221985245333848,-0.906537302592761,-0.1628446860903139,-2.4313119412372184,False,False,False
0.035459157296085175,1,1.1649191839292747,0.24311017582654504,-0.8938694960355587,0.5890833758837847,-0.024916575189847412,2,0.535535506905685,1.1767061906931597,-0.5531114536287216,-0.1628446860903139,4.7917335420810385,True,False,False
0.035459157296085175,0,0.5241314804985027,1.0058994130289223,0.36248013399880336,1.5951245733493442,-0.7122703735304572,2,0.535535506905685,-0.9224723457267486,1.5674436401555143,-0.1628446860903139,0.5210575468179863,False,True,False
0.035459157296085175,0,0.32696603328903473,1.1445883652475357,0.5020745373359549,-0.5557221246804729,1.1779525719062196,2,1.2246964809398104,1.5265692800964776,1.5674436401555143,-0.1628446860903139,0.28566255189770606,False,True,False
0.5302380963112234,1,-0.018073499327534787,-1.0744348702502873,-1.731435916058467,0.779884292644494,0.3187603239804574,2,-0.15362546712844063,-0.9224723457267486,-1.6133890005208396,-0.1628446860903139,0.016821400559463046,False,False,False
-0.9540987207341913,1,-0.4616957555488383,-1.6985351552340504,-0.47508628602410485,1.4563602702506462,-0.8841088231156097,2,-1.5319474151966916,-0.2227461669201125,-1.2599631515568004,-0.1628446860903139,0.2718199585837944,False,True,False
1.5197959743415,1,1.312793269336376,-1.0050903941409806,0.6416689406731063,-0.8505962687652058,-0.5404319239453048,0,0.19095501988862215,1.1767061906931597,-1.2599631515568004,-0.1628446860903139,-1.3061444791325256,True,False,False
0.5302380963112234,1,0.9184623749174395,1.4913107457940706,0.7812633440102572,-0.7291775035538454,0.49059877356561,1,1.2246964809398104,1.5265692800964776,-0.19968560466468235,-0.1628446860903139,0.6158759182201095,False,True,False
-0.4593197817190531,1,1.2635019075340086,0.0350767474986242,-1.4522471093841642,1.6471611870113556,-1.3996241718710671,2,-0.4982059541455034,0.47698001188652356,-1.6133890005208396,-0.1628446860903139,36.02106801902218,False,False,False
1.0250170353263617,1,-1.6446884388056477,-1.6291906791247437,-0.8938694960355587,0.08606277715100485,1.0061141223210675,1,-1.5319474151966916,-0.9224723457267486,0.15374024429935695,-0.1628446860903139,1.0095125511577503,False,False,False
1.5197959743415,1,1.0170450985221733,1.6299996980126852,-1.1730583027098613,1.473705808137983,-1.2277857222859145,0,1.5692769679568732,1.5265692800964776,0.15374024429935695,-0.1628446860903139,0.6239541637720342,False,True,False
1.5197959743415,0,0.9677537367198064,-0.03426772861068253,-0.8938694960355587,1.2482138156025993,0.3187603239804574,1,0.8801159939227476,1.1767061906931597,0.8605919422274356,-0.1628446860903139,-28.240965361740415,False,True,False
0.035459157296085175,1,-1.2503575443867112,-1.4211572507968222,-1.4522471093841642,-0.5383765867931353,-0.3685934743601522,2,-1.5319474151966916,-0.5726092563234305,1.5674436401555143,-0.1628446860903139,0.8798164620316674,False,True,False
-1.4488776597493296,1,-1.003900735374876,-0.7970569658130597,-1.3126527060470128,0.22482708024970283,-1.055947272700762,0,-0.8427864411625662,-0.2227461669201125,-0.906537302592761,-0.1628446860903139,1.259509393222377,True,False,False
1.5197959743415,1,-1.201066182584344,1.6299996980126852,0.7812633440102572,-1.3362713296106479,0.3187603239804574,0,-0.15362546712844063,-0.2227461669201125,-0.906537302592761,-0.1628446860903139,-0.7368505552784446,True,False,False
0.035459157296085175,0,1.2635019075340086,1.6299996980126852,0.08329132732450074,1.7338888764480422,-0.3685934743601522,1,0.19095501988862215,1.5265692800964776,0.8605919422274356,-0.1628446860903139,0.7751546881109763,False,True,False
1.5197959743415,0,1.1156278221269076,-1.4211572507968222,0.5020745373359549,1.2135227398279247,-1.055947272700762,0,-0.8427864411625662,-1.2723354351300666,0.8605919422274356,-0.1628446860903139,-0.7850136369507253,False,False,False
-1.4488776597493296,1,0.32696603328903473,-0.7277124897037524,-1.3126527060470128,-1.041397185525915,1.693467920661677,1,0.8801159939227476,-0.9224723457267486,1.5674436401555143,-0.1628446860903139,-0.4493066120414406,False,False,False
1.5197959743415,1,1.2142105457316417,-1.3518127746875155,0.7812633440102572,0.46766461067242354,1.1779525719062196,0,1.2246964809398104,1.5265692800964776,-0.906537302592761,6.140820581921837,-0.8982091074056598,False,True,False
1.5197959743415,1,1.1156278221269076,1.3526217935754572,0.36248013399880336,-0.6771408898918333,0.8342756727359149,1,0.535535506905685,-1.2723354351300666,-1.2599631515568004,-0.1628446860903139,0.824789181592224,False,True,False
0.035459157296085175,0,-0.36311303194410427,-0.7970569658130597,-0.33549188268695335,-1.6484910115827183,0.8342756727359149,0,-0.15362546712844063,1.5265692800964776,-0.19968560466468235,-0.1628446860903139,0.4555672273357537,False,True,False
-0.9540987207341913,1,-0.8067352881654077,0.5204880802637732,0.36248013399880336,1.6818522627860302,0.8342756727359149,2,1.2246964809398104,1.5265692800964776,-0.5531114536287216,-0.1628446860903139,-1.5499591993664292,True,False,False
0.035459157296085175,1,-0.4616957555488383,0.10442122360793094,-1.4522471093841642,-1.2842347159486365,1.5216294710765244,1,-0.4982059541455034,-1.6221985245333848,0.8605919422274356,-0.1628446860903139,-4.421474290345051,True,False,False
-1.4488776597493296,1,-0.2645303083393701,1.2832773174661503,-1.5918415127213155,1.2482138156025993,-1.5714626214562195,1,-1.1873669281796289,0.12711692248320555,-1.6133890005208396,-0.1628446860903139,-0.2061365105881315,False,False,False
0.5302380963112234,0,1.460667354743477,-1.2131238224689014,0.5020745373359549,-0.7638685793285199,-1.5714626214562195,0,-0.8427864411625662,1.1767061906931597,-1.6133890005208396,-0.1628446860903139,-1.204054629617927,False,False,False
0.035459157296085175,0,0.721296927707971,1.5606552219033774,-0.33549188268695335,1.3349415050392852,-1.5714626214562195,2,-1.1873669281796289,-0.2227461669201125,-0.5531114536287216,-0.1628446860903139,0.4621757051684204,False,False,False
0.035459157296085175,0,-0.4616957555488383,-0.24230115693860396,1.479235360696014,1.4043236565886341,-1.5714626214562195,0,-1.1873669281796289,-1.6221985245333848,0.5071660932633962,-0.1628446860903139,1.9054624475681976,True,False,False
1.5197959743415,1,0.08050922427719942,1.2139328413568424,-0.7542750926984075,-0.27819351848307694,0.3187603239804574,0,-0.15362546712844063,1.1767061906931597,1.214017791191475,-0.1628446860903139,0.0663209870714201,False,False,False
-1.4488776597493296,1,-1.2503575443867112,0.10442122360793094,-1.1730583027098613,0.6064289137711215,0.8342756727359149,0,-0.15362546712844063,1.1767061906931597,-0.5531114536287216,-0.1628446860903139,-11.974170587019868,True,False,False
-1.4488776597493296,1,1.608541440150578,0.5204880802637732,-0.614680689361256,0.5543923001091101,-0.3685934743601522,0,1.2246964809398104,-1.2723354351300666,-0.5531114536287216,-0.1628446860903139,3.090448179592125,False,True,False
1.5197959743415,1,0.6720055659056042,0.6591770324823872,-1.4522471093841642,0.48501014855976116,1.1779525719062196,0,-1.5319474151966916,1.1767061906931597,1.214017791191475,-0.1628446860903139,1.0194614387198933,False,True,False
1.5197959743415,1,1.5592500783482113,1.3526217935754572,1.479235360696014,0.7625387547571572,-1.3996241718710671,2,0.535535506905685,0.12711692248320555,0.15374024429935695,-0.1628446860903139,1.1527613156568788,False,True,False
-1.4488776597493296,1,-1.1517748207819771,-0.7277124897037524,-0.7542750926984075,-1.1454704128499387,-0.3685934743601522,2,1.5692769679568732,-0.9224723457267486,-0.5531114536287216,-0.1628446860903139,1.5827333419148244,False,True,False
1.0250170353263617,0,1.5592500783482113,0.7978659847010008,1.6188297640331655,1.4216691944759718,-0.8841088231156097,0,1.5692769679568732,-0.9224723457267486,0.15374024429935695,-0.1628446860903139,1.9542756656464533,False,True,False
1.0250170353263617,1,-0.6588612027583065,-0.3116456330479107,-0.33549188268695335,0.641119989545796,0.8342756727359149,0,1.2246964809398104,0.47698001188652356,1.5674436401555143,-0.1628446860903139,2.1141358417719807,True,False,False
0.035459157296085175,1,-1.2503575443867112,0.9365549369196149,-1.731435916058467,-0.31288459425775145,0.6624372231507623,0,1.5692769679568732,-1.2723354351300666,-0.5531114536287216,-0.1628446860903139,-1.3350605448722654,False,True,False
-0.4593197817190531,0,0.8198796513127053,-0.8664014419223665,-1.03346389937271,1.6471611870113556,0.6624372231507623,1,-0.15362546712844063,-1.2723354351300666,0.5071660932633962,-0.1628446860903139,-0.9463045785029641,False,False,False
1.5197959743415,0,-1.053192097177243,1.5606552219033774,-0.1958974793498019,-1.0240516476385781,-1.5714626214562195,2,-1.1873669281796289,1.1767061906931597,0.5071660932633962,-0.1628446860903139,-0.6748396970682407,True,False,False
-0.4593197817190531,1,-0.5602784791535724,1.075243889138229,-1.03346389937271,-1.180161488624613,-0.024916575189847412,0,-0.4982059541455034,0.47698001188652356,0.15374024429935695,-0.1628446860903139,-0.5210710656561985,False,False,False
1.5197959743415,1,0.721296927707971,-1.5598462030154363,-1.1730583027098613,-1.0067061097512406,-0.3685934743601522,2,0.535535506905685,1.1767061906931597,1.214017791191475,6.140820581921837,-0.4624154139770875,True,False,False
0.035459157296085175,0,0.3762573950914016,-0.5890235374851389,1.0604521506845601,-0.4516488973564494,0.49059877356561,2,0.535535506905685,1.5265692800964776,-0.5531114536287216,6.140820581921837,-0.6387815955502365,False,False,False
0.5302380963112234,0,0.4748401186961358,-0.10361220471998989,-1.3126527060470128,-0.6944864277791709,1.0061141223210675,0,0.19095501988862215,0.8268431012898416,0.5071660932633962,-0.1628446860903139,-4.582858940019495,True,False,False
0.5302380963112234,1,-0.4616957555488383,-0.24230115693860396,1.479235360696014,-1.041397185525915,-0.7122703735304572,1,0.19095501988862215,0.8268431012898416,-0.19968560466468235,-0.1628446860903139,1.9054624475681976,False,False,False
0.5302380963112234,0,-0.4124043937464712,-0.10361220471998989,-0.614680689361256,-0.5036855110184608,0.14692187439530519,2,-1.1873669281796289,0.12711692248320555,1.214017791191475,-0.1628446860903139,3.9802684911588035,True,False,False
0.035459157296085175,0,1.41137599294111,0.6591770324823872,-1.1730583027098613,1.2308682777152624,0.49059877356561,2,1.5692769679568732,0.12711692248320555,-1.2599631515568004,-0.1628446860903139,2.1411182783872573,True,False,False
-1.4488776597493296,1,0.3762573950914016,-0.3116456330479107,-1.03346389937271,-0.12208367749704212,-0.5404319239453048,0,-0.8427864411625662,0.8268431012898416,-0.19968560466468235,-0.1628446860903139,-1.2073244582687859,True,False,False
1.0250170353263617,0,0.1298005860795663,-0.6583680135944456,0.08329132732450074,-0.1567747532717166,-0.7122703735304572,1,0.19095501988862215,-1.2723354351300666,-0.19968560466468235,-0.1628446860903139,-0.19715506130211755,True,False,False
-1.4488776597493296,1,-0.5602784791535724,-1.3518127746875155,-1.731435916058467,1.2482138156025993,-0.024916575189847412,2,-1.5319474151966916,1.5265692800964776,-1.6133890005208396,-0.1628446860903139,0.4144645542967932,False,True,False
0.5302380963112234,0,1.2142105457316417,1.699344174121992,-1.5918415127213155,1.1788316640532503,-1.3996241718710671,2,1.2246964809398104,-1.2723354351300666,-0.5531114536287216,-0.1628446860903139,0.7145171438616862,False,True,False
-0.4593197817190531,1,0.4255487568937689,0.5204880802637732,-0.7542750926984075,0.5717378379964471,0.49059877356561,0,0.535535506905685,0.8268431012898416,-1.6133890005208396,-0.1628446860903139,0.8175955858165073,True,False,False
0.5302380963112234,1,0.3762573950914016,-0.03426772861068253,1.6188297640331655,-0.9893605718639037,0.14692187439530519,1,-0.8427864411625662,0.8268431012898416,-0.906537302592761,-0.1628446860903139,-10.979933901253908,True,False,False
-0.9540987207341913,1,-1.3489402679914455,-0.9357459180316738,1.339640957358863,0.8319209063065062,-1.3996241718710671,1,0.8801159939227476,-0.5726092563234305,0.15374024429935695,-0.1628446860903139,1.441566820648194,False,False,False
-0.4593197817190531,1,-0.018073499327534787,-0.1729566808292966,1.479235360696014,-0.4343033594691118,-1.5714626214562195,0,-1.1873669281796289,-0.9224723457267486,-0.19968560466468235,-0.1628446860903139,0.10449726047514074,False,True,False
0.5302380963112234,0,0.4255487568937689,0.45114360415446586,1.0604521506845601,-0.5383765867931353,1.0061141223210675,1,-0.8427864411625662,-0.2227461669201125,0.5071660932633962,-0.1628446860903139,0.9432667402906734,False,True,False
-1.4488776597493296,1,-0.4616957555488383,1.4913107457940706,-1.4522471093841642,-0.9893605718639037,-1.3996241718710671,2,-1.1873669281796289,0.12711692248320555,0.8605919422274356,-0.1628446860903139,-0.3095905778530426,True,False,False
-0.9540987207341913,0,0.57342284230087,1.699344174121992,-1.4522471093841642,-1.4229990190473345,0.49059877356561,0,1.5692769679568732,-0.5726092563234305,-0.906537302592761,-0.1628446860903139,0.33743773099827945,True,False,False
-0.4593197817190531,0,0.4748401186961358,0.58983255637308,1.0604521506845601,1.1788316640532503,-0.8841088231156097,1,-0.4982059541455034,-0.9224723457267486,0.15374024429935695,-0.1628446860903139,0.8050422337077485,False,False,False
-0.9540987207341913,0,0.3762573950914016,-1.2131238224689014,-0.8938694960355587,1.1961772019405879,1.3497910214913722,0,1.5692769679568732,0.8268431012898416,1.5674436401555143,6.140820581921837,-0.3101558044797583,False,False,False
-0.4593197817190531,1,-0.9053180117701417,-0.7277124897037524,-0.1958974793498019,-1.1281248749626016,-1.2277857222859145,0,-1.1873669281796289,0.12711692248320555,0.8605919422274356,-0.1628446860903139,1.2440600162554467,True,False,False
-0.9540987207341913,1,0.9184623749174395,-0.5890235374851389,-1.3126527060470128,1.751234414335379,1.5216294710765244,2,-0.15362546712844063,-1.6221985245333848,-0.906537302592761,-0.1628446860903139,-1.5592965585702292,True,False,False
0.035459157296085175,1,0.2283833096843005,-0.10361220471998989,1.758424167370317,1.265559353489937,1.0061141223210675,2,-0.15362546712844063,1.5265692800964776,-0.906537302592761,-0.1628446860903139,-2.2042124313588567,False,True,False
-1.4488776597493296,0,-1.003900735374876,-1.2824682985782088,-0.1958974793498019,0.3982824591230753,-0.19675502477499981,2,0.19095501988862215,-0.5726092563234305,-0.906537302592761,-0.1628446860903139,0.7827879538915987,True,False,False
1.0250170353263617,1,-1.1517748207819771,-1.3518127746875155,0.36248013399880336,-0.8679418066525426,-0.3685934743601522,0,-1.5319474151966916,0.47698001188652356,0.15374024429935695,-0.1628446860903139,0.8520224415309442,False,False,False
0.035459157296085175,1,-0.2152389465370032,-0.6583680135944456,0.2228857306616519,-0.5904132004551474,0.8342756727359149,1,-0.15362546712844063,0.47698001188652356,1.214017791191475,-0.1628446860903139,0.32692801304528485,False,False,False
0.035459157296085175,0,-0.8560266499677749,0.6591770324823872,0.36248013399880336,0.710502141095145,1.0061141223210675,1,-0.4982059541455034,-1.6221985245333848,-1.6133890005208396,-0.1628446860903139,-1.2986293632593264,False,True,False
0.5302380963112234,0,-1.6939798006080147,1.2139328413568424,1.339640957358863,-0.2608479805957401,-1.3996241718710671,0,-1.1873669281796289,-0.5726092563234305,-1.6133890005208396,-0.1628446860903139,-1.3954477075639637,False,True,False
-1.4488776597493296,1,1.2142105457316417,-0.5196790613758315,-0.1958974793498019,0.7972298305318316,0.3187603239804574,2,0.535535506905685,-1.6221985245333848,1.5674436401555143,-0.1628446860903139,-2.336462320642789,False,False,False
1.0250170353263617,1,-0.9546093735725089,1.0058994130289223,0.7812633440102572,-0.9720150339765661,-1.5714626214562195,0,-0.15362546712844063,-1.6221985245333848,0.15374024429935695,-0.1628446860903139,-0.9490107670885591,False,True,False
-1.4488776597493296,0,-0.9546093735725089,-0.24230115693860396,-0.47508628602410485,-1.527072246371358,-1.055947272700762,0,0.535535506905685,-0.2227461669201125,1.5674436401555143,-0.1628446860903139,3.939763993014671,False,True,False
-0.9540987207341913,1,-0.5602784791535724,-1.2824682985782088,0.36248013399880336,-1.2495436401739621,1.5216294710765244,0,0.535535506905685,1.5265692800964776,0.15374024429935695,-0.1628446860903139,0.4368751101097139,True,False,False
-0.9540987207341913,1,1.6578328019529454,-0.5196790613758315,-0.1958974793498019,1.1788316640532503,-0.7122703735304572,2,-0.4982059541455034,-0.9224723457267486,-0.5531114536287216,-0.1628446860903139,-3.190108905992658,True,False,False
-1.4488776597493296,1,0.2776746714866674,-0.7970569658130597,1.2000465540217116,-0.07004706383502998,0.3187603239804574,2,-1.1873669281796289,0.12711692248320555,1.5674436401555143,-0.1628446860903139,-0.3483749385508698,False,True,False
-1.4488776597493296,0,-0.8560266499677749,-0.03426772861068253,-0.47508628602410485,-1.0587427234132527,0.6624372231507623,2,-0.4982059541455034,0.8268431012898416,1.5674436401555143,-0.1628446860903139,24.98054830809298,False,False,False
1.5197959743415,0,-0.5602784791535724,-1.4905017269061296,-1.4522471093841642,-1.4229990190473345,-0.5404319239453048,0,-0.8427864411625662,-1.6221985245333848,-0.5531114536287216,-0.1628446860903139,0.37589924858158735,False,True,False
1.0250170353263617,1,0.8691710131150722,0.31245465193585237,-1.03346389937271,0.3982824591230753,-0.3685934743601522,2,-0.4982059541455034,0.12711692248320555,-1.6133890005208396,-0.1628446860903139,2.7817509124284534,False,False,False
0.5302380963112234,0,-1.6939798006080147,-1.2824682985782088,1.0604521506845601,1.6298156491240188,-1.2277857222859145,0,1.5692769679568732,0.12711692248320555,-1.2599631515568004,-0.1628446860903139,1.3208745997745306,False,True,False
1.5197959743415,1,-0.36311303194410427,0.45114360415446586,1.0604521506845601,1.4216691944759718,-0.19675502477499981,1,0.19095501988862215,1.1767061906931597,-0.5531114536287216,-0.1628446860903139,-0.804872392294359,True,False,False
-1.4488776597493296,1,-1.201066182584344,-1.6291906791247437,-0.1958974793498019,-1.5097267084840205,1.3497910214913722,0,1.5692769679568732,1.1767061906931597,0.15374024429935695,-0.1628446860903139,0.7372164584378775,True,False,False
0.5302380963112234,0,0.8198796513127053,-0.24230115693860396,0.9208577473474087,0.10340831503834172,1.3497910214913722,0,-0.8427864411625662,0.12711692248320555,0.8605919422274356,-0.1628446860903139,-3.383721570592634,False,False,False
1.5197959743415,1,1.1156278221269076,1.3526217935754572,0.5020745373359549,0.27686369391171417,1.693467920661677,2,-0.4982059541455034,1.5265692800964776,-1.6133890005208396,-0.1628446860903139,0.824789181592224,True,False,False
-0.9540987207341913,1,0.32696603328903473,-0.6583680135944456,-0.1958974793498019,0.15544492870035384,-0.8841088231156097,2,-0.8427864411625662,0.8268431012898416,-1.6133890005208396,-0.1628446860903139,-0.4966311037863477,True,False,False
-0.4593197817190531,1,-0.4124043937464712,-1.6985351552340504,-1.1730583027098613,0.01668062560165587,0.6624372231507623,2,-1.5319474151966916,0.8268431012898416,1.5674436401555143,-0.1628446860903139,0.24280003417983054,False,False,False
1.5197959743415,1,-1.053192097177243,0.7285215085916941,0.08329132732450074,-1.110779337075264,0.6624372231507623,1,-0.8427864411625662,0.8268431012898416,0.15374024429935695,-0.1628446860903139,-1.4456568334038211,False,False,False
-1.4488776597493296,1,-1.201066182584344,-0.4503345852665248,1.339640957358863,1.4563602702506462,1.5216294710765244,1,-0.4982059541455034,0.12711692248320555,0.15374024429935695,-0.1628446860903139,2.6670529465852777,False,True,False
0.5302380963112234,0,-0.9546093735725089,-1.5598462030154363,-1.4522471093841642,0.05137170137633036,1.0061141223210675,1,0.535535506905685,-0.5726092563234305,0.5071660932633962,-0.1628446860903139,0.6119894203204738,False,True,False
1.5197959743415,1,0.9677537367198064,-0.3116456330479107,-0.33549188268695335,-1.5097267084840205,1.1779525719062196,2,0.8801159939227476,-0.2227461669201125,0.5071660932633962,-0.1628446860903139,-3.1053017725777954,True,False,False
0.035459157296085175,0,-0.5602784791535724,-0.7970569658130597,0.08329132732450074,0.5890833758837847,-1.2277857222859145,1,1.2246964809398104,-1.2723354351300666,-0.5531114536287216,-0.1628446860903139,0.7029340476085609,True,False,False
0.035459157296085175,1,-1.3982316297938124,-1.4905017269061296,-0.47508628602410485,0.48501014855976116,0.3187603239804574,2,1.5692769679568732,-0.5726092563234305,1.5674436401555143,-0.1628446860903139,0.9380946056977442,False,False,False
-1.4488776597493296,1,0.5241314804985027,-1.4211572507968222,1.6188297640331655,0.3462458454610632,-0.19675502477499981,2,0.19095501988862215,-0.9224723457267486,-0.5531114536287216,-0.1628446860903139,-0.36880611220512705,False,False,False
-0.4593197817190531,0,1.7071241637553123,-0.5196790613758315,-0.614680689361256,0.9533396715178665,-1.5714626214562195,0,1.2246964809398104,0.47698001188652356,-0.19968560466468235,6.140820581921837,-3.2849585265870878,False,False,False
-0.4593197817190531,0,0.57342284230087,1.3526217935754572,-0.614680689361256,-0.8852873445398802,-0.19675502477499981,0,-0.15362546712844063,-1.2723354351300666,-0.5531114536287216,-0.1628446860903139,0.4239343510687573,True,False,False
0.035459157296085175,0,-0.2645303083393701,-0.7277124897037524,1.339640957358863,-0.19146582904639112,0.3187603239804574,2,-0.4982059541455034,1.5265692800964776,-1.6133890005208396,-0.1628446860903139,0.36350936954106544,False,True,False
-1.4488776597493296,0,-0.5109871173512054,-0.7970569658130597,-0.056303076012650735,-1.3709624053853224,-0.3685934743601522,0,0.19095501988862215,1.5265692800964776,0.8605919422274356,-0.1628446860903139,0.6410923425403591,True,False,False
-0.4593197817190531,0,-0.1659475847346359,-0.6583680135944456,-0.614680689361256,0.8666119820811806,-0.8841088231156097,1,-1.1873669281796289,-0.2227461669201125,-1.2599631515568004,-0.1628446860903139,0.252059002424227,False,True,False
1.5197959743415,0,-0.3138216701417372,0.6591770324823872,1.0604521506845601,1.3002504292646113,-1.2277857222859145,2,-0.15362546712844063,0.8268431012898416,-0.906537302592761,-0.1628446860903139,-0.476081014169926,False,True,False
0.5302380963112234,0,1.0663364603245407,-1.4905017269061296,-1.5918415127213155,1.3349415050392852,-1.7433010710413719,1,-1.1873669281796289,-1.6221985245333848,0.5071660932633962,-0.1628446860903139,-0.7154211505262467,True,False,False
-0.4593197817190531,1,1.0663364603245407,-1.4905017269061296,0.08329132732450074,1.2135227398279247,-0.5404319239453048,0,-1.1873669281796289,0.8268431012898416,0.5071660932633962,-0.1628446860903139,-0.7154211505262467,False,False,False
-0.9540987207341913,0,-0.5602784791535724,-0.5890235374851389,-0.056303076012650735,0.6758110653204705,-1.2277857222859145,0,1.2246964809398104,-0.9224723457267486,-1.6133890005208396,-0.1628446860903139,0.951198795120659,True,False,False
0.035459157296085175,1,0.2283833096843005,-1.4905017269061296,-1.4522471093841642,1.1961772019405879,0.3187603239804574,1,0.19095501988862215,-1.2723354351300666,-0.5531114536287216,-0.1628446860903139,-0.15322579341008968,False,True,False
1.0250170353263617,0,-0.36311303194410427,-0.3809901091572174,-1.03346389937271,-1.3362713296106479,-0.7122703735304572,1,1.2246964809398104,1.5265692800964776,1.214017791191475,-0.1628446860903139,0.9530773193754064,True,False,False
-0.4593197817190531,0,1.3620846311387427,0.58983255637308,1.479235360696014,-0.9199784203145548,-1.2277857222859145,1,-1.1873669281796289,0.47698001188652356,-0.19968560466468235,-0.1628446860903139,2.309273397037106,False,True,False
1.0250170353263617,0,1.312793269336376,-1.0050903941409806,-0.47508628602410485,1.1441405882785758,0.14692187439530519,1,0.8801159939227476,0.8268431012898416,-0.5531114536287216,6.140820581921837,-1.3061444791325256,False,True,False
-0.4593197817190531,0,-0.7081525645606735,-1.5598462030154363,0.5020745373359549,0.3809369212357377,0.14692187439530519,2,0.8801159939227476,-1.2723354351300666,1.5674436401555143,-0.1628446860903139,0.45398870939436176,False,False,False
-0.4593197817190531,0,1.7071241637553123,-1.4211572507968222,-1.4522471093841642,-0.6424498141171587,1.0061141223210675,0,0.19095501988862215,0.47698001188652356,-1.2599631515568004,-0.1628446860903139,-1.2012211616963235,True,False,False
-0.4593197817190531,1,-0.11665622293226899,0.7285215085916941,-0.8938694960355587,-1.613799935808044,1.3497910214913722,2,-0.15362546712844063,0.47698001188652356,-1.2599631515568004,-0.1628446860903139,-0.16012735596204605,True,False,False
-0.9540987207341913,0,-0.2645303083393701,-0.9357459180316738,-0.8938694960355587,1.7165433385607045,0.49059877356561,2,-0.15362546712844063,-0.5726092563234305,1.214017791191475,-0.1628446860903139,0.28269458967644256,False,True,False
-0.4593197817190531,1,1.1649191839292747,-0.5890235374851389,-0.47508628602410485,-1.5617633221460325,-0.5404319239453048,1,1.2246964809398104,-0.2227461669201125,1.214017791191475,-0.1628446860903139,-1.9777124508520438,False,True,False
-1.4488776597493296,1,1.2142105457316417,-1.4211572507968222,-1.1730583027098613,1.1788316640532503,-1.055947272700762,1,-0.15362546712844063,-0.9224723457267486,0.15374024429935695,-0.1628446860903139,-0.8543815577416584,False,True,False
-1.4488776597493296,1,0.8198796513127053,1.4913107457940706,0.08329132732450074,-1.38830794327266,-0.5404319239453048,0,0.8801159939227476,-0.5726092563234305,0.5071660932633962,-0.1628446860903139,0.5497711685005986,True,False,False
-0.4593197817190531,1,1.5592500783482113,1.075243889138229,-0.614680689361256,1.3696325808139596,0.14692187439530519,2,-1.5319474151966916,0.12711692248320555,-0.19968560466468235,-0.1628446860903139,1.4501361915182764,True,False,False
1.5197959743415,0,0.2776746714866674,-0.10361220471998989,0.7812633440102572,-0.7638685793285199,1.693467920661677,2,0.19095501988862215,1.1767061906931597,0.5071660932633962,-0.1628446860903139,-2.679941733090983,False,False,False
-0.4593197817190531,1,-1.7432711624103818,1.421966269684764,0.36248013399880336,1.3522870429266227,1.5216294710765244,0,-0.4982059541455034,-1.6221985245333848,0.5071660932633962,-0.1628446860903139,-1.2259581676271745,False,True,False
-0.4593197817190531,0,-1.6939798006080147,-1.2824682985782088,0.08329132732450074,-1.110779337075264,0.14692187439530519,2,1.5692769679568732,0.12711692248320555,0.15374024429935695,-0.1628446860903139,1.3208745997745306,True,False,False
-1.4488776597493296,0,1.2142105457316417,-1.0744348702502873,-0.7542750926984075,1.0747584367292269,-1.3996241718710671,2,-1.1873669281796289,-0.9224723457267486,-0.19968560466468235,-0.1628446860903139,-1.1300922739493684,True,False,False
-0.4593197817190531,0,-0.9053180117701417,0.9365549369196149,0.08329132732450074,1.5777790354620067,0.6624372231507623,1,-0.15362546712844063,0.8268431012898416,1.214017791191475,-0.1628446860903139,-0.9666469910967388,False,False,False
1.0250170353263617,1,-1.003900735374876,-1.5598462030154363,-0.47508628602410485,1.5777790354620067,-0.5404319239453048,0,-0.15362546712844063,-1.2723354351300666,-0.906537302592761,-0.1628446860903139,0.6435895625056961,True,False,False
1.0250170353263617,0,-1.1024834589796102,-1.4905017269061296,-1.1730583027098613,0.48501014855976116,-1.5714626214562195,0,-0.15362546712844063,1.1767061906931597,1.5674436401555143,-0.1628446860903139,0.7396727149508654,False,True,False
0.5302380963112234,0,-0.9053180117701417,0.10442122360793094,-0.1958974793498019,0.641119989545796,1.0061141223210675,0,-0.8427864411625662,-1.6221985245333848,-1.2599631515568004,-0.1628446860903139,-8.669865957224633,False,True,False
-0.9540987207341913,1,-0.6588612027583065,-0.7277124897037524,1.2000465540217116,0.32890030757372635,-0.19675502477499981,1,1.2246964809398104,-1.6221985245333848,0.5071660932633962,-0.1628446860903139,0.9053866905960694,True,False,False
1.0250170353263617,0,-0.36311303194410427,-0.7970569658130597,0.7812633440102572,0.7451932168698195,-1.055947272700762,1,-0.4982059541455034,0.8268431012898416,-1.2599631515568004,-0.1628446860903139,0.4555672273357537,False,False,False
-0.9540987207341913,0,-0.2152389465370032,-0.7277124897037524,0.9208577473474087,-0.4863399731311239,0.49059877356561,1,1.2246964809398104,-0.2227461669201125,1.5674436401555143,-0.1628446860903139,0.2957747044091902,False,True,False
-1.4488776597493296,0,-1.1024834589796102,0.10442122360793094,-0.47508628602410485,1.3002504292646113,0.8342756727359149,2,0.19095501988862215,1.5265692800964776,-1.6133890005208396,-0.1628446860903139,-10.558040031393341,False,True,False
-0.4593197817190531,1,1.7071241637553123,-1.2131238224689014,-1.5918415127213155,0.03402616348899273,1.3497910214913722,2,-1.1873669281796289,1.1767061906931597,1.5674436401555143,-0.1628446860903139,-1.4072134535129655,True,False,False
-0.4593197817190531,0,-0.8067352881654077,-0.03426772861068253,-1.4522471093841642,0.7278476789824826,1.0061141223210675,1,-0.8427864411625662,1.5265692800964776,0.5071660932633962,-0.1628446860903139,23.542129019719102,False,True,False
1.5197959743415,0,-0.06736486112990167,-1.0050903941409806,1.479235360696014,-0.5210310489057984,-1.055947272700762,0,-0.8427864411625662,0.8268431012898416,0.8605919422274356,-0.1628446860903139,0.06702368416074289,False,False,False
1.0250170353263617,0,-0.7081525645606735,0.24311017582654504,0.36248013399880336,1.3522870429266227,0.6624372231507623,1,-1.5319474151966916,-0.9224723457267486,-0.5531114536287216,-0.1628446860903139,-2.9128873859477125,False,False,False
1.0250170353263617,1,1.6578328019529454,0.7285215085916941,0.36248013399880336,-0.38226674580710046,-0.19675502477499981,1,1.5692769679568732,-0.5726092563234305,-0.5531114536287216,-0.1628446860903139,2.275612706559212,False,True,False
-0.9540987207341913,0,-1.6446884388056477,0.3817991280451591,0.6416689406731063,1.4563602702506462,-0.3685934743601522,1,0.19095501988862215,1.5265692800964776,-0.19968560466468235,-0.1628446860903139,-4.3077323073695295,False,False,False
1.5197959743415,0,-0.2645303083393701,0.6591770324823872,1.339640957358863,0.7278476789824826,0.6624372231507623,2,1.2246964809398104,-0.5726092563234305,0.5071660932633962,-0.1628446860903139,-0.401303891525435,False,False,False
1.0250170353263617,1,-1.7432711624103818,0.45114360415446586,-1.3126527060470128,-0.9026328824272171,1.5216294710765244,0,-0.4982059541455034,-1.2723354351300666,-0.5531114536287216,-0.1628446860903139,-3.8641158743181645,True,False,False
1.5197959743415,0,1.6578328019529454,-0.5196790613758315,0.9208577473474087,1.0400673609545523,1.5216294710765244,0,-1.5319474151966916,1.1767061906931597,1.214017791191475,-0.1628446860903139,-3.190108905992658,True,False,False
-0.9540987207341913,1,0.8198796513127053,-1.4211572507968222,-1.4522471093841642,0.7972298305318316,-0.8841088231156097,2,1.2246964809398104,1.5265692800964776,-0.906537302592761,6.140820581921837,-0.5769098745779264,False,True,False
0.035459157296085175,0,-1.003900735374876,-0.7277124897037524,0.7812633440102572,0.7625387547571572,-0.8841088231156097,0,1.2246964809398104,-1.6221985245333848,-1.2599631515568004,-0.1628446860903139,1.3795293465191978,True,False,False
0.035459157296085175,1,0.08050922427719942,1.2139328413568424,1.2000465540217116,0.10340831503834172,-0.024916575189847412,2,-0.4982059541455034,0.47698001188652356,-1.2599631515568004,-0.1628446860903139,0.0663209870714201,False,False,False
0.035459157296085175,1,0.8691710131150722,0.0350767474986242,-1.03346389937271,-0.8159051929905312,-1.055947272700762,1,-1.5319474151966916,1.5265692800964776,0.15374024429935695,-0.1628446860903139,24.779122213345556,True,False,False
0.5302380963112234,0,1.460667354743477,-0.7277124897037524,0.7812633440102572,0.779884292644494,-1.055947272700762,2,0.535535506905685,1.1767061906931597,0.5071660932633962,6.140820581921837,-2.0072039100745767,False,True,False
1.0250170353263617,1,-1.2503575443867112,1.3526217935754572,-0.33549188268695335,-0.27819351848307694,0.3187603239804574,1,1.2246964809398104,-0.5726092563234305,-0.19968560466468235,-0.1628446860903139,-0.9243955334192676,False,True,False
-1.4488776597493296,0,0.8691710131150722,1.3526217935754572,-0.1958974793498019,-1.665836549470056,0.8342756727359149,2,-0.15362546712844063,-0.9224723457267486,1.214017791191475,-0.1628446860903139,0.6425824404451936,True,False,False
0.035459157296085175,1,1.0170450985221733,1.699344174121992,0.36248013399880336,0.779884292644494,1.1779525719062196,1,1.5692769679568732,1.1767061906931597,-0.906537302592761,-0.1628446860903139,0.598492709134484,False,False,False
1.5197959743415,0,-0.4616957555488383,-0.5890235374851389,-0.056303076012650735,1.0053762851798778,0.8342756727359149,1,1.5692769679568732,-0.5726092563234305,-0.906537302592761,-0.1628446860903139,0.783832438207933,False,False,False
0.035459157296085175,0,-0.6588612027583065,-1.2824682985782088,1.0604521506845601,-0.6424498141171587,1.3497910214913722,1,1.2246964809398104,-0.2227461669201125,-1.6133890005208396,-0.1628446860903139,0.5137446309501328,False,False,False
-1.4488776597493296,0,-0.7081525645606735,-0.03426772861068253,-0.1958974793498019,1.2135227398279247,-0.19675502477499981,2,-1.5319474151966916,-1.2723354351300666,-1.6133890005208396,-0.1628446860903139,20.66529044297135,True,False,False
1.0250170353263617,1,1.0663364603245407,1.6299996980126852,0.2228857306616519,-0.7638685793285199,-0.024916575189847412,1,-0.15362546712844063,0.8268431012898416,-0.906537302592761,-0.1628446860903139,0.6541942686398229,True,False,False
0.5302380963112234,1,1.0170450985221733,1.2139328413568424,-1.4522471093841642,-0.19146582904639112,-0.3685934743601522,1,-1.5319474151966916,0.47698001188652356,0.5071660932633962,-0.1628446860903139,0.8378100203512059,False,True,False
-0.9540987207341913,0,1.2142105457316417,-1.3518127746875155,-0.1958974793498019,-0.27819351848307694,-1.055947272700762,2,0.8801159939227476,-1.6221985245333848,0.5071660932633962,-0.1628446860903139,-0.8982091074056598,True,False,False
0.035459157296085175,0,0.1298005860795663,-0.9357459180316738,0.5020745373359549,-0.8679418066525426,1.0061141223210675,1,-0.4982059541455034,1.1767061906931597,-1.6133890005208396,-0.1628446860903139,-0.13871349431328506,False,False,False
-1.4488776597493296,0,0.6227142041032369,-0.10361220471998989,-0.8938694960355587,0.1727904665876907,-0.19675502477499981,2,0.8801159939227476,-0.5726092563234305,1.214017791191475,-0.1628446860903139,-6.010046845215878,True,False,False
1.5197959743415,0,0.721296927707971,-0.10361220471998989,1.479235360696014,1.7165433385607045,1.693467920661677,2,-1.1873669281796289,0.12711692248320555,-1.2599631515568004,-0.1628446860903139,-6.961505448680134,False,False,False
-0.4593197817190531,1,-0.2645303083393701,-0.8664014419223665,0.08329132732450074,0.5370467622217725,-0.5404319239453048,2,1.5692769679568732,-0.2227461669201125,-1.6133890005208396,-0.1628446860903139,0.30532071570937347,False,False,False
-0.9540987207341913,0,0.6227142041032369,-1.1437793463595947,1.2000465540217116,-1.5791088600333694,-0.3685934743601522,2,0.19095501988862215,-0.5726092563234305,1.214017791191475,-0.1628446860903139,-0.5444356082186683,False,False,False
1.5197959743415,1,0.32696603328903473,0.7978659847010008,-0.614680689361256,1.5604334975746696,0.8342756727359149,0,-0.4982059541455034,-0.2227461669201125,0.8605919422274356,-0.1628446860903139,0.40980069279625303,True,False,False
0.5302380963112234,1,-0.8067352881654077,0.1737656997172383,-0.33549188268695335,1.0921039746165644,-0.3685934743601522,2,1.5692769679568732,0.12711692248320555,-0.5531114536287216,-0.1628446860903139,-4.642661293213647,False,False,False
1.0250170353263617,0,1.460667354743477,0.7285215085916941,-0.47508628602410485,0.25951815602437733,1.693467920661677,1,-1.1873669281796289,1.1767061906931597,-1.2599631515568004,-0.1628446860903139,2.004974921834628,False,True,False
-1.4488776597493296,0,0.6227142041032369,-0.24230115693860396,-0.7542750926984075,1.4216691944759718,1.3497910214913722,2,0.19095501988862215,1.5265692800964776,0.15374024429935695,-0.1628446860903139,-2.570000952414044,True,False,False
-0.9540987207341913,1,1.509958716545844,-0.4503345852665248,0.2228857306616519,0.8666119820811806,1.1779525719062196,0,1.5692769679568732,-1.6221985245333848,-0.906537302592761,-0.1628446860903139,-3.3529708042570037,True,False,False
-0.4593197817190531,0,-1.5953970770032808,0.7978659847010008,-1.5918415127213155,0.8145753684191684,1.5216294710765244,1,-1.5319474151966916,-1.6221985245333848,-0.5531114536287216,-0.1628446860903139,-1.9995802648500596,False,True,False
-0.4593197817190531,1,-0.4124043937464712,-0.5196790613758315,-0.614680689361256,0.4329735348977498,-1.3996241718710671,1,-0.4982059541455034,1.1767061906931597,1.5674436401555143,-0.1628446860903139,0.7935751589733969,False,False,False
1.0250170353263617,1,-0.4616957555488383,-1.2131238224689014,1.0604521506845601,-0.4516488973564494,0.3187603239804574,2,1.2246964809398104,0.47698001188652356,0.15374024429935695,-0.1628446860903139,0.38058419676337196,True,False,False
-0.4593197817190531,1,0.9184623749174395,0.31245465193585237,1.6188297640331655,-0.8852873445398802,-0.19675502477499981,1,0.8801159939227476,-0.5726092563234305,0.8605919422274356,-0.1628446860903139,2.9395061626606918,False,True,False
-1.4488776597493296,1,0.721296927707971,-1.1437793463595947,1.2000465540217116,-0.4343033594691118,1.0061141223210675,0,0.19095501988862215,1.5265692800964776,0.8605919422274356,-0.1628446860903139,-0.6306259419736028,False,True,False
-0.9540987207341913,0,-1.5953970770032808,0.8672104608103081,0.2228857306616519,-1.2495436401739621,0.8342756727359149,1,0.535535506905685,-1.2723354351300666,-1.2599631515568004,-0.1628446860903139,-1.8396884598377266,False,True,False
1.0250170353263617,1,-0.4124043937464712,0.3817991280451591,-0.47508628602410485,-1.6311454736953814,-1.055947272700762,2,1.5692769679568732,1.1767061906931597,-0.19968560466468235,-0.1628446860903139,-1.080160648501251,True,False,False
1.0250170353263617,0,1.7071241637553123,-1.4905017269061296,-1.3126527060470128,0.779884292644494,-0.3685934743601522,2,-0.8427864411625662,-0.5726092563234305,-0.5531114536287216,-0.1628446860903139,-1.1453352471444842,False,True,False
1.5197959743415,0,-0.2152389465370032,0.7285215085916941,1.339640957358863,-0.5730676625678098,1.0061141223210675,0,-0.15362546712844063,1.5265692800964776,-0.19968560466468235,-0.1628446860903139,-0.2954462483243383,False,False,False
-1.4488776597493296,1,-0.3138216701417372,1.5606552219033774,-0.33549188268695335,-0.4863399731311239,-0.5404319239453048,1,0.535535506905685,-1.6221985245333848,-0.5531114536287216,-0.1628446860903139,-0.20108327946963186,False,False,False
-0.4593197817190531,0,0.9184623749174395,-0.3809901091572174,-0.1958974793498019,1.6991978006733677,-0.024916575189847412,0,1.5692769679568732,-1.2723354351300666,0.15374024429935695,-0.1628446860903139,-2.410724984302497,True,False,False
1.5197959743415,0,-1.5953970770032808,0.0350767474986242,0.5020745373359549,1.1961772019405879,0.14692187439530519,0,0.535535506905685,-1.6221985245333848,1.214017791191475,-0.1628446860903139,-45.483039072133366,False,True,False
1.0250170353263617,0,0.2283833096843005,0.10442122360793094,0.08329132732450074,1.5257424217999953,0.3187603239804574,0,-0.8427864411625662,-0.5726092563234305,-1.2599631515568004,-0.1628446860903139,2.187134969245414,True,False,False
1.0250170353263617,1,0.4748401186961358,-0.8664014419223665,-0.47508628602410485,0.4329735348977498,-0.19675502477499981,2,1.5692769679568732,-0.2227461669201125,0.5071660932633962,-0.1628446860903139,-0.5480601667081293,False,False,False
-1.4488776597493296,0,1.509958716545844,1.0058994130289223,1.758424167370317,-0.7812141172158568,0.3187603239804574,0,0.8801159939227476,0.8268431012898416,-1.6133890005208396,-0.1628446860903139,1.5011030894223503,True,False,False
1.5197959743415,0,0.8691710131150722,-0.5196790613758315,0.7812633440102572,-1.4403445569346713,1.5216294710765244,0,0.19095501988862215,-0.9224723457267486,0.15374024429935695,-0.1628446860903139,-1.6725149764817795,False,False,False
1.0250170353263617,0,-1.2503575443867112,-0.3809901091572174,1.6188297640331655,0.918648595743192,0.14692187439530519,0,0.8801159939227476,0.12711692248320555,1.5674436401555143,-0.1628446860903139,3.281863529613954,True,False,False
-0.4593197817190531,1,-0.2645303083393701,-1.3518127746875155,0.2228857306616519,0.3982824591230753,-1.3996241718710671,2,-0.4982059541455034,-0.2227461669201125,-0.906537302592761,-0.1628446860903139,0.19568561067971768,False,True,False
-0.9540987207341913,1,0.1790919478819336,-0.6583680135944456,-0.1958974793498019,-0.24350244270840246,-1.055947272700762,1,0.8801159939227476,-1.6221985245333848,0.8605919422274356,-0.1628446860903139,-0.2720240719231754,True,False,False
-0.9540987207341913,0,1.1649191839292747,1.075243889138229,-0.1958974793498019,-0.6077587383424843,-1.5714626214562195,2,-0.8427864411625662,-0.9224723457267486,-0.906537302592761,-0.1628446860903139,1.0833999576253508,False,True,False
-0.4593197817190531,1,0.4255487568937689,-1.5598462030154363,0.08329132732450074,-1.457690094822009,-1.2277857222859145,2,-1.5319474151966916,1.5265692800964776,-0.19968560466468235,-0.1628446860903139,-0.2728145608657533,False,True,False
-1.4488776597493296,0,-0.36311303194410427,1.699344174121992,1.0604521506845601,-1.2148525643992876,-0.7122703735304572,0,1.2246964809398104,1.1767061906931597,0.5071660932633962,-0.1628446860903139,-0.21367833395593072,False,False,False
-0.4593197817190531,1,1.608541440150578,0.24311017582654504,-1.5918415127213155,0.3635913833484008,1.1779525719062196,2,-1.5319474151966916,0.47698001188652356,-0.19968560466468235,-0.1628446860903139,6.616512182929952,False,False,False
-0.4593197817190531,1,-0.5109871173512054,1.6299996980126852,0.08329132732450074,0.8839575199685175,-0.3685934743601522,1,-0.8427864411625662,0.12711692248320555,-0.906537302592761,-0.1628446860903139,-0.31348908712940676,False,False,False
1.5197959743415,0,0.4255487568937689,0.58983255637308,0.36248013399880336,1.7165433385607045,-0.19675502477499981,2,0.19095501988862215,0.12711692248320555,-1.6133890005208396,-0.1628446860903139,0.7214738357450068,True,False,False
0.5302380963112234,1,-0.36311303194410427,-0.5196790613758315,0.36248013399880336,0.03402616348899273,-0.024916575189847412,1,-1.5319474151966916,-0.9224723457267486,-1.6133890005208396,-0.1628446860903139,0.6987255383789673,False,False,False
0.5302380963112234,1,1.7071241637553123,0.31245465193585237,0.6416689406731063,-1.0934337991879273,1.0061141223210675,1,-0.4982059541455034,-1.2723354351300666,0.8605919422274356,-0.1628446860903139,5.463590166376491,True,False,False
-0.9540987207341913,0,-0.4124043937464712,-0.5196790613758315,-0.056303076012650735,-0.19146582904639112,-1.3996241718710671,1,1.2246964809398104,1.5265692800964776,-0.906537302592761,-0.1628446860903139,0.7935751589733969,False,True,False
1.5197959743415,0,0.2283833096843005,-0.10361220471998989,1.6188297640331655,-1.6484910115827183,-0.8841088231156097,2,-0.15362546712844063,-1.2723354351300666,-1.2599631515568004,-0.1628446860903139,-2.2042124313588567,True,False,False
1.5197959743415,0,-0.1659475847346359,0.45114360415446586,1.0604521506845601,1.5951245733493442,0.8342756727359149,0,0.19095501988862215,0.8268431012898416,1.214017791191475,-0.1628446860903139,-0.36783760914810076,True,False,False
0.035459157296085175,1,0.031217862474832096,1.2139328413568424,-0.33549188268695335,-1.4923811705966836,-0.024916575189847412,1,-0.8427864411625662,-1.2723354351300666,-1.2599631515568004,-0.1628446860903139,0.02571630110932589,True,False,False
1.0250170353263617,1,0.4748401186961358,-1.0050903941409806,-1.1730583027098613,-0.10473813960970448,0.14692187439530519,1,-0.4982059541455034,1.5265692800964776,1.5674436401555143,-0.1628446860903139,-0.472435237133041,True,False,False
1.5197959743415,0,-1.3489402679914455,-1.3518127746875155,1.479235360696014,0.3982824591230753,1.0061141223210675,2,-0.15362546712844063,-0.9224723457267486,1.5674436401555143,-0.1628446860903139,0.9978750706089947,True,False,False
-0.9540987207341913,0,1.0170450985221733,-0.1729566808292966,0.08329132732450074,-1.0934337991879273,1.1779525719062196,0,-0.4982059541455034,-1.6221985245333848,0.8605919422274356,-0.1628446860903139,-5.880345839464671,False,True,False
-0.4593197817190531,0,-0.06736486112990167,-0.7970569658130597,-1.1730583027098613,1.3175959671519484,-0.8841088231156097,0,1.5692769679568732,-0.2227461669201125,-0.19968560466468235,-0.1628446860903139,0.0845169969265425,False,True,False
-0.9540987207341913,0,0.08050922427719942,-1.4211572507968222,0.5020745373359549,1.612470111236681,-0.19675502477499981,1,1.5692769679568732,-1.6221985245333848,-0.5531114536287216,-0.1628446860903139,-0.05665046864592857,False,True,False
1.0250170353263617,0,1.2635019075340086,-0.5196790613758315,-1.5918415127213155,-0.1567747532717166,1.1779525719062196,2,-0.8427864411625662,-1.6221985245333848,0.15374024429935695,-0.1628446860903139,-2.4313119412372184,True,False,False
0.5302380963112234,1,-0.2645303083393701,1.421966269684764,-1.03346389937271,-1.4403445569346713,-1.5714626214562195,1,-1.5319474151966916,0.47698001188652356,-0.19968560466468235,-0.1628446860903139,-0.18603135248631028,False,False,False
1.0250170353263617,0,0.4748401186961358,-0.7970569658130597,1.2000465540217116,0.1727904665876907,1.693467920661677,1,0.8801159939227476,0.12711692248320555,-0.906537302592761,-0.1628446860903139,-0.5957417588236772,True,False,False
1.5197959743415,1,0.5241314804985027,0.0350767474986242,-0.47508628602410485,0.3462458454610632,-1.7433010710413719,0,1.2246964809398104,1.1767061906931597,0.5071660932633962,-0.1628446860903139,14.942419633378506,False,True,False
-0.9540987207341913,0,-0.4124043937464712,0.45114360415446586,-0.056303076012650735,-0.8505962687652058,1.3497910214913722,2,1.5692769679568732,-0.5726092563234305,-0.19968560466468235,-0.1628446860903139,-0.9141310880809232,False,False,False
0.035459157296085175,1,-1.3489402679914455,0.6591770324823872,0.7812633440102572,1.3349415050392852,-0.3685934743601522,1,1.2246964809398104,-0.2227461669201125,0.8605919422274356,-0.1628446860903139,-2.046400589704236,False,True,False
0.035459157296085175,0,1.509958716545844,-1.5598462030154363,1.479235360696014,1.5257424217999953,-0.5404319239453048,0,1.5692769679568732,-1.2723354351300666,1.214017791191475,-0.1628446860903139,-0.9680176889406457,False,True,False
1.0250170353263617,1,0.57342284230087,1.075243889138229,1.0604521506845601,0.710502141095145,-1.5714626214562195,1,-0.15362546712844063,-1.2723354351300666,-1.6133890005208396,-0.1628446860903139,0.5332956067859626,False,True,False
-0.9540987207341913,0,0.770588289510338,0.3817991280451591,1.339640957358863,1.6991978006733677,-0.024916575189847412,2,-1.5319474151966916,0.8268431012898416,0.8605919422274356,-0.1628446860903139,2.018308144012296,True,False,False
-1.4488776597493296,0,0.721296927707971,0.5204880802637732,-1.5918415127213155,-1.527072246371358,0.14692187439530519,1,-1.5319474151966916,-0.9224723457267486,0.15374024429935695,-0.1628446860903139,1.3858087342604115,True,False,False
-0.4593197817190531,0,-0.7081525645606735,-1.5598462030154363,0.9208577473474087,0.7278476789824826,-1.3996241718710671,1,-0.8427864411625662,0.47698001188652356,-0.19968560466468235,-0.1628446860903139,0.45398870939436176,False,True,False
0.5302380963112234,1,1.509958716545844,-0.3116456330479107,0.36248013399880336,1.4390147323633087,0.8342756727359149,1,0.8801159939227476,1.1767061906931597,0.5071660932633962,-0.1628446860903139,-4.845114310694387,True,False,False
0.5302380963112234,1,0.721296927707971,-0.7970569658130597,1.339640957358863,0.3635913833484008,0.6624372231507623,2,0.8801159939227476,-1.2723354351300666,-0.5531114536287216,-0.1628446860903139,-0.9049502841646863,False,False,False
-1.4488776597493296,0,-0.5109871173512054,-0.7970569658130597,1.339640957358863,1.2308682777152624,-0.8841088231156097,1,-0.8427864411625662,0.47698001188652356,-1.2599631515568004,-0.1628446860903139,0.6410923425403591,True,False,False
-0.9540987207341913,0,-1.5953970770032808,0.7285215085916941,-0.47508628602410485,1.4910513460253207,1.0061141223210675,2,1.5692769679568732,0.8268431012898416,0.5071660932633962,-0.1628446860903139,-2.1899107413964276,False,True,False
1.0250170353263617,0,-0.8560266499677749,0.3817991280451591,1.6188297640331655,1.5951245733493442,0.14692187439530519,2,1.2246964809398104,1.1767061906931597,-1.6133890005208396,-0.1628446860903139,-2.2420864456938316,False,True,False
-0.9540987207341913,1,-0.3138216701417372,-1.1437793463595947,-1.3126527060470128,0.5717378379964471,-1.2277857222859145,0,-0.15362546712844063,-1.2723354351300666,-0.19968560466468235,-0.1628446860903139,0.2743725624532079,False,False,False
1.5197959743415,1,-0.3138216701417372,-1.1437793463595947,1.479235360696014,1.7165433385607045,1.5216294710765244,2,0.535535506905685,-0.2227461669201125,-0.906537302592761,-0.1628446860903139,0.2743725624532079,False,False,False
-0.9540987207341913,1,1.41137599294111,1.699344174121992,0.9208577473474087,-1.2148525643992876,0.14692187439530519,1,1.5692769679568732,-0.5726092563234305,0.8605919422274356,-0.1628446860903139,0.8305415785888884,True,False,False
1.5197959743415,0,0.4255487568937689,0.6591770324823872,-0.056303076012650735,-0.19146582904639112,-0.7122703735304572,1,0.19095501988862215,1.5265692800964776,1.214017791191475,-0.1628446860903139,0.6455758254974384,False,True,False
1.5197959743415,0,1.0170450985221733,0.24311017582654504,-1.3126527060470128,-0.6077587383424843,0.8342756727359149,1,-0.15362546712844063,-0.5726092563234305,0.15374024429935695,-0.1628446860903139,4.183473995131399,False,False,False
0.5302380963112234,1,0.6720055659056042,0.6591770324823872,-0.056303076012650735,-0.8505962687652058,-0.5404319239453048,0,0.19095501988862215,0.47698001188652356,-1.6133890005208396,-0.1628446860903139,1.0194614387198933,True,False,False
0.5302380963112234,1,-0.6095698409559396,-0.8664014419223665,0.08329132732450074,-1.5444177842586948,0.3187603239804574,1,-1.1873669281796289,-0.9224723457267486,1.214017791191475,-0.1628446860903139,0.7035651275042082,False,False,False
-0.4593197817190531,0,-0.8560266499677749,0.8672104608103081,-1.03346389937271,1.2829048913772738,-0.8841088231156097,2,0.19095501988862215,1.5265692800964776,-1.6133890005208396,-0.1628446860903139,-0.9871036947224054,True,False,False
-0.9540987207341913,0,1.3620846311387427,1.6299996980126852,1.0604521506845601,-1.5097267084840205,-0.8841088231156097,0,1.5692769679568732,1.5265692800964776,-1.6133890005208396,-0.1628446860903139,0.8356348978465532,False,True,False
1.0250170353263617,1,-0.8560266499677749,0.31245465193585237,0.7812633440102572,0.2074815423623652,-1.5714626214562195,2,0.535535506905685,-1.6221985245333848,1.214017791191475,-0.1628446860903139,-2.7396828456998588,True,False,False
1.0250170353263617,0,1.312793269336376,0.8672104608103081,-0.7542750926984075,1.2308682777152624,-1.5714626214562195,1,0.19095501988862215,-0.9224723457267486,1.214017791191475,-0.1628446860903139,1.5138116162825368,False,True,False
1.5197959743415,0,1.2635019075340086,-0.10361220471998989,-1.3126527060470128,1.1614861261659135,-0.8841088231156097,0,-0.8427864411625662,0.47698001188652356,0.5071660932633962,-0.1628446860903139,-12.194527767733538,False,True,False
-1.4488776597493296,0,-0.11665622293226899,-1.4211572507968222,-1.1730583027098613,-1.110779337075264,0.8342756727359149,0,-0.8427864411625662,-1.6221985245333848,0.5071660932633962,-0.1628446860903139,0.08208537293593762,False,True,False
1.5197959743415,1,-1.4475229915961794,-1.4211572507968222,-0.47508628602410485,-1.665836549470056,0.14692187439530519,0,-1.1873669281796289,1.1767061906931597,-0.19968560466468235,-0.1628446860903139,1.0185523036135335,False,False,False
1.5197959743415,0,-1.5461057152009137,1.075243889138229,1.0604521506845601,0.9533396715178665,1.3497910214913722,1,-0.4982059541455034,0.8268431012898416,-0.906537302592761,-0.1628446860903139,-1.4379116503885125,False,False,False
1.0250170353263617,0,-0.6588612027583065,0.24311017582654504,0.7812633440102572,0.29420923179905184,1.3497910214913722,1,-0.4982059541455034,0.8268431012898416,-0.19968560466468235,-0.1628446860903139,-2.7101342036311666,True,False,False
0.5302380963112234,1,-1.4968143533985465,1.075243889138229,-1.731435916058467,0.03402616348899273,-1.055947272700762,2,1.5692769679568732,-1.2723354351300666,-0.906537302592761,-0.1628446860903139,-1.3920696211518968,False,False,False
1.0250170353263617,1,1.460667354743477,-0.9357459180316738,1.2000465540217116,1.4390147323633087,-0.5404319239453048,1,0.535535506905685,-0.9224723457267486,0.8605919422274356,-0.1628446860903139,-1.5609657777786161,False,True,False
-0.9540987207341913,0,-0.5109871173512054,-1.2824682985782088,-1.4522471093841642,-0.4343033594691118,-0.024916575189847412,1,-1.1873669281796289,0.47698001188652356,0.8605919422274356,-0.1628446860903139,0.39844034968950454,True,False,False
0.5302380963112234,1,-0.06736486112990167,1.2139328413568424,1.339640957358863,0.2421726181370397,-1.2277857222859145,2,-0.8427864411625662,-1.6221985245333848,-1.2599631515568004,-0.1628446860903139,-0.055493070814861815,False,False,False
0.5302380963112234,1,0.031217862474832096,-0.9357459180316738,1.0604521506845601,-1.4923811705966836,-0.024916575189847412,2,-1.1873669281796289,-0.2227461669201125,0.15374024429935695,-0.1628446860903139,-0.03336147331585304,False,True,False
-1.4488776597493296,1,0.6720055659056042,0.10442122360793094,1.2000465540217116,1.0227218230672155,1.0061141223210675,2,0.535535506905685,0.47698001188652356,1.5674436401555143,-0.1628446860903139,6.435526636125,False,True,False
0.035459157296085175,0,1.608541440150578,-1.2131238224689014,-0.8938694960355587,0.9359941336305289,1.693467920661677,2,1.2246964809398104,-0.9224723457267486,0.8605919422274356,-0.1628446860903139,-1.32594992395495,False,True,False
-0.4593197817190531,0,0.1298005860795663,0.58983255637308,0.2228857306616519,-0.3996122836944381,-0.19675502477499981,0,-1.1873669281796289,1.5265692800964776,-1.6133890005208396,-0.1628446860903139,0.22006344796855368,False,True,False
0.035459157296085175,0,1.41137599294111,-1.2824682985782088,-1.03346389937271,-1.318925791723311,0.14692187439530519,1,-1.1873669281796289,-0.5726092563234305,-0.19968560466468235,-0.1628446860903139,-1.100515306698663,False,True,False
1.0250170353263617,1,-0.9053180117701417,1.0058994130289223,-0.7542750926984075,-0.4169578215817749,1.5216294710765244,2,-0.15362546712844063,0.8268431012898416,-0.906537302592761,-0.1628446860903139,-0.9000084899583408,True,False,False
-1.4488776597493296,0,0.3762573950914016,-0.03426772861068253,-0.8938694960355587,0.5717378379964471,1.5216294710765244,2,0.8801159939227476,-0.2227461669201125,1.5674436401555143,-0.1628446860903139,-10.979933901253908,False,True,False
0.035459157296085175,0,-0.4616957555488383,-1.4211572507968222,0.9208577473474087,-0.7985596551031944,-0.5404319239453048,2,-1.5319474151966916,0.47698001188652356,-0.19968560466468235,-0.1628446860903139,0.3248730957042032,False,False,False
1.0250170353263617,1,-1.003900735374876,-0.5196790613758315,0.5020745373359549,0.5890833758837847,-0.7122703735304572,1,0.8801159939227476,-0.5726092563234305,0.15374024429935695,-0.1628446860903139,1.9317706061065554,False,False,False
-0.4593197817190531,1,-0.018073499327534787,0.3817991280451591,-0.33549188268695335,0.29420923179905184,1.1779525719062196,2,-0.4982059541455034,0.47698001188652356,1.5674436401555143,-0.1628446860903139,-0.047337717663401946,False,False,False
1.0250170353263617,0,-1.2996489061890784,-0.9357459180316738,1.6188297640331655,-0.6424498141171587,-0.024916575189847412,1,-0.4982059541455034,-0.9224723457267486,-1.2599631515568004,-0.1628446860903139,1.388890810149478,False,False,False
0.5302380963112234,1,-0.36311303194410427,0.8672104608103081,-1.4522471093841642,0.7972298305318316,-0.024916575189847412,1,-1.1873669281796289,0.8268431012898416,1.214017791191475,-0.1628446860903139,-0.41871385131219135,True,False,False
1.0250170353263617,0,-0.3138216701417372,-1.6985351552340504,0.08329132732450074,-1.38830794327266,0.6624372231507623,0,-1.5319474151966916,-1.2723354351300666,-0.19968560466468235,-0.1628446860903139,0.184760185371903,False,False,False
0.5302380963112234,0,-1.6939798006080147,1.5606552219033774,0.5020745373359549,0.03402616348899273,-0.5404319239453048,2,-1.5319474151966916,-1.6221985245333848,-0.906537302592761,-0.1628446860903139,-1.0854285923203681,False,False,False
-0.4593197817190531,0,-0.3138216701417372,1.5606552219033774,-0.8938694960355587,-0.2955390563704146,-1.2277857222859145,0,-0.15362546712844063,1.5265692800964776,0.15374024429935695,-0.1628446860903139,-0.20108327946963186,False,False,False
0.035459157296085175,1,1.7071241637553123,1.1445883652475357,1.0604521506845601,-0.5036855110184608,1.1779525719062196,2,-0.4982059541455034,-0.2227461669201125,0.5071660932633962,-0.1628446860903139,1.491474328752345,True,False,False
-0.9540987207341913,0,-1.6446884388056477,1.421966269684764,0.7812633440102572,1.5951245733493442,1.3497910214913722,0,-1.5319474151966916,0.8268431012898416,-1.6133890005208396,-0.1628446860903139,-1.1566297132844503,False,True,False
-0.4593197817190531,1,-1.1517748207819771,-0.24230115693860396,-1.1730583027098613,1.4216691944759718,-1.5714626214562195,0,-1.1873669281796289,0.47698001188652356,-0.906537302592761,-0.1628446860903139,4.753484611193261,True,False,False
-0.4593197817190531,0,-0.1659475847346359,0.24311017582654504,-0.47508628602410485,-1.7005276252447306,-0.024916575189847412,1,0.19095501988862215,0.12711692248320555,-0.5531114536287216,-0.1628446860903139,-0.6826023804657056,False,True,False
1.5197959743415,1,0.721296927707971,-0.5890235374851389,-0.8938694960355587,-0.9720150339765661,1.1779525719062196,2,-1.5319474151966916,-0.9224723457267486,-0.906537302592761,-0.1628446860903139,-1.224563844744777,False,False,False
1.5197959743415,1,0.4255487568937689,-1.0744348702502873,-1.5918415127213155,0.3115547696863887,-1.7433010710413719,1,-0.15362546712844063,0.12711692248320555,1.5674436401555143,-0.1628446860903139,-0.39606752226371644,True,False,False
-0.4593197817190531,0,-0.9053180117701417,0.7978659847010008,1.0604521506845601,-1.0760882613005895,1.5216294710765244,0,-1.5319474151966916,0.8268431012898416,0.5071660932633962,-0.1628446860903139,-1.134674280053947,False,True,False
1.5197959743415,0,-1.2996489061890784,-0.1729566808292966,-1.1730583027098613,-0.9026328824272171,0.6624372231507623,1,-0.15362546712844063,0.12711692248320555,0.5071660932633962,-0.1628446860903139,7.514303003257766,False,False,False
-0.9540987207341913,1,-1.4968143533985465,0.24311017582654504,-1.3126527060470128,0.25951815602437733,-1.7433010710413719,2,-0.4982059541455034,-0.2227461669201125,0.8605919422274356,-0.1628446860903139,-6.15693830301245,False,False,False
0.5302380963112234,0,-0.9546093735725089,-1.1437793463595947,-1.4522471093841642,-0.8159051929905312,1.3497910214913722,2,1.2246964809398104,0.12711692248320555,0.15374024429935695,-0.1628446860903139,0.8346097318602811,False,True,False
0.035459157296085175,1,-1.6446884388056477,0.58983255637308,-1.03346389937271,-1.0934337991879273,0.14692187439530519,2,-0.15362546712844063,-0.9224723457267486,0.15374024429935695,-0.1628446860903139,-2.788398878690162,True,False,False
1.0250170353263617,0,-1.3489402679914455,0.9365549369196149,0.36248013399880336,-0.5557221246804729,-0.3685934743601522,1,-0.4982059541455034,0.12711692248320555,-0.906537302592761,-0.1628446860903139,-1.4403215602367017,False,False,False
1.5197959743415,1,0.1298005860795663,0.7285215085916941,-1.03346389937271,-0.5383765867931353,0.8342756727359149,1,1.2246964809398104,-0.5726092563234305,0.15374024429935695,-0.1628446860903139,0.17816987494368422,False,False,False
1.5197959743415,1,-1.201066182584344,-0.5890235374851389,0.9208577473474087,0.9880307472925409,-0.024916575189847412,0,1.2246964809398104,-0.9224723457267486,-0.5531114536287216,-0.1628446860903139,2.039080115053377,False,False,False
-0.4593197817190531,1,-0.06736486112990167,-0.3116456330479107,-1.731435916058467,0.5890833758837847,-0.5404319239453048,2,-1.5319474151966916,0.12711692248320555,1.5674436401555143,-0.1628446860903139,0.21615852746297062,True,False,False
-0.9540987207341913,1,-0.8560266499677749,-1.4905017269061296,1.758424167370317,-1.475035632709346,1.5216294710765244,2,1.2246964809398104,-0.9224723457267486,0.5071660932633962,-0.1628446860903139,0.5743211393284663,False,False,False
-0.4593197817190531,1,-0.5109871173512054,-1.3518127746875155,1.339640957358863,-0.9026328824272171,0.6624372231507623,1,-1.5319474151966916,-0.2227461669201125,1.5674436401555143,-0.1628446860903139,0.37800139702728064,False,True,False
-0.4593197817190531,1,1.1156278221269076,0.10442122360793094,0.5020745373359549,0.7625387547571572,1.1779525719062196,1,1.5692769679568732,1.5265692800964776,0.8605919422274356,-0.1628446860903139,10.683918303004583,False,False,False
-0.9540987207341913,1,1.2142105457316417,-0.8664014419223665,-0.47508628602410485,0.48501014855976116,1.1779525719062196,2,-0.15362546712844063,0.47698001188652356,0.8605919422274356,-0.1628446860903139,-1.4014410491256322,True,False,False
0.5302380963112234,0,1.460667354743477,1.1445883652475357,1.479235360696014,-0.7118319656665077,-0.8841088231156097,2,-1.1873669281796289,-1.2723354351300666,-0.906537302592761,-0.1628446860903139,1.2761507971711594,False,False,False
0.5302380963112234,0,-1.003900735374876,-1.4211572507968222,0.36248013399880336,0.5197012243344357,-0.5404319239453048,1,-0.4982059541455034,0.12711692248320555,-0.19968560466468235,-0.1628446860903139,0.7063966600543349,True,False,False
-0.4593197817190531,1,0.9677537367198064,-0.7277124897037524,0.5020745373359549,0.779884292644494,1.3497910214913722,1,0.535535506905685,-0.9224723457267486,0.15374024429935695,-0.1628446860903139,-1.329857258755822,False,True,False
-1.4488776597493296,1,1.5592500783482113,-1.4211572507968222,0.36248013399880336,0.1727904665876907,-0.024916575189847412,0,0.8801159939227476,0.47698001188652356,0.8605919422274356,6.140820581921837,-1.0971692805099242,True,False,False
1.0250170353263617,0,-0.6588612027583065,0.9365549369196149,-1.4522471093841642,0.8145753684191684,0.49059877356561,1,-0.15362546712844063,1.5265692800964776,0.15374024429935695,-0.1628446860903139,-0.7034944526856485,False,False,False
0.035459157296085175,0,0.3762573950914016,-1.4905017269061296,-0.33549188268695335,-0.7812141172158568,-1.2277857222859145,0,0.535535506905685,0.47698001188652356,1.5674436401555143,6.140820581921837,-0.25243673878352907,False,True,False
-0.9540987207341913,1,0.2283833096843005,-0.8664014419223665,-1.731435916058467,0.9706852094052033,-1.055947272700762,1,1.5692769679568732,0.12711692248320555,0.8605919422274356,-0.1628446860903139,-0.2635998725689617,False,True,False
1.5197959743415,1,0.770588289510338,0.45114360415446586,0.7812633440102572,0.3982824591230753,-0.8841088231156097,1,-0.4982059541455034,-0.9224723457267486,0.5071660932633962,-0.1628446860903139,1.708077610796624,True,False,False
0.5302380963112234,1,-0.1659475847346359,0.58983255637308,1.2000465540217116,0.3635913833484008,-1.3996241718710671,0,0.535535506905685,-1.6221985245333848,-0.906537302592761,-0.1628446860903139,-0.2813469398078986,False,True,False
-0.4593197817190531,1,0.08050922427719942,1.2139328413568424,0.7812633440102572,0.6237744516584591,-0.7122703735304572,1,0.19095501988862215,-1.2723354351300666,-0.19968560466468235,-0.1628446860903139,0.0663209870714201,True,False,False
1.0250170353263617,1,-1.4475229915961794,-0.4503345852665248,-1.5918415127213155,1.1094495125039012,0.14692187439530519,0,0.19095501988862215,1.1767061906931597,0.5071660932633962,-0.1628446860903139,3.2143278330254854,False,True,False
-0.9540987207341913,0,-1.3982316297938124,0.0350767474986242,1.339640957358863,-1.613799935808044,-1.5714626214562195,2,1.2246964809398104,-0.2227461669201125,1.214017791191475,-0.1628446860903139,-39.86206616929505,False,True,False
1.0250170353263617,1,0.031217862474832096,-1.6291906791247437,-0.47508628602410485,-1.2321981022866253,-1.055947272700762,2,-0.4982059541455034,1.5265692800964776,1.5674436401555143,-0.1628446860903139,-0.01916157689510192,True,False,False
-1.4488776597493296,0,-1.003900735374876,0.24311017582654504,1.479235360696014,-0.38226674580710046,-0.8841088231156097,1,-1.1873669281796289,0.12711692248320555,1.5674436401555143,-0.1628446860903139,-4.129406479846989,False,True,False
0.035459157296085175,0,-0.1659475847346359,-0.10361220471998989,-0.7542750926984075,1.265559353489937,1.5216294710765244,1,-0.15362546712844063,-0.9224723457267486,0.5071660932633962,-0.1628446860903139,1.6016219824981646,False,True,False
1.5197959743415,0,-1.6446884388056477,-1.1437793463595947,-0.056303076012650735,-1.4403445569346713,-0.7122703735304572,2,1.5692769679568732,1.5265692800964776,1.5674436401555143,-0.1628446860903139,1.4379420681448216,False,True,False
-0.4593197817190531,1,-0.9053180117701417,0.5204880802637732,1.6188297640331655,0.48501014855976116,-0.3685934743601522,2,-0.15362546712844063,-1.2723354351300666,1.214017791191475,-0.1628446860903139,-1.7393635821810638,True,False,False
-1.4488776597493296,1,-1.4968143533985465,-0.8664014419223665,-1.3126527060470128,-1.4403445569346713,-0.19675502477499981,2,1.5692769679568732,0.12711692248320555,0.8605919422274356,-0.1628446860903139,1.7276221864052115,False,False,False
-0.4593197817190531,1,-0.6588612027583065,-0.5890235374851389,-1.4522471093841642,0.19013600447502835,0.8342756727359149,0,0.19095501988862215,-0.9224723457267486,-1.6133890005208396,-0.1628446860903139,1.1185651520333848,True,False,False
1.5197959743415,0,1.3620846311387427,0.6591770324823872,-0.33549188268695335,-0.2608479805957401,-0.024916575189847412,2,1.2246964809398104,0.8268431012898416,-0.19968560466468235,-0.1628446860903139,2.066341155742766,False,False,False
0.035459157296085175,1,-1.2503575443867112,1.2139328413568424,-1.03346389937271,0.27686369391171417,-0.19675502477499981,2,1.2246964809398104,0.47698001188652356,1.5674436401555143,-0.1628446860903139,-1.030005533905118,True,False,False
1.5197959743415,1,-1.003900735374876,0.45114360415446586,0.2228857306616519,-1.110779337075264,0.14692187439530519,1,-0.4982059541455034,-0.5726092563234305,0.8605919422274356,-0.1628446860903139,-2.225235437519697,False,True,False
0.035459157296085175,0,1.5592500783482113,-1.2131238224689014,1.6188297640331655,-1.4229990190473345,0.3187603239804574,2,-0.15362546712844063,0.47698001188652356,0.15374024429935695,-0.1628446860903139,-1.2853181591759426,True,False,False
1.5197959743415,0,-0.3138216701417372,1.0058994130289223,0.5020745373359549,0.918648595743192,-0.7122703735304572,0,-0.8427864411625662,-1.2723354351300666,-0.5531114536287216,-0.1628446860903139,-0.3119811643957227,False,False,False
0.035459157296085175,0,-0.5109871173512054,-0.24230115693860396,1.339640957358863,1.4563602702506462,-1.5714626214562195,2,-0.4982059541455034,-0.2227461669201125,1.5674436401555143,-0.1628446860903139,2.1088926021128453,False,True,False
0.5302380963112234,1,0.1790919478819336,-0.03426772861068253,1.0604521506845601,-0.6077587383424843,1.5216294710765244,2,0.19095501988862215,-1.2723354351300666,1.5674436401555143,-0.1628446860903139,-5.226256747758414,True,False,False
-0.9540987207341913,1,-0.5602784791535724,-0.4503345852665248,1.758424167370317,0.5717378379964471,-0.7122703735304572,2,-1.5319474151966916,-0.5726092563234305,-0.5531114536287216,-0.1628446860903139,1.2441382418407387,False,False,False
1.0250170353263617,1,-1.003900735374876,-1.2824682985782088,0.6416689406731063,-1.6311454736953814,-0.5404319239453048,2,1.2246964809398104,-0.2227461669201125,1.5674436401555143,-0.1628446860903139,0.7827879538915987,False,True,False
0.035459157296085175,1,0.1298005860795663,-0.7277124897037524,-1.1730583027098613,-1.613799935808044,1.5216294710765244,1,0.8801159939227476,-0.9224723457267486,-1.2599631515568004,-0.1628446860903139,-0.1783679515139384,False,False,False
1.5197959743415,1,1.41137599294111,-0.24230115693860396,-0.8938694960355587,-1.457690094822009,1.0061141223210675,0,-0.4982059541455034,-0.5726092563234305,-1.6133890005208396,-0.1628446860903139,-5.8248834251284025,False,True,False
0.035459157296085175,0,-1.201066182584344,-1.1437793463595947,-0.614680689361256,-1.2148525643992876,1.3497910214913722,0,0.19095501988862215,1.1767061906931597,-1.2599631515568004,-0.1628446860903139,1.050085566247617,True,False,False
1.5197959743415,1,-1.201066182584344,0.24311017582654504,0.6416689406731063,-1.1454704128499387,-0.024916575189847412,2,0.535535506905685,0.12711692248320555,0.5071660932633962,-0.1628446860903139,-4.940419209113173,False,True,False
0.035459157296085175,1,-1.3489402679914455,-1.0744348702502873,0.7812633440102572,-0.5557221246804729,0.6624372231507623,2,-0.8427864411625662,0.8268431012898416,0.15374024429935695,-0.1628446860903139,1.2554881690290012,True,False,False
1.0250170353263617,1,1.1156278221269076,-0.7277124897037524,-1.1730583027098613,-0.6077587383424843,-1.2277857222859145,0,1.2246964809398104,-1.6221985245333848,0.8605919422274356,-0.1628446860903139,-1.5330612541514483,False,False,False
1.0250170353263617,1,1.6578328019529454,-1.6291906791247437,1.479235360696014,0.45031907278508665,0.6624372231507623,0,-0.4982059541455034,-1.2723354351300666,-0.5531114536287216,-0.1628446860903139,-1.0175805835346352,True,False,False
-0.4593197817190531,1,1.509958716545844,-0.3116456330479107,1.6188297640331655,-0.4689944352437863,1.3497910214913722,0,-1.5319474151966916,1.1767061906931597,0.15374024429935695,-0.1628446860903139,-4.845114310694387,False,False,False
1.0250170353263617,1,0.770588289510338,-0.4503345852665248,0.08329132732450074,1.0400673609545523,-1.3996241718710671,1,-1.1873669281796289,-0.2227461669201125,-0.5531114536287216,-0.1628446860903139,-1.7111461449363812,False,True,False
0.035459157296085175,0,-1.5461057152009137,-0.5196790613758315,0.08329132732450074,-1.7178731631320674,0.6624372231507623,1,-0.4982059541455034,0.8268431012898416,0.5071660932633962,-0.1628446860903139,2.9751164326452844,False,False,False
1.5197959743415,1,0.8691710131150722,-0.5196790613758315,-0.47508628602410485,-1.665836549470056,0.14692187439530519,1,-0.4982059541455034,0.12711692248320555,-1.6133890005208396,-0.1628446860903139,-1.6725149764817795,False,True,False
-1.4488776597493296,1,-1.5953970770032808,-0.5196790613758315,-0.8938694960355587,1.3002504292646113,0.49059877356561,1,1.2246964809398104,-0.2227461669201125,1.5674436401555143,-0.1628446860903139,3.0699660532397144,True,False,False
0.5302380963112234,1,0.2776746714866674,-0.9357459180316738,1.6188297640331655,1.7338888764480422,-0.7122703735304572,2,-0.4982059541455034,-1.2723354351300666,1.214017791191475,-0.1628446860903139,-0.29674152580943286,False,True,False
1.5197959743415,0,-0.2645303083393701,1.2139328413568424,-0.47508628602410485,1.1094495125039012,0.49059877356561,1,-0.15362546712844063,-0.9224723457267486,1.5674436401555143,-0.1628446860903139,-0.21791181466323795,True,False,False
0.5302380963112234,0,1.509958716545844,0.58983255637308,0.2228857306616519,0.10340831503834172,0.14692187439530519,2,1.5692769679568732,0.8268431012898416,-1.6133890005208396,-0.1628446860903139,2.5599785909253323,True,False,False
1.5197959743415,1,-0.36311303194410427,0.6591770324823872,1.2000465540217116,-1.2842347159486365,-0.8841088231156097,1,0.535535506905685,-0.5726092563234305,0.8605919422274356,-0.1628446860903139,-0.550858136814417,False,True,False
0.5302380963112234,1,0.32696603328903473,-1.2131238224689014,0.9208577473474087,-0.38226674580710046,0.49059877356561,0,1.2246964809398104,0.12711692248320555,1.214017791191475,-0.1628446860903139,-0.2695240397007508,True,False,False
-1.4488776597493296,1,0.2283833096843005,1.4913107457940706,-1.4522471093841642,-0.0006649122856809947,0.8342756727359149,1,-0.8427864411625662,0.8268431012898416,-0.906537302592761,-0.1628446860903139,0.15314267018353336,False,False,False
1.5197959743415,0,1.41137599294111,1.2832773174661503,-0.47508628602410485,1.126795050391239,-1.055947272700762,1,0.19095501988862215,1.1767061906931597,0.15374024429935695,-0.1628446860903139,1.0998215068025143,False,False,False
0.035459157296085175,1,0.770588289510338,0.24311017582654504,-1.3126527060470128,-0.6597953520044965,-0.19675502477499981,1,1.5692769679568732,1.5265692800964776,-0.5531114536287216,-0.1628446860903139,3.169708083548669,False,True,False
-1.4488776597493296,0,1.41137599294111,0.1737656997172383,0.36248013399880336,-0.9893605718639037,0.8342756727359149,1,1.5692769679568732,-1.6221985245333848,-1.6133890005208396,-0.1628446860903139,8.122293382628353,False,False,False
0.035459157296085175,1,-0.5109871173512054,-1.4211572507968222,-0.33549188268695335,-0.5036855110184608,-0.3685934743601522,0,-1.1873669281796289,1.5265692800964776,0.8605919422274356,-0.1628446860903139,0.3595570560996697,False,False,False
-0.9540987207341913,1,0.2776746714866674,-0.10361220471998989,-0.1958974793498019,-0.5036855110184608,-1.5714626214562195,2,0.535535506905685,-1.2723354351300666,0.5071660932633962,-0.1628446860903139,-2.679941733090983,True,False,False
0.5302380963112234,1,0.1298005860795663,-0.3116456330479107,0.5020745373359549,-1.041397185525915,1.3497910214913722,0,-0.15362546712844063,0.8268431012898416,0.5071660932633962,-0.1628446860903139,-0.41650057730669837,False,True,False
-0.9540987207341913,1,1.460667354743477,0.7978659847010008,1.479235360696014,0.19013600447502835,-0.5404319239453048,2,-0.8427864411625662,-1.6221985245333848,-1.2599631515568004,-0.1628446860903139,1.8307176678184371,False,False,False
1.5197959743415,1,0.08050922427719942,1.5606552219033774,0.36248013399880336,0.4156279970104122,1.1779525719062196,1,-0.4982059541455034,1.5265692800964776,-0.906537302592761,-0.1628446860903139,0.051586809916292886,False,False,False
1.5197959743415,1,-0.6095698409559396,1.421966269684764,-0.7542750926984075,0.5197012243344357,-0.8841088231156097,2,0.19095501988862215,-1.2723354351300666,1.214017791191475,-0.1628446860903139,-0.42868094268584533,False,True,False
0.035459157296085175,0,1.1649191839292747,-0.4503345852665248,-1.5918415127213155,1.1441405882785758,-0.8841088231156097,0,1.5692769679568732,0.8268431012898416,1.5674436401555143,6.140820581921837,-2.5867859632407137,True,False,False
-0.4593197817190531,1,0.4255487568937689,-1.5598462030154363,-0.33549188268695335,-0.4689944352437863,-1.055947272700762,0,-1.5319474151966916,0.12711692248320555,-0.19968560466468235,-0.1628446860903139,-0.2728145608657533,True,False,False
-1.4488776597493296,0,0.32696603328903473,0.8672104608103081,1.339640957358863,-0.2608479805957401,-0.3685934743601522,0,-1.1873669281796289,-0.2227461669201125,-0.19968560466468235,-0.1628446860903139,0.37703192946210856,False,False,False
-0.4593197817190531,0,-0.6095698409559396,0.0350767474986242,-0.614680689361256,-0.9546694960892292,-1.2277857222859145,2,0.535535506905685,0.12711692248320555,0.5071660932633962,-0.1628446860903139,-17.378174557941794,True,False,False
-0.4593197817190531,0,1.3620846311387427,0.7978659847010008,0.2228857306616519,-1.180161488624613,-0.3685934743601522,2,0.8801159939227476,0.47698001188652356,-0.19968560466468235,-0.1628446860903139,1.7071596699904208,False,False,False
0.5302380963112234,1,1.509958716545844,-1.0744348702502873,-1.5918415127213155,-0.7465230414411823,-0.3685934743601522,1,-0.4982059541455034,-1.6221985245333848,1.214017791191475,-0.1628446860903139,-1.4053515558314877,False,False,False
0.5302380963112234,1,-1.3982316297938124,0.3817991280451591,-1.3126527060470128,0.6931566032078081,-0.19675502477499981,0,0.535535506905685,0.47698001188652356,1.5674436401555143,-0.1628446860903139,-3.662217975595874,False,False,False
1.0250170353263617,1,-1.4968143533985465,-0.5890235374851389,1.6188297640331655,-0.7291775035538454,-0.7122703735304572,0,-0.15362546712844063,0.8268431012898416,-0.5531114536287216,-0.1628446860903139,2.5411791857915547,False,False,False
0.5302380963112234,1,1.3620846311387427,1.421966269684764,-0.33549188268695335,0.9533396715178665,0.3187603239804574,1,-0.8427864411625662,-0.9224723457267486,0.5071660932633962,-0.1628446860903139,0.9578881441686402,False,False,False
-0.9540987207341913,1,-0.8560266499677749,-0.1729566808292966,-0.7542750926984075,0.3809369212357377,-0.024916575189847412,1,-0.8427864411625662,1.5265692800964776,0.15374024429935695,-0.1628446860903139,4.949370246140703,False,False,False
-0.4593197817190531,1,-1.6446884388056477,0.6591770324823872,1.339640957358863,-0.12208367749704212,0.6624372231507623,1,-0.8427864411625662,0.47698001188652356,-0.5531114536287216,-0.1628446860903139,-2.495063325571181,False,False,False
0.035459157296085175,0,-1.003900735374876,1.699344174121992,-0.7542750926984075,0.5890833758837847,0.8342756727359149,0,-0.4982059541455034,-0.5726092563234305,1.5674436401555143,-0.1628446860903139,-0.5907577468193375,False,True,False
0.5302380963112234,1,0.1298005860795663,-0.5890235374851389,-0.1958974793498019,-1.7178731631320674,0.49059877356561,1,-0.8427864411625662,0.8268431012898416,-0.5531114536287216,-0.1628446860903139,-0.2203657032684219,False,True,False
1.0250170353263617,0,0.9184623749174395,-1.5598462030154363,-0.8938694960355587,-0.5383765867931353,-1.2277857222859145,0,1.5692769679568732,1.1767061906931597,-0.5531114536287216,6.140820581921837,-0.5888159827179772,False,False,False
0.035459157296085175,0,1.0170450985221733,-0.24230115693860396,-0.056303076012650735,-0.5557221246804729,1.3497910214913722,1,1.5692769679568732,0.8268431012898416,-1.2599631515568004,-0.1628446860903139,-4.197442188771222,True,False,False
-0.9540987207341913,0,-0.5109871173512054,-0.5196790613758315,0.9208577473474087,0.8145753684191684,-0.19675502477499981,1,0.8801159939227476,-0.5726092563234305,1.5674436401555143,-0.1628446860903139,0.9832744001622568,False,False,False
-0.9540987207341913,0,-1.053192097177243,-0.10361220471998989,1.479235360696014,-1.0067061097512406,-0.5404319239453048,1,1.2246964809398104,-0.2227461669201125,-1.2599631515568004,-0.1628446860903139,10.164749413676464,False,True,False
-1.4488776597493296,1,0.6720055659056042,-1.4905017269061296,-1.3126527060470128,0.7278476789824826,0.14692187439530519,2,-0.4982059541455034,-0.9224723457267486,-1.2599631515568004,-0.1628446860903139,-0.4508586295304081,True,False,False
1.5197959743415,0,1.41137599294111,-1.0050903941409806,0.36248013399880336,-0.5383765867931353,0.3187603239804574,1,-1.5319474151966916,0.12711692248320555,0.8605919422274356,-0.1628446860903139,-1.4042279193677591,True,False,False
-0.4593197817190531,0,0.031217862474832096,-0.7970569658130597,1.758424167370317,0.45031907278508665,-1.3996241718710671,1,-1.5319474151966916,0.8268431012898416,0.5071660932633962,-0.1628446860903139,-0.03916641320986068,False,True,False
0.5302380963112234,1,1.3620846311387427,-0.4503345852665248,1.6188297640331655,1.6298156491240188,-0.19675502477499981,2,0.19095501988862215,-1.2723354351300666,1.214017791191475,-0.1628446860903139,-3.024605872392879,True,False,False
0.5302380963112234,0,-0.8067352881654077,-1.3518127746875155,-1.1730583027098613,1.2482138156025993,-1.5714626214562195,1,-1.5319474151966916,0.12711692248320555,-0.5531114536287216,-0.1628446860903139,0.5967803406443561,False,True,False
1.5197959743415,1,0.3762573950914016,1.3526217935754572,-1.5918415127213155,0.15544492870035384,-1.055947272700762,2,1.2246964809398104,-0.5726092563234305,0.15374024429935695,-0.1628446860903139,0.27816895815113285,False,True,False
0.5302380963112234,0,1.312793269336376,1.2139328413568424,1.6188297640331655,1.2135227398279247,-0.024916575189847412,0,0.19095501988862215,-1.2723354351300666,-0.19968560466468235,-0.1628446860903139,1.0814381361237702,False,True,False
-0.4593197817190531,0,-0.9546093735725089,1.0058994130289223,0.08329132732450074,1.5951245733493442,-0.8841088231156097,2,-0.4982059541455034,-0.2227461669201125,0.15374024429935695,-0.1628446860903139,-0.9490107670885591,False,False,False
-0.4593197817190531,1,-0.4616957555488383,-1.1437793463595947,-1.03346389937271,1.2482138156025993,0.14692187439530519,2,-0.15362546712844063,0.47698001188652356,-0.5531114536287216,-0.1628446860903139,0.40365806308560936,True,False,False
1.5197959743415,1,-0.4616957555488383,0.0350767474986242,-0.8938694960355587,1.1441405882785758,0.14692187439530519,1,-0.15362546712844063,1.1767061906931597,1.5674436401555143,-0.1628446860903139,-13.162444880813055,True,False,False
-0.4593197817190531,0,-1.3489402679914455,-0.6583680135944456,-0.1958974793498019,0.5197012243344357,0.49059877356561,2,0.19095501988862215,-0.2227461669201125,1.214017791191475,-0.1628446860903139,2.0489152573296066,True,False,False
-0.9540987207341913,0,-1.3489402679914455,0.7978659847010008,-0.7542750926984075,-0.2608479805957401,0.14692187439530519,0,1.5692769679568732,-1.6221985245333848,-0.906537302592761,-0.1628446860903139,-1.6906852702800197,True,False,False
-0.4593197817190531,0,1.41137599294111,1.3526217935754572,0.2228857306616519,1.2829048913772738,-0.3685934743601522,0,1.2246964809398104,1.1767061906931597,-0.5531114536287216,-0.1628446860903139,1.0434372709686606,False,False,False
-0.4593197817190531,1,0.1298005860795663,-1.4905017269061296,0.6416689406731063,-0.8505962687652058,-1.7433010710413719,2,-0.4982059541455034,-1.6221985245333848,-0.5531114536287216,-0.1628446860903139,-0.08708516316112998,False,False,False
1.0250170353263617,1,-1.053192097177243,0.24311017582654504,-1.03346389937271,-0.2261569048210656,0.8342756727359149,0,1.2246964809398104,1.5265692800964776,0.8605919422274356,-0.1628446860903139,-4.332159662163535,False,False,False
-0.4593197817190531,1,0.4255487568937689,-0.8664014419223665,-1.5918415127213155,1.1441405882785758,0.8342756727359149,1,0.535535506905685,1.1767061906931597,1.5674436401555143,6.140820581921837,-0.491168107880296,False,True,False
0.5302380963112234,0,-0.5109871173512054,1.421966269684764,0.6416689406731063,-1.527072246371358,0.49059877356561,2,0.8801159939227476,0.8268431012898416,-1.2599631515568004,-0.1628446860903139,-0.359352488343121,False,False,False
1.0250170353263617,0,-0.7574439263630407,-1.0050903941409806,0.36248013399880336,-0.9373239582018916,0.3187603239804574,2,-1.5319474151966916,1.5265692800964776,0.5071660932633962,-0.1628446860903139,0.7536077658073774,True,False,False
-1.4488776597493296,0,-0.6095698409559396,0.6591770324823872,-1.1730583027098613,-0.7985596551031944,-1.3996241718710671,2,-0.4982059541455034,1.5265692800964776,0.15374024429935695,-0.1628446860903139,-0.9247437500368717,False,False,False
1.5197959743415,1,0.4748401186961358,-0.9357459180316738,1.339640957358863,-0.7465230414411823,0.6624372231507623,1,-1.1873669281796289,-0.9224723457267486,0.5071660932633962,-0.1628446860903139,-0.507445567804297,False,True,False
-0.4593197817190531,1,-0.36311303194410427,1.2832773174661503,1.2000465540217116,0.3462458454610632,1.693467920661677,2,-1.5319474151966916,-1.2723354351300666,-1.2599631515568004,-0.1628446860903139,-0.28295757043464015,False,False,False
0.5302380963112234,1,0.57342284230087,1.5606552219033774,0.36248013399880336,0.25951815602437733,1.1779525719062196,1,-1.5319474151966916,1.1767061906931597,0.8605919422274356,-0.1628446860903139,0.36742442164869876,False,True,False
-1.4488776597493296,0,0.08050922427719942,1.075243889138229,-0.8938694960355587,-1.0760882613005895,-1.3996241718710671,1,-0.15362546712844063,1.5265692800964776,0.15374024429935695,-0.1628446860903139,0.07487531441980554,False,True,False
0.5302380963112234,0,-0.2645303083393701,0.1737656997172383,-1.5918415127213155,-0.8332507308778688,0.8342756727359149,0,1.2246964809398104,0.8268431012898416,-0.19968560466468235,-0.1628446860903139,-1.5223390391189358,True,False,False
0.035459157296085175,1,0.3762573950914016,0.24311017582654504,-1.4522471093841642,1.5777790354620067,0.8342756727359149,1,-0.15362546712844063,0.8268431012898416,-0.906537302592761,-0.1628446860903139,1.5476826250163005,False,True,False
0.5302380963112234,1,-0.36311303194410427,-1.2131238224689014,-0.7542750926984075,1.2308682777152624,0.6624372231507623,0,-1.1873669281796289,-1.2723354351300666,-0.19968560466468235,-0.1628446860903139,0.2993206672053567,True,False,False
0.035459157296085175,0,0.721296927707971,-1.6291906791247437,0.9208577473474087,-0.6597953520044965,0.14692187439530519,0,-1.5319474151966916,0.12711692248320555,-0.906537302592761,-0.1628446860903139,-0.4427332766815706,False,False,False
-0.4593197817190531,1,-1.1517748207819771,-1.3518127746875155,-0.614680689361256,-0.6251042762298219,1.1779525719062196,1,1.5692769679568732,-1.2723354351300666,0.15374024429935695,-0.1628446860903139,0.8520224415309442,False,False,False
1.0250170353263617,1,-0.11665622293226899,1.3526217935754572,0.5020745373359549,-0.5210310489057984,-1.3996241718710671,1,-1.5319474151966916,1.5265692800964776,0.8605919422274356,-0.1628446860903139,-0.08624452414292792,False,True,False
1.5197959743415,0,1.460667354743477,-1.3518127746875155,1.339640957358863,-1.0067061097512406,-0.024916575189847412,0,-0.8427864411625662,-1.2723354351300666,0.15374024429935695,-0.1628446860903139,-1.0805248937532228,False,True,False
-0.9540987207341913,1,0.3762573950914016,0.24311017582654504,1.6188297640331655,-1.405653481159997,-0.3685934743601522,2,1.5692769679568732,-1.6221985245333848,0.15374024429935695,-0.1628446860903139,1.5476826250163005,True,False,False
-0.9540987207341913,0,1.2142105457316417,0.31245465193585237,0.5020745373359549,0.7451932168698195,0.14692187439530519,0,1.5692769679568732,-0.9224723457267486,0.15374024429935695,-0.1628446860903139,3.886037664054116,True,False,False
0.035459157296085175,0,-1.201066182584344,-1.2824682985782088,0.36248013399880336,-0.7638685793285199,1.3497910214913722,0,-0.15362546712844063,-0.5726092563234305,-0.5531114536287216,-0.1628446860903139,0.9365269955724363,False,False,False
1.0250170353263617,0,1.3620846311387427,0.58983255637308,1.479235360696014,0.5370467622217725,-1.055947272700762,1,-1.5319474151966916,0.8268431012898416,-1.6133890005208396,-0.1628446860903139,2.309273397037106,False,False,False
0.5302380963112234,0,-0.9546093735725089,0.0350767474986242,-0.33549188268695335,1.4043236565886341,-1.3996241718710671,0,0.8801159939227476,0.12711692248320555,-1.6133890005208396,-0.1628446860903139,-27.21487713790884,True,False,False
0.5302380963112234,1,0.4255487568937689,-1.0744348702502873,-0.33549188268695335,0.710502141095145,-1.7433010710413719,2,-1.1873669281796289,-1.2723354351300666,-1.6133890005208396,-0.1628446860903139,-0.39606752226371644,False,False,False
-0.4593197817190531,1,1.1649191839292747,-0.1729566808292966,-1.5918415127213155,-1.0760882613005895,-1.3996241718710671,1,-0.8427864411625662,-1.6221985245333848,-0.5531114536287216,-0.1628446860903139,-6.7353234251703595,True,False,False
1.5197959743415,0,-0.7574439263630407,-0.6583680135944456,0.5020745373359549,0.15544492870035384,-0.5404319239453048,1,1.2246964809398104,-0.9224723457267486,-0.19968560466468235,-0.1628446860903139,1.1504871298769168,True,False,False
1.0250170353263617,1,-1.5953970770032808,-1.3518127746875155,0.7812633440102572,-1.2321981022866253,-0.024916575189847412,1,-1.1873669281796289,0.47698001188652356,0.8605919422274356,-0.1628446860903139,1.1801908569565576,True,False,False
-0.4593197817190531,1,0.8198796513127053,-0.03426772861068253,-0.47508628602410485,0.6064289137711215,-0.19675502477499981,0,0.8801159939227476,1.1767061906931597,1.214017791191475,-0.1628446860903139,-23.925707496618795,False,False,False
-0.4593197817190531,1,-0.4616957555488383,-0.6583680135944456,-0.7542750926984075,-0.8679418066525426,1.5216294710765244,1,-1.5319474151966916,-0.5726092563234305,1.214017791191475,-0.1628446860903139,0.7012730661505719,True,False,False
1.0250170353263617,0,0.9677537367198064,0.1737656997172383,1.0604521506845601,-0.018010450173018628,-1.5714626214562195,0,1.2246964809398104,0.47698001188652356,0.5071660932633962,-0.1628446860903139,5.569302447459952,False,False,False
0.5302380963112234,0,0.3762573950914016,0.10442122360793094,-1.5918415127213155,0.08606277715100485,-1.5714626214562195,0,-0.8427864411625662,0.47698001188652356,-1.6133890005208396,-0.1628446860903139,3.6032655248719414,True,False,False
0.035459157296085175,1,0.031217862474832096,-0.7970569658130597,-0.614680689361256,1.3349415050392852,-0.8841088231156097,2,-0.8427864411625662,0.8268431012898416,0.8605919422274356,-0.1628446860903139,-0.03916641320986068,False,False,False
1.0250170353263617,1,1.5592500783482113,0.10442122360793094,-0.1958974793498019,1.751234414335379,1.5216294710765244,0,-0.8427864411625662,-0.9224723457267486,1.214017791191475,-0.1628446860903139,14.93230996988417,False,False,False
1.5197959743415,1,1.2635019075340086,1.3526217935754572,0.08329132732450074,-0.10473813960970448,0.49059877356561,2,-1.5319474151966916,0.12711692248320555,0.8605919422274356,-0.1628446860903139,0.9341132262804421,False,True,False
0.035459157296085175,1,-0.3138216701417372,0.7285215085916941,0.5020745373359549,0.4329735348977498,-0.19675502477499981,1,-0.4982059541455034,-0.9224723457267486,-1.2599631515568004,-0.1628446860903139,-0.4307651406866302,False,True,False
1.5197959743415,0,1.460667354743477,1.4913107457940706,-1.1730583027098613,-1.2842347159486365,1.0061141223210675,0,1.2246964809398104,0.8268431012898416,-0.5531114536287216,-0.1628446860903139,0.9794520416774191,False,True,False
1.0250170353263617,1,0.6227142041032369,0.7285215085916941,0.6416689406731063,1.1441405882785758,0.6624372231507623,2,-0.4982059541455034,-0.5726092563234305,0.8605919422274356,-0.1628446860903139,0.8547643367551447,False,True,False
0.5302380963112234,0,1.509958716545844,0.58983255637308,1.6188297640331655,-0.0006649122856809947,0.3187603239804574,0,-0.4982059541455034,0.8268431012898416,1.5674436401555143,-0.1628446860903139,2.5599785909253323,True,False,False
1.5197959743415,0,-0.06736486112990167,0.6591770324823872,1.479235360696014,0.502355686447098,0.8342756727359149,2,0.535535506905685,-0.2227461669201125,-0.5531114536287216,-0.1628446860903139,-0.10219540094747098,True,False,False
1.5197959743415,1,0.031217862474832096,-1.2824682985782088,1.0604521506845601,-1.0240516476385781,-0.024916575189847412,0,1.5692769679568732,1.5265692800964776,0.8605919422274356,-0.1628446860903139,-0.02434201493279901,False,False,False
1.0250170353263617,0,1.2142105457316417,1.699344174121992,-1.4522471093841642,-0.34757567003242595,-1.055947272700762,2,-1.1873669281796289,1.5265692800964776,0.8605919422274356,-0.1628446860903139,0.7145171438616862,False,False,False
0.035459157296085175,0,-0.4616957555488383,1.6299996980126852,-0.7542750926984075,-1.1628159507372762,-0.8841088231156097,1,-1.1873669281796289,-0.5726092563234305,-0.19968560466468235,-0.1628446860903139,-0.2832489822616183,False,True,False
-0.4593197817190531,0,-0.7574439263630407,0.10442122360793094,-1.1730583027098613,-0.5210310489057984,1.3497910214913722,2,-1.5319474151966916,-1.2723354351300666,-1.2599631515568004,-0.1628446860903139,-7.2537354015981075,False,True,False
1.5197959743415,0,1.312793269336376,-0.03426772861068253,1.6188297640331655,1.4390147323633087,-0.024916575189847412,2,-0.15362546712844063,-0.5726092563234305,-0.19968560466468235,-0.1628446860903139,-38.309900380357554,True,False,False
-0.4593197817190531,0,0.5241314804985027,-0.3809901091572174,0.36248013399880336,-0.03535598806035549,-0.7122703735304572,1,1.2246964809398104,-0.9224723457267486,-0.906537302592761,-0.1628446860903139,-1.3757088908631412,False,False,False
-0.9540987207341913,0,-1.2503575443867112,-1.2131238224689014,-0.8938694960355587,-0.8332507308778688,-1.7433010710413719,0,-1.1873669281796289,1.1767061906931597,-0.5531114536287216,-0.1628446860903139,1.0306924332274947,True,False,False
-0.9540987207341913,0,-0.06736486112990167,-0.9357459180316738,1.479235360696014,-1.3362713296106479,-0.8841088231156097,0,-0.15362546712844063,-0.5726092563234305,-1.6133890005208396,-0.1628446860903139,0.0719905476815785,False,True,False
-1.4488776597493296,1,-0.5109871173512054,-0.4503345852665248,-0.7542750926984075,-0.9546694960892292,0.8342756727359149,2,-0.4982059541455034,-1.6221985245333848,0.8605919422274356,-0.1628446860903139,1.1346832645526972,False,True,False
-1.4488776597493296,1,0.9677537367198064,0.0350767474986242,-0.33549188268695335,-1.6311454736953814,-0.8841088231156097,1,-0.8427864411625662,1.1767061906931597,-0.5531114536287216,-0.1628446860903139,27.589608664764715,True,False,False
-0.9540987207341913,1,-0.06736486112990167,1.6299996980126852,0.7812633440102572,-0.4516488973564494,-1.2277857222859145,2,1.2246964809398104,-1.2723354351300666,-1.2599631515568004,-0.1628446860903139,-0.04132814331931086,True,False,False
0.5302380963112234,0,-0.7081525645606735,-1.5598462030154363,-1.3126527060470128,-1.2321981022866253,1.0061141223210675,2,-0.4982059541455034,1.1767061906931597,0.15374024429935695,-0.1628446860903139,0.45398870939436176,False,True,False
-0.4593197817190531,1,1.608541440150578,-1.5598462030154363,0.5020745373359549,0.7451932168698195,-1.7433010710413719,1,1.5692769679568732,0.47698001188652356,1.214017791191475,6.140820581921837,-1.0312179733110904,False,False,False
1.5197959743415,0,-1.201066182584344,-1.4211572507968222,0.6416689406731063,-0.9026328824272171,-0.5404319239453048,0,1.2246964809398104,-0.2227461669201125,0.15374024429935695,-0.1628446860903139,0.8451325016362009,False,False,False
-0.9540987207341913,0,0.4748401186961358,-0.5196790613758315,0.7812633440102572,0.10340831503834172,0.49059877356561,2,0.535535506905685,0.8268431012898416,-0.19968560466468235,6.140820581921837,-0.9137180117263407,False,False,False
-0.4593197817190531,0,0.57342284230087,0.5204880802637732,0.9208577473474087,-1.405653481159997,1.0061141223210675,2,-0.15362546712844063,-1.6221985245333848,0.5071660932633962,-0.1628446860903139,1.1017021600384596,True,False,False
-0.4593197817190531,0,0.2283833096843005,-0.10361220471998989,-0.33549188268695335,-0.5557221246804729,0.14692187439530519,0,0.19095501988862215,-1.2723354351300666,-0.19968560466468235,-0.1628446860903139,-2.2042124313588567,False,True,False
0.035459157296085175,0,1.460667354743477,-1.6985351552340504,-1.731435916058467,1.265559353489937,0.14692187439530519,2,-0.4982059541455034,-0.2227461669201125,0.5071660932633962,-0.1628446860903139,-0.8599570931707938,False,False,False
0.5302380963112234,1,-1.1517748207819771,0.45114360415446586,-0.8938694960355587,-0.8505962687652058,0.8342756727359149,1,-1.1873669281796289,-1.6221985245333848,-1.2599631515568004,-0.1628446860903139,-2.5530115248793908,False,True,False
-0.4593197817190531,0,1.3620846311387427,-1.6291906791247437,0.5020745373359549,-0.20881136693372795,-1.055947272700762,1,1.5692769679568732,1.5265692800964776,-1.6133890005208396,6.140820581921837,-0.83604985505472,True,False,False
0.5302380963112234,1,-0.9053180117701417,0.7285215085916941,-0.33549188268695335,0.4156279970104122,0.6624372231507623,1,-0.15362546712844063,0.47698001188652356,-0.906537302592761,-0.1628446860903139,-1.2426784948603826,True,False,False
1.0250170353263617,1,-1.4475229915961794,1.4913107457940706,1.2000465540217116,0.9359941336305289,-1.5714626214562195,2,0.8801159939227476,0.8268431012898416,1.5674436401555143,-0.1628446860903139,-0.9706380750481511,True,False,False
-0.9540987207341913,1,-0.2645303083393701,-1.0744348702502873,1.339640957358863,-1.1975070265119507,-0.8841088231156097,0,0.535535506905685,0.8268431012898416,0.15374024429935695,-0.1628446860903139,0.24620413546122932,False,True,False
1.0250170353263617,0,0.8691710131150722,-1.2131238224689014,0.9208577473474087,-1.1975070265119507,-0.19675502477499981,2,0.19095501988862215,-1.6221985245333848,0.15374024429935695,-0.1628446860903139,-0.7164734522698349,False,False,False
0.035459157296085175,0,1.1156278221269076,0.45114360415446586,1.6188297640331655,0.46766461067242354,-0.7122703735304572,1,0.19095501988862215,1.5265692800964776,-0.5531114536287216,-0.1628446860903139,2.4728884813025758,False,True,False
1.0250170353263617,0,1.0170450985221733,1.1445883652475357,0.36248013399880336,1.0400673609545523,1.0061141223210675,1,1.2246964809398104,-0.5726092563234305,-0.906537302592761,-0.1628446860903139,0.8885684403250254,False,False,False
-1.4488776597493296,1,-0.2645303083393701,-1.5598462030154363,-1.1730583027098613,-0.4169578215817749,-0.024916575189847412,0,-0.15362546712844063,-0.5726092563234305,0.8605919422274356,-0.1628446860903139,0.1695874297273603,True,False,False
-1.4488776597493296,1,-1.4475229915961794,-1.0050903941409806,1.339640957358863,-1.180161488624613,1.5216294710765244,1,0.8801159939227476,1.1767061906931597,-0.19968560466468235,-0.1628446860903139,1.4401918474540114,False,True,False
1.0250170353263617,1,0.3762573950914016,1.2139328413568424,0.2228857306616519,1.5257424217999953,1.5216294710765244,1,-1.1873669281796289,1.1767061906931597,0.8605919422274356,-0.1628446860903139,0.30994910284398397,False,False,False
1.5197959743415,0,1.41137599294111,-1.4211572507968222,-0.47508628602410485,1.3696325808139596,0.14692187439530519,1,1.2246964809398104,0.47698001188652356,-0.19968560466468235,6.140820581921837,-0.9931173993235246,False,False,False
1.0250170353263617,0,-1.1024834589796102,1.5606552219033774,-1.5918415127213155,-0.3996122836944381,1.5216294710765244,0,-0.4982059541455034,0.8268431012898416,0.5071660932633962,-0.1628446860903139,-0.7064234582414812,True,False,False
0.035459157296085175,1,1.509958716545844,-0.24230115693860396,-1.3126527060470128,0.1727904665876907,0.49059877356561,1,0.8801159939227476,-0.5726092563234305,-0.5531114536287216,-0.1628446860903139,-6.231743734217696,False,False,False
0.035459157296085175,0,1.509958716545844,0.7978659847010008,0.9208577473474087,-1.3015802538359733,0.14692187439530519,2,-1.5319474151966916,-0.2227461669201125,-0.19968560466468235,-0.1628446860903139,1.892496666732445,False,True,False
0.5302380963112234,0,-0.5602784791535724,-1.2131238224689014,-1.731435916058467,-0.13942921538437897,1.693467920661677,0,-1.1873669281796289,0.8268431012898416,-1.6133890005208396,-0.1628446860903139,0.4618477263213873,False,False,False
1.0250170353263617,0,-1.1024834589796102,-1.5598462030154363,-1.1730583027098613,1.473705808137983,0.49059877356561,0,0.19095501988862215,0.12711692248320555,1.5674436401555143,-0.1628446860903139,0.706789846876141,True,False,False
1.0250170353263617,1,0.2283833096843005,-1.4905017269061296,-0.8938694960355587,-1.3362713296106479,-1.5714626214562195,0,0.535535506905685,-1.2723354351300666,-1.2599631515568004,-0.1628446860903139,-0.15322579341008968,True,False,False
-0.4593197817190531,1,-0.36311303194410427,0.45114360415446586,-1.731435916058467,0.15544492870035384,-1.3996241718710671,2,-1.1873669281796289,1.1767061906931597,0.5071660932633962,-0.1628446860903139,-0.804872392294359,False,True,False
0.035459157296085175,1,-0.4124043937464712,0.7978659847010008,-0.7542750926984075,0.3635913833484008,-0.024916575189847412,2,-0.4982059541455034,0.8268431012898416,0.15374024429935695,-0.1628446860903139,-0.5168842909138672,True,False,False
-1.4488776597493296,1,-1.5461057152009137,1.4913107457940706,0.9208577473474087,0.5543923001091101,-0.5404319239453048,1,-1.1873669281796289,0.12711692248320555,-1.2599631515568004,-0.1628446860903139,-1.0367428247676622,False,False,False
1.0250170353263617,1,-1.3489402679914455,-1.0744348702502873,1.339640957358863,-1.5097267084840205,-1.3996241718710671,1,-1.5319474151966916,-0.9224723457267486,0.8605919422274356,-0.1628446860903139,1.2554881690290012,False,False,False
1.5197959743415,1,-1.4968143533985465,-0.4503345852665248,-0.8938694960355587,0.5197012243344357,1.1779525719062196,0,0.19095501988862215,-0.5726092563234305,-1.2599631515568004,-0.1628446860903139,3.323782810313527,False,True,False
1.0250170353263617,0,0.4748401186961358,-0.6583680135944456,0.08329132732450074,-1.3015802538359733,-1.7433010710413719,0,-0.8427864411625662,-0.5726092563234305,1.5674436401555143,-0.1628446860903139,-0.72123813564952,False,False,False
-0.4593197817190531,1,0.1790919478819336,-0.8664014419223665,-1.4522471093841642,-0.7638685793285199,-1.5714626214562195,1,1.5692769679568732,0.12711692248320555,-0.5531114536287216,-0.1628446860903139,-0.2067078137411284,False,False,False
-0.9540987207341913,0,1.312793269336376,0.3817991280451591,0.7812633440102572,1.3002504292646113,-0.5404319239453048,1,0.8801159939227476,-0.5726092563234305,0.5071660932633962,-0.1628446860903139,3.4384396739143397,False,False,False
0.035459157296085175,0,1.1156278221269076,0.5204880802637732,-0.8938694960355587,-1.2148525643992876,1.5216294710765244,1,0.8801159939227476,-0.2227461669201125,1.214017791191475,-0.1628446860903139,2.143426265518951,True,False,False
-1.4488776597493296,0,-1.1517748207819771,0.8672104608103081,0.5020745373359549,-1.1454704128499387,1.1779525719062196,1,-1.1873669281796289,0.8268431012898416,0.5071660932633962,-0.1628446860903139,-1.3281376007685337,False,False,False
0.035459157296085175,0,0.6720055659056042,0.3817991280451591,-1.3126527060470128,-1.2148525643992876,1.0061141223210675,1,0.19095501988862215,0.8268431012898416,-1.6133890005208396,-0.1628446860903139,1.7601024113028347,False,True,False
-0.4593197817190531,0,-1.1517748207819771,0.7285215085916941,-0.47508628602410485,0.3462458454610632,1.3497910214913722,1,0.19095501988862215,-1.6221985245333848,0.5071660932633962,-0.1628446860903139,-1.580975725766113,True,False,False
1.5197959743415,0,-1.053192097177243,-1.5598462030154363,-0.7542750926984075,1.5257424217999953,0.49059877356561,1,-1.5319474151966916,1.1767061906931597,-0.19968560466468235,-0.1628446860903139,0.6751897046909185,True,False,False
-0.4593197817190531,1,-0.2152389465370032,0.7978659847010008,-1.03346389937271,-1.4229990190473345,0.14692187439530519,1,-0.4982059541455034,-0.2227461669201125,-1.6133890005208396,-0.1628446860903139,-0.26976829525783547,True,False,False
1.0250170353263617,0,-0.018073499327534787,0.3817991280451591,1.339640957358863,-0.17412029115905348,1.3497910214913722,0,-1.5319474151966916,-1.6221985245333848,-1.2599631515568004,-0.1628446860903139,-0.047337717663401946,True,False,False
-0.9540987207341913,0,0.031217862474832096,-0.3809901091572174,-0.47508628602410485,-1.457690094822009,-1.2277857222859145,0,-0.8427864411625662,1.5265692800964776,-1.2599631515568004,-0.1628446860903139,-0.08193877406394792,True,False,False
0.5302380963112234,0,-0.018073499327534787,-0.24230115693860396,1.479235360696014,0.6758110653204705,0.3187603239804574,1,1.5692769679568732,-0.5726092563234305,-1.2599631515568004,-0.1628446860903139,0.07459105666637152,False,False,False
-1.4488776597493296,1,0.2283833096843005,-0.8664014419223665,1.2000465540217116,-1.6484910115827183,1.1779525719062196,2,-0.4982059541455034,-0.5726092563234305,-0.19968560466468235,-0.1628446860903139,-0.2635998725689617,True,False,False
1.5197959743415,0,-0.2152389465370032,-0.03426772861068253,-0.47508628602410485,-1.2668891780612996,1.0061141223210675,0,-1.1873669281796289,-0.9224723457267486,0.15374024429935695,-0.1628446860903139,6.281097559232601,False,False,False
1.0250170353263617,1,1.460667354743477,0.7978659847010008,0.08329132732450074,0.3462458454610632,1.1779525719062196,0,-1.1873669281796289,0.12711692248320555,0.15374024429935695,-0.1628446860903139,1.8307176678184371,False,True,False
1.0250170353263617,1,-0.1659475847346359,-0.6583680135944456,0.08329132732450074,1.4563602702506462,1.5216294710765244,1,-0.8427864411625662,0.8268431012898416,0.8605919422274356,-0.1628446860903139,0.252059002424227,True,False,False
-0.9540987207341913,0,1.312793269336376,-1.0050903941409806,1.6188297640331655,1.3349415050392852,-1.055947272700762,2,0.535535506905685,-0.5726092563234305,-1.2599631515568004,-0.1628446860903139,-1.3061444791325256,False,False,False
-1.4488776597493296,1,0.1298005860795663,-0.3116456330479107,-1.5918415127213155,-1.0067061097512406,-1.7433010710413719,0,-0.8427864411625662,0.12711692248320555,1.214017791191475,-0.1628446860903139,-0.41650057730669837,True,False,False
0.5302380963112234,0,1.3620846311387427,0.1737656997172383,-1.03346389937271,0.7278476789824826,1.1779525719062196,2,0.19095501988862215,-0.2227461669201125,-1.2599631515568004,-0.1628446860903139,7.838627723165196,True,False,False
-1.4488776597493296,1,-0.3138216701417372,-1.3518127746875155,-0.1958974793498019,-1.6831820873573928,-0.7122703735304572,0,0.19095501988862215,0.12711692248320555,-0.19968560466468235,-0.1628446860903139,0.2321487679492303,False,False,False
-0.4593197817190531,0,0.4748401186961358,-1.6985351552340504,0.9208577473474087,0.03402616348899273,-0.19675502477499981,1,1.5692769679568732,-0.9224723457267486,-1.2599631515568004,-0.1628446860903139,-0.2795586050915178,False,False,False
-0.4593197817190531,1,1.460667354743477,-0.10361220471998989,1.479235360696014,0.08606277715100485,1.3497910214913722,1,-1.5319474151966916,-0.2227461669201125,0.8605919422274356,-0.1628446860903139,-14.09744497466205,False,False,False
0.5302380963112234,1,-1.3489402679914455,0.31245465193585237,1.339640957358863,-0.7985596551031944,1.1779525719062196,0,-1.1873669281796289,-1.2723354351300666,0.5071660932633962,-0.1628446860903139,-4.317235348022233,True,False,False
0.035459157296085175,1,-0.9546093735725089,-0.9357459180316738,-1.1730583027098613,-0.7291775035538454,0.6624372231507623,2,0.8801159939227476,-0.2227461669201125,0.8605919422274356,-0.1628446860903139,1.020158736658466,True,False,False
0.5302380963112234,0,0.4748401186961358,-0.3116456330479107,1.479235360696014,0.710502141095145,-1.7433010710413719,2,-1.1873669281796289,-0.9224723457267486,0.8605919422274356,-0.1628446860903139,-1.523654010653621,False,False,False
-0.4593197817190531,0,-0.4616957555488383,0.45114360415446586,-1.1730583027098613,-0.2608479805957401,-1.2277857222859145,1,-1.5319474151966916,1.1767061906931597,-0.5531114536287216,-0.1628446860903139,-1.023389783867488,False,True,False
1.5197959743415,0,1.509958716545844,-0.7277124897037524,0.2228857306616519,-0.7465230414411823,0.6624372231507623,1,-1.1873669281796289,0.47698001188652356,1.214017791191475,-0.1628446860903139,-2.074938575206452,False,False,False
-1.4488776597493296,1,1.6578328019529454,0.45114360415446586,-1.4522471093841642,-0.33023013214508906,-1.2277857222859145,2,0.19095501988862215,0.8268431012898416,0.8605919422274356,-0.1628446860903139,3.6747341349547855,True,False,False
-0.4593197817190531,1,-0.9546093735725089,0.24311017582654504,-0.056303076012650735,-1.613799935808044,-1.055947272700762,2,0.8801159939227476,0.12711692248320555,0.15374024429935695,-0.1628446860903139,-3.926653297530443,False,False,False
1.5197959743415,1,0.57342284230087,-0.03426772861068253,-1.1730583027098613,1.0053762851798778,0.8342756727359149,0,-0.8427864411625662,0.47698001188652356,-1.2599631515568004,-0.1628446860903139,-16.733611054749417,False,True,False
-1.4488776597493296,0,1.2635019075340086,-0.5196790613758315,-0.7542750926984075,1.4563602702506462,1.693467920661677,2,-1.1873669281796289,0.8268431012898416,0.5071660932633962,-0.1628446860903139,-2.4313119412372184,True,False,False
-1.4488776597493296,0,-1.5953970770032808,1.5606552219033774,-1.1730583027098613,1.751234414335379,-1.5714626214562195,1,1.5692769679568732,1.1767061906931597,1.214017791191475,-0.1628446860903139,-1.0222610699738872,False,True,False
-1.4488776597493296,0,-1.6939798006080147,0.1737656997172383,0.36248013399880336,1.1094495125039012,-1.3996241718710671,2,-0.8427864411625662,1.5265692800964776,-0.19968560466468235,-0.1628446860903139,-9.748643163550446,False,False,False
-1.4488776597493296,0,-0.6095698409559396,1.7686886502312988,-1.4522471093841642,-0.8679418066525426,-0.7122703735304572,2,-0.8427864411625662,0.12711692248320555,-0.5531114536287216,-0.1628446860903139,-0.34464507977490755,False,True,False
0.035459157296085175,1,1.41137599294111,0.5204880802637732,0.08329132732450074,-1.527072246371358,0.6624372231507623,2,-0.8427864411625662,0.47698001188652356,-0.906537302592761,-0.1628446860903139,2.711639413962856,False,False,False
-1.4488776597493296,1,0.6227142041032369,1.2832773174661503,1.479235360696014,-0.6251042762298219,-0.7122703735304572,0,-0.15362546712844063,-0.9224723457267486,0.5071660932633962,-0.1628446860903139,0.4852530280304456,False,True,False
1.0250170353263617,0,0.031217862474832096,0.24311017582654504,-0.33549188268695335,-1.0240516476385781,0.6624372231507623,2,-0.15362546712844063,1.5265692800964776,-1.2599631515568004,-0.1628446860903139,0.12841034880047764,False,True,False
1.0250170353263617,0,-1.003900735374876,0.45114360415446586,-0.1958974793498019,1.6991978006733677,-0.5404319239453048,2,1.5692769679568732,0.47698001188652356,-0.906537302592761,-0.1628446860903139,-2.225235437519697,False,True,False
1.0250170353263617,1,-0.2645303083393701,1.075243889138229,0.36248013399880336,0.08606277715100485,0.6624372231507623,0,-0.8427864411625662,-1.6221985245333848,0.8605919422274356,-0.1628446860903139,-0.24601889023650442,False,False,False
0.5302380963112234,0,1.0170450985221733,1.075243889138229,0.2228857306616519,-0.2261569048210656,-1.055947272700762,2,-0.4982059541455034,0.8268431012898416,-0.19968560466468235,-0.1628446860903139,0.9458738699155035,False,False,False
-0.9540987207341913,0,-0.8067352881654077,-0.4503345852665248,-0.1958974793498019,0.6064289137711215,0.14692187439530519,2,0.19095501988862215,1.5265692800964776,-0.906537302592761,-0.1628446860903139,1.7914131282809462,False,True,False
-0.9540987207341913,1,1.312793269336376,-0.5196790613758315,1.339640957358863,-0.3996122836944381,-1.055947272700762,1,0.535535506905685,-0.9224723457267486,0.5071660932633962,-0.1628446860903139,-2.526161561831649,False,True,False
-1.4488776597493296,0,-0.8067352881654077,-0.7970569658130597,-1.03346389937271,1.5604334975746696,1.1779525719062196,0,1.2246964809398104,-1.2723354351300666,-0.5531114536287216,-0.1628446860903139,1.01214257294957,True,False,False
-0.4593197817190531,0,1.3620846311387427,-0.5196790613758315,1.6188297640331655,0.849266444193843,1.3497910214913722,2,-1.1873669281796289,0.47698001188652356,0.8605919422274356,-0.1628446860903139,-2.621011182426078,False,False,False
0.035459157296085175,0,-0.4124043937464712,1.7686886502312988,-0.33549188268695335,0.6584655274331337,1.5216294710765244,1,-0.4982059541455034,-0.9224723457267486,-1.6133890005208396,-0.1628446860903139,-0.23316958227358972,False,True,False
0.035459157296085175,1,1.2142105457316417,-1.1437793463595947,-0.056303076012650735,-0.1567747532717166,-1.2277857222859145,1,-0.4982059541455034,-1.6221985245333848,0.8605919422274356,-0.1628446860903139,-1.0615776107482746,True,False,False
-0.4593197817190531,1,-0.2645303083393701,1.3526217935754572,0.7812633440102572,-0.8159051929905312,-0.19675502477499981,1,-0.4982059541455034,-0.2227461669201125,-0.906537302592761,-0.1628446860903139,-0.1955685688311461,False,True,False
0.035459157296085175,1,-0.9053180117701417,0.7285215085916941,1.479235360696014,0.9359941336305289,-0.19675502477499981,2,-0.8427864411625662,-1.6221985245333848,-0.19968560466468235,-0.1628446860903139,-1.2426784948603826,False,False,False
-0.4593197817190531,1,1.312793269336376,-0.5196790613758315,-1.4522471093841642,1.5604334975746696,-0.024916575189847412,2,-1.5319474151966916,-0.9224723457267486,0.15374024429935695,-0.1628446860903139,-2.526161561831649,False,False,False
1.0250170353263617,1,1.6578328019529454,0.3817991280451591,1.339640957358863,1.5777790354620067,-0.024916575189847412,2,-1.5319474151966916,-1.2723354351300666,1.5674436401555143,-0.1628446860903139,4.3421597383974575,False,False,False
-0.9540987207341913,0,0.2776746714866674,-0.7970569658130597,0.7812633440102572,-1.180161488624613,-1.3996241718710671,0,-0.8427864411625662,-0.9224723457267486,0.15374024429935695,-0.1628446860903139,-0.3483749385508698,True,False,False
-0.4593197817190531,0,0.9184623749174395,0.8672104608103081,-1.4522471093841642,1.5083968839126576,0.8342756727359149,0,1.5692769679568732,-1.2723354351300666,0.5071660932633962,-0.1628446860903139,1.0590997415543655,False,False,False
0.035459157296085175,0,-0.06736486112990167,-1.5598462030154363,0.36248013399880336,1.5604334975746696,0.14692187439530519,2,-1.1873669281796289,1.1767061906931597,0.8605919422274356,-0.1628446860903139,0.043186860986470614,False,False,False
0.035459157296085175,1,1.2142105457316417,0.6591770324823872,1.2000465540217116,-0.12208367749704212,-0.024916575189847412,2,1.5692769679568732,0.12711692248320555,-0.906537302592761,-0.1628446860903139,1.8420097878092931,False,True,False
0.5302380963112234,0,1.608541440150578,-0.5196790613758315,-0.7542750926984075,1.265559353489937,0.3187603239804574,0,1.5692769679568732,-1.2723354351300666,0.15374024429935695,-0.1628446860903139,-3.0952592853982277,False,True,False
-0.9540987207341913,0,0.2283833096843005,-0.1729566808292966,-1.03346389937271,-1.7178731631320674,0.8342756727359149,1,-0.15362546712844063,0.12711692248320555,-1.6133890005208396,-0.1628446860903139,-1.3204653823676717,True,False,False
0.5302380963112234,1,1.0170450985221733,-0.7970569658130597,-0.8938694960355587,0.8839575199685175,1.1779525719062196,2,-1.5319474151966916,1.5265692800964776,0.5071660932633962,-0.1628446860903139,-1.276000514573897,False,True,False
1.0250170353263617,1,-0.9546093735725089,1.4913107457940706,1.339640957358863,0.502355686447098,-0.3685934743601522,0,-0.15362546712844063,-0.5726092563234305,0.15374024429935695,-0.1628446860903139,-0.6401143264505968,False,False,False
-1.4488776597493296,0,0.6227142041032369,-1.4211572507968222,0.08329132732450074,1.4043236565886341,-0.024916575189847412,0,-1.1873669281796289,-1.2723354351300666,-1.6133890005208396,-0.1628446860903139,-0.4381740329960601,True,False,False
-0.9540987207341913,0,0.5241314804985027,0.24311017582654504,0.7812633440102572,-0.5730676625678098,0.14692187439530519,0,0.535535506905685,0.12711692248320555,-1.2599631515568004,-0.1628446860903139,2.1559421719659384,False,True,False
1.0250170353263617,1,0.031217862474832096,-1.4905017269061296,1.6188297640331655,-0.07004706383502998,-0.7122703735304572,2,0.535535506905685,1.1767061906931597,0.8605919422274356,-0.1628446860903139,-0.0209445329121703,False,False,False
1.5197959743415,1,-1.5461057152009137,-1.2131238224689014,-1.731435916058467,1.0053762851798778,1.1779525719062196,0,-1.5319474151966916,-0.2227461669201125,0.15374024429935695,-0.1628446860903139,1.2744830219015408,False,False,False
-1.4488776597493296,0,-0.8067352881654077,1.2139328413568424,0.7812633440102572,-0.8852873445398802,-0.19675502477499981,1,-0.15362546712844063,0.8268431012898416,1.214017791191475,-0.1628446860903139,-0.6645633602462719,False,False,False
0.035459157296085175,0,1.6578328019529454,-0.10361220471998989,1.339640957358863,-0.19146582904639112,-1.3996241718710671,0,-1.1873669281796289,0.47698001188652356,-0.19968560466468235,-0.1628446860903139,-16.000362181590564,True,False,False
-1.4488776597493296,1,-0.5109871173512054,0.24311017582654504,0.7812633440102572,-1.2321981022866253,-0.024916575189847412,1,0.535535506905685,-1.2723354351300666,0.15374024429935695,-0.1628446860903139,-2.1018746566815287,False,False,False
-0.9540987207341913,0,-0.36311303194410427,1.0058994130289223,-0.7542750926984075,0.4329735348977498,1.0061141223210675,0,0.19095501988862215,1.5265692800964776,-0.19968560466468235,-0.1628446860903139,-0.3609834415259409,True,False,False
1.5197959743415,1,-0.8067352881654077,1.5606552219033774,-1.1730583027098613,-0.0006649122856809947,-0.3685934743601522,2,0.535535506905685,0.8268431012898416,-1.2599631515568004,-0.1628446860903139,-0.5169208912020377,True,False,False
0.5302380963112234,1,-0.5109871173512054,-1.2824682985782088,-1.4522471093841642,1.5777790354620067,-0.7122703735304572,0,0.535535506905685,-0.9224723457267486,-1.6133890005208396,-0.1628446860903139,0.39844034968950454,False,False,False
0.035459157296085175,1,0.1298005860795663,1.4913107457940706,0.08329132732450074,-0.9546694960892292,1.1779525719062196,0,0.8801159939227476,0.47698001188652356,-0.906537302592761,-0.1628446860903139,0.08703792046402244,True,False,False
-1.4488776597493296,1,0.6227142041032369,0.5204880802637732,-0.8938694960355587,-0.5210310489057984,-1.055947272700762,1,0.535535506905685,-0.9224723457267486,0.5071660932633962,-0.1628446860903139,1.1964043514457765,False,True,False
0.035459157296085175,0,0.770588289510338,0.7285215085916941,1.0604521506845601,0.25951815602437733,-0.8841088231156097,1,1.2246964809398104,0.12711692248320555,1.5674436401555143,-0.1628446860903139,1.0577426752985828,False,False,False
-0.9540987207341913,0,-0.11665622293226899,0.9365549369196149,-1.731435916058467,1.612470111236681,-0.5404319239453048,0,-0.8427864411625662,-0.5726092563234305,0.8605919422274356,-0.1628446860903139,-0.12455886818124975,False,False,False
-0.4593197817190531,0,1.608541440150578,-1.2824682985782088,1.758424167370317,-0.9546694960892292,0.6624372231507623,2,0.8801159939227476,1.5265692800964776,0.15374024429935695,6.140820581921837,-1.2542543483795006,True,False,False
-0.4593197817190531,0,0.32696603328903473,0.7285215085916941,-0.8938694960355587,1.0747584367292269,-1.5714626214562195,1,-0.4982059541455034,0.12711692248320555,0.5071660932633962,-0.1628446860903139,0.4488076596682687,False,True,False
0.5302380963112234,1,-0.5109871173512054,-1.4905017269061296,0.6416689406731063,0.3462458454610632,-0.024916575189847412,0,-0.4982059541455034,-0.2227461669201125,1.214017791191475,-0.1628446860903139,0.3428289334571076,True,False,False
0.035459157296085175,0,0.9677537367198064,-1.2824682985782088,0.08329132732450074,-1.3709624053853224,0.3187603239804574,1,0.535535506905685,-0.5726092563234305,-0.5531114536287216,-0.1628446860903139,-0.7546024629167781,False,True,False
0.5302380963112234,1,0.08050922427719942,0.5204880802637732,1.339640957358863,-1.613799935808044,0.6624372231507623,1,-0.8427864411625662,-1.6221985245333848,-0.5531114536287216,-0.1628446860903139,0.15468024596528496,False,True,False
-1.4488776597493296,1,-1.003900735374876,-0.10361220471998989,0.08329132732450074,-1.3709624053853224,-1.5714626214562195,0,1.2246964809398104,-0.9224723457267486,1.214017791191475,-0.1628446860903139,9.689020111944336,True,False,False
1.5197959743415,0,0.4748401186961358,0.6591770324823872,0.36248013399880336,-0.33023013214508906,1.3497910214913722,0,1.2246964809398104,0.8268431012898416,1.5674436401555143,-0.1628446860903139,0.7203529481419291,False,True,False
-0.4593197817190531,0,-0.5109871173512054,1.075243889138229,0.2228857306616519,0.7972298305318316,0.8342756727359149,0,1.5692769679568732,-0.5726092563234305,-1.6133890005208396,-0.1628446860903139,-0.4752290364195829,True,False,False
-0.9540987207341913,0,0.031217862474832096,0.3817991280451591,-0.1958974793498019,-0.4343033594691118,-0.19675502477499981,1,-0.8427864411625662,-1.2723354351300666,1.214017791191475,-0.1628446860903139,0.08176514869132875,False,True,False
-1.4488776597493296,0,-0.5109871173512054,0.31245465193585237,-0.1958974793498019,-1.5791088600333694,-0.5404319239453048,1,1.2246964809398104,1.1767061906931597,1.214017791191475,-0.1628446860903139,-1.635396094074196,True,False,False
1.5197959743415,1,-1.4475229915961794,1.4913107457940706,-0.47508628602410485,-0.5210310489057984,1.0061141223210675,2,-0.4982059541455034,-0.9224723457267486,-0.5531114536287216,-0.1628446860903139,-0.9706380750481511,False,True,False
-1.4488776597493296,0,-0.6588612027583065,-0.3809901091572174,-1.4522471093841642,1.7165433385607045,-0.3685934743601522,1,0.19095501988862215,0.8268431012898416,-1.6133890005208396,-0.1628446860903139,1.729339389454922,False,False,False
1.5197959743415,0,-1.3982316297938124,0.3817991280451591,1.339640957358863,-1.596454397920707,-0.8841088231156097,0,0.19095501988862215,-0.5726092563234305,1.5674436401555143,-0.1628446860903139,-3.662217975595874,False,False,False
-0.9540987207341913,1,0.9184623749174395,-1.4905017269061296,0.7812633440102572,1.7338888764480422,0.14692187439530519,1,0.535535506905685,-0.5726092563234305,-0.906537302592761,-0.1628446860903139,-0.6162102051528072,True,False,False
-1.4488776597493296,0,-0.6095698409559396,-0.03426772861068253,-1.03346389937271,-0.8679418066525426,-0.024916575189847412,1,1.2246964809398104,-1.2723354351300666,-0.5531114536287216,-0.1628446860903139,17.788451866223603,False,True,False
1.0250170353263617,1,-1.6446884388056477,0.24311017582654504,1.2000465540217116,-0.24350244270840246,1.3497910214913722,2,-0.4982059541455034,-0.9224723457267486,1.214017791191475,-0.1628446860903139,-6.765197849962088,False,False,False
-1.4488776597493296,0,-1.003900735374876,0.9365549369196149,-0.47508628602410485,0.7625387547571572,-0.19675502477499981,2,-1.5319474151966916,-0.5726092563234305,0.15374024429935695,-0.1628446860903139,-1.071908006461175,False,False,False
0.035459157296085175,1,-1.1517748207819771,-0.9357459180316738,0.7812633440102572,1.05741289884189,-0.024916575189847412,0,-0.4982059541455034,0.47698001188652356,0.15374024429935695,-0.1628446860903139,1.23086277865333,False,True,False
1.0250170353263617,0,0.32696603328903473,0.45114360415446586,0.2228857306616519,-0.20881136693372795,1.1779525719062196,2,-0.15362546712844063,0.8268431012898416,0.15374024429935695,-0.1628446860903139,0.7247493487175443,False,False,False
0.035459157296085175,1,1.6578328019529454,1.5606552219033774,1.0604521506845601,-1.2148525643992876,-0.5404319239453048,0,0.535535506905685,0.47698001188652356,-0.5531114536287216,-0.1628446860903139,1.0622671674599917,True,False,False
1.0250170353263617,1,0.5241314804985027,1.075243889138229,0.9208577473474087,-0.07004706383502998,-1.7433010710413719,1,-1.1873669281796289,1.5265692800964776,-0.906537302592761,-0.1628446860903139,0.48745357754934654,False,False,False
0.035459157296085175,1,-0.3138216701417372,-1.5598462030154363,0.5020745373359549,-1.2321981022866253,0.14692187439530519,2,0.19095501988862215,-0.2227461669201125,0.5071660932633962,-0.1628446860903139,0.2011875719125827,False,True,False
1.0250170353263617,0,-1.3489402679914455,-0.24230115693860396,1.339640957358863,-0.2261569048210656,0.14692187439530519,1,-0.4982059541455034,-1.2723354351300666,-0.5531114536287216,-0.1628446860903139,5.567205229371851,False,True,False
1.0250170353263617,0,0.6227142041032369,-0.9357459180316738,-0.7542750926984075,0.4329735348977498,-1.055947272700762,0,-0.15362546712844063,1.1767061906931597,-1.2599631515568004,-0.1628446860903139,-0.6654735993004447,False,False,False
1.0250170353263617,0,-1.1517748207819771,-1.4211572507968222,-0.056303076012650735,-0.2261569048210656,0.14692187439530519,0,0.8801159939227476,1.1767061906931597,0.5071660932633962,-0.1628446860903139,0.8104485412407344,True,False,False
0.5302380963112234,1,1.1649191839292747,-1.2824682985782088,1.0604521506845601,-1.6484910115827183,-0.3685934743601522,0,1.5692769679568732,1.1767061906931597,-1.2599631515568004,6.140820581921837,-0.908341504597616,False,False,False
-0.9540987207341913,0,0.57342284230087,0.1737656997172383,1.2000465540217116,-1.110779337075264,1.3497910214913722,0,1.5692769679568732,1.5265692800964776,0.5071660932633962,-0.1628446860903139,3.299977171754709,True,False,False
0.5302380963112234,1,1.460667354743477,-0.5890235374851389,0.7812633440102572,-1.0760882613005895,-1.7433010710413719,0,-0.8427864411625662,1.5265692800964776,0.8605919422274356,-0.1628446860903139,-2.479811521590221,False,True,False
-1.4488776597493296,1,0.32696603328903473,-0.03426772861068253,1.0604521506845601,0.2421726181370397,-1.2277857222859145,2,0.8801159939227476,0.12711692248320555,0.5071660932633962,-0.1628446860903139,-9.541514612880038,False,False,False
0.035459157296085175,1,1.312793269336376,0.31245465193585237,0.5020745373359549,-1.1628159507372762,0.14692187439530519,1,-0.8427864411625662,-0.5726092563234305,1.5674436401555143,-0.1628446860903139,4.2015481645185915,False,False,False
1.5197959743415,1,-1.2503575443867112,-1.4905017269061296,-1.3126527060470128,0.710502141095145,-0.5404319239453048,1,0.8801159939227476,-1.6221985245333848,-1.6133890005208396,-0.1628446860903139,0.8388836603243047,False,True,False
-1.4488776597493296,0,0.08050922427719942,0.24311017582654504,-0.47508628602410485,1.5951245733493442,-0.3685934743601522,0,1.5692769679568732,0.12711692248320555,1.214017791191475,-0.1628446860903139,0.3311635311170248,False,False,False
-0.9540987207341913,1,0.5241314804985027,-1.3518127746875155,-0.47508628602410485,-0.9546694960892292,0.3187603239804574,1,-0.15362546712844063,1.5265692800964776,1.214017791191475,-0.1628446860903139,-0.3877249056324835,False,False,False
1.0250170353263617,0,-0.018073499327534787,-1.6985351552340504,1.6188297640331655,0.27686369391171417,1.5216294710765244,2,0.8801159939227476,0.12711692248320555,-0.19968560466468235,-0.1628446860903139,0.010640638948120177,True,False,False
-0.4593197817190531,0,-1.6939798006080147,1.7686886502312988,-0.7542750926984075,-0.1567747532717166,1.3497910214913722,2,-0.15362546712844063,1.5265692800964776,-1.2599631515568004,-0.1628446860903139,-0.9577603160321552,True,False,False
1.0250170353263617,0,0.3762573950914016,-1.2824682985782088,-0.33549188268695335,-0.7812141172158568,-0.7122703735304572,2,-0.4982059541455034,-0.9224723457267486,-0.5531114536287216,-0.1628446860903139,-0.293385337874265,False,False,False
-0.9540987207341913,0,-0.5109871173512054,-0.7970569658130597,1.0604521506845601,-1.2148525643992876,-0.5404319239453048,1,-1.5319474151966916,1.5265692800964776,-0.906537302592761,-0.1628446860903139,0.6410923425403591,False,False,False
-0.4593197817190531,1,0.9677537367198064,-0.1729566808292966,-0.7542750926984075,0.3462458454610632,-1.7433010710413719,2,0.19095501988862215,-0.2227461669201125,-1.2599631515568004,-0.1628446860903139,-5.595353310896109,False,False,False
-0.9540987207341913,1,1.2142105457316417,0.1737656997172383,0.2228857306616519,-0.8852873445398802,0.49059877356561,1,0.535535506905685,-1.6221985245333848,-0.19968560466468235,-0.1628446860903139,6.98763074477573,False,False,False
-0.9540987207341913,0,-0.2645303083393701,-1.6291906791247437,-1.1730583027098613,-0.0006649122856809947,1.5216294710765244,1,-1.1873669281796289,1.1767061906931597,1.5674436401555143,-0.1628446860903139,0.16236915158481308,False,True,False
-0.4593197817190531,0,-1.3982316297938124,-0.7970569658130597,-0.33549188268695335,1.05741289884189,0.8342756727359149,0,0.19095501988862215,-0.5726092563234305,-0.906537302592761,-0.1628446860903139,1.7542430337679917,True,False,False
-0.9540987207341913,0,1.608541440150578,-1.2131238224689014,0.6416689406731063,0.9359941336305289,-0.7122703735304572,1,-0.15362546712844063,0.8268431012898416,-1.2599631515568004,-0.1628446860903139,-1.32594992395495,False,True,False
-0.4593197817190531,0,0.32696603328903473,0.1737656997172383,1.758424167370317,0.32890030757372635,-0.7122703735304572,1,1.2246964809398104,0.47698001188652356,1.214017791191475,-0.1628446860903139,1.8816488744389313,True,False,False
1.5197959743415,0,1.6578328019529454,-0.4503345852665248,0.5020745373359549,1.5951245733493442,0.6624372231507623,0,0.535535506905685,-1.6221985245333848,1.5674436401555143,-0.1628446860903139,-3.6813357361211287,False,True,False
0.5302380963112234,1,0.6720055659056042,0.10442122360793094,-0.614680689361256,-1.527072246371358,0.6624372231507623,1,1.5692769679568732,-0.5726092563234305,1.214017791191475,-0.1628446860903139,6.435526636125,False,False,False
-1.4488776597493296,0,-0.9546093735725089,1.421966269684764,0.2228857306616519,0.12075385292567935,1.5216294710765244,0,-0.15362546712844063,0.47698001188652356,0.15374024429935695,-0.1628446860903139,-0.6713305328853802,False,True,False
1.0250170353263617,0,0.8691710131150722,-1.1437793463595947,-0.7542750926984075,-0.13942921538437897,0.49059877356561,2,1.2246964809398104,1.5265692800964776,-0.906537302592761,6.140820581921837,-0.7599114426060043,False,True,False
1.5197959743415,0,-0.018073499327534787,1.3526217935754572,0.5020745373359549,-0.6424498141171587,1.693467920661677,1,-0.15362546712844063,1.5265692800964776,-0.19968560466468235,-0.1628446860903139,-0.013361827684115708,False,True,False
1.5197959743415,1,0.3762573950914016,-1.2131238224689014,1.479235360696014,-0.2955390563704146,-1.2277857222859145,0,-1.5319474151966916,1.1767061906931597,0.15374024429935695,-0.1628446860903139,-0.3101558044797583,True,False,False
-1.4488776597493296,0,0.32696603328903473,0.6591770324823872,1.0604521506845601,1.6298156491240188,-0.3685934743601522,1,-0.4982059541455034,-0.5726092563234305,0.8605919422274356,-0.1628446860903139,0.49602158020845644,False,False,False
-0.4593197817190531,1,-0.6095698409559396,-0.24230115693860396,-0.7542750926984075,-0.7465230414411823,0.6624372231507623,1,0.8801159939227476,0.12711692248320555,-0.906537302592761,-0.1628446860903139,2.5157529112021404,False,False,False
-0.9540987207341913,0,-1.6939798006080147,-0.7277124897037524,-0.1958974793498019,0.6064289137711215,0.8342756727359149,2,-0.4982059541455034,-0.2227461669201125,0.8605919422274356,-0.1628446860903139,2.3278146583654546,False,False,False
0.5302380963112234,0,0.2283833096843005,0.58983255637308,-0.7542750926984075,0.6931566032078081,-0.5404319239453048,2,1.2246964809398104,1.5265692800964776,0.8605919422274356,-0.1628446860903139,0.38720024389403807,True,False,False
-0.4593197817190531,0,1.41137599294111,1.4913107457940706,-0.47508628602410485,-1.38830794327266,1.3497910214913722,1,1.5692769679568732,1.5265692800964776,-1.6133890005208396,-0.1628446860903139,0.9463996668176637,False,True,False
-0.4593197817190531,0,1.41137599294111,1.699344174121992,1.6188297640331655,0.6931566032078081,0.14692187439530519,0,-0.4982059541455034,1.1767061906931597,-1.6133890005208396,-0.1628446860903139,0.8305415785888884,False,True,False
0.5302380963112234,1,1.0170450985221733,-0.8664014419223665,0.6416689406731063,-0.018010450173018628,-0.3685934743601522,0,0.19095501988862215,0.8268431012898416,0.5071660932633962,-0.1628446860903139,-1.173872813814298,False,True,False
-1.4488776597493296,0,1.2635019075340086,0.5204880802637732,-0.8938694960355587,1.2135227398279247,-0.024916575189847412,1,-0.4982059541455034,0.12711692248320555,-0.906537302592761,-0.1628446860903139,2.4275328397409033,False,False,False
-0.4593197817190531,0,-1.6939798006080147,1.4913107457940706,0.7812633440102572,1.1961772019405879,-0.8841088231156097,1,-1.5319474151966916,-1.2723354351300666,0.5071660932633962,-0.1628446860903139,-1.1358999493469282,False,True,False
-1.4488776597493296,0,-0.4616957555488383,1.5606552219033774,-1.3126527060470128,-1.0067061097512406,0.49059877356561,1,-0.4982059541455034,0.12711692248320555,0.8605919422274356,-0.1628446860903139,-0.29583456298935357,False,True,False
0.035459157296085175,1,0.2776746714866674,-1.2824682985782088,-0.8938694960355587,-0.4169578215817749,0.8342756727359149,2,0.19095501988862215,-0.9224723457267486,0.15374024429935695,-0.1628446860903139,-0.21651581703384615,False,True,False
1.5197959743415,0,1.3620846311387427,0.9365549369196149,-1.03346389937271,-0.13942921538437897,-0.3685934743601522,2,1.2246964809398104,0.47698001188652356,-0.19968560466468235,-0.1628446860903139,1.4543563622852924,True,False,False
-1.4488776597493296,0,1.5592500783482113,0.7285215085916941,-0.47508628602410485,-1.3015802538359733,-1.5714626214562195,1,-0.15362546712844063,-0.9224723457267486,-0.906537302592761,-0.1628446860903139,2.1402938141969203,False,False,False
-1.4488776597493296,0,1.6578328019529454,-1.6291906791247437,-0.1958974793498019,-0.4343033594691118,-0.19675502477499981,2,1.2246964809398104,-0.9224723457267486,-0.19968560466468235,-0.1628446860903139,-1.0175805835346352,False,True,False
0.035459157296085175,0,0.4748401186961358,-0.4503345852665248,1.0604521506845601,-1.1281248749626016,-0.024916575189847412,1,-0.15362546712844063,-1.2723354351300666,0.8605919422274356,-0.1628446860903139,-1.0544162812081326,False,False,False
1.5197959743415,1,-0.2645303083393701,0.9365549369196149,-1.5918415127213155,1.0747584367292269,1.1779525719062196,0,-1.1873669281796289,0.47698001188652356,1.214017791191475,-0.1628446860903139,-0.2824503912279039,True,False,False
-0.4593197817190531,0,1.6578328019529454,-1.2131238224689014,-0.33549188268695335,0.5370467622217725,-1.7433010710413719,1,-0.15362546712844063,0.8268431012898416,-0.19968560466468235,-0.1628446860903139,-1.366581688733958,False,True,False
1.0250170353263617,0,0.4748401186961358,1.2139328413568424,-1.731435916058467,0.27686369391171417,0.3187603239804574,2,0.8801159939227476,0.47698001188652356,0.5071660932633962,-0.1628446860903139,0.391158474768172,False,False,False
0.5302380963112234,0,1.509958716545844,0.45114360415446586,-0.8938694960355587,-1.596454397920707,1.5216294710765244,0,-0.8427864411625662,-1.2723354351300666,0.15374024429935695,-0.1628446860903139,3.3469580475950917,False,False,False
-1.4488776597493296,1,-1.5953970770032808,-1.4211572507968222,-1.1730583027098613,-0.0006649122856809947,-1.7433010710413719,0,0.8801159939227476,-1.2723354351300666,-0.19968560466468235,-0.1628446860903139,1.1226041847999333,False,True,False
0.035459157296085175,1,1.3620846311387427,0.3817991280451591,0.6416689406731063,-1.596454397920707,-0.024916575189847412,2,-0.8427864411625662,0.47698001188652356,-1.6133890005208396,-0.1628446860903139,3.56754254026907,False,True,False
1.0250170353263617,1,-0.11665622293226899,0.1737656997172383,1.0604521506845601,0.3462458454610632,-0.024916575189847412,0,-0.15362546712844063,-0.2227461669201125,-0.19968560466468235,-0.1628446860903139,-0.6713420607294697,True,False,False
0.035459157296085175,1,1.2635019075340086,0.8672104608103081,0.2228857306616519,-1.3015802538359733,-0.7122703735304572,0,0.8801159939227476,1.5265692800964776,-0.19968560466468235,-0.1628446860903139,1.456972631941515,False,True,False
-0.9540987207341913,0,0.57342284230087,-0.03426772861068253,0.2228857306616519,0.5370467622217725,0.49059877356561,0,0.19095501988862215,0.8268431012898416,-0.19968560466468235,-0.1628446860903139,-16.733611054749417,False,True,False
1.0250170353263617,0,0.32696603328903473,0.58983255637308,-0.056303076012650735,0.5890833758837847,-0.19675502477499981,1,0.535535506905685,-0.5726092563234305,1.214017791191475,-0.1628446860903139,0.5543370398195224,False,False,False
0.5302380963112234,1,-0.7081525645606735,0.8672104608103081,0.6416689406731063,1.265559353489937,0.6624372231507623,2,-1.5319474151966916,-0.2227461669201125,0.8605919422274356,-0.1628446860903139,-0.8165867416993411,False,True,False
-1.4488776597493296,1,-0.7574439263630407,-0.1729566808292966,-1.3126527060470128,1.6818522627860302,0.14692187439530519,1,1.2246964809398104,1.5265692800964776,-0.906537302592761,-0.1628446860903139,4.379385189003578,False,False,False
0.5302380963112234,0,0.721296927707971,-1.5598462030154363,0.6416689406731063,-1.2495436401739621,-0.8841088231156097,2,-1.5319474151966916,-0.5726092563234305,-0.19968560466468235,-0.1628446860903139,-0.4624154139770875,False,False,False
-1.4488776597493296,1,0.6720055659056042,1.4913107457940706,0.2228857306616519,1.5430879596873321,-1.3996241718710671,2,-1.5319474151966916,0.12711692248320555,1.214017791191475,-0.1628446860903139,0.45061404392133236,True,False,False
-0.4593197817190531,1,0.2776746714866674,-0.6583680135944456,-1.4522471093841642,-1.4923811705966836,-0.8841088231156097,2,0.19095501988862215,1.5265692800964776,0.8605919422274356,-0.1628446860903139,-0.4217620931652899,False,True,False
1.5197959743415,0,-0.5109871173512054,-1.0744348702502873,-1.731435916058467,1.1961772019405879,1.1779525719062196,0,0.8801159939227476,-0.5726092563234305,-0.906537302592761,-0.1628446860903139,0.47558687036299563,True,False,False
0.035459157296085175,1,0.3762573950914016,-0.7970569658130597,0.9208577473474087,0.03402616348899273,1.0061141223210675,2,-1.1873669281796289,1.1767061906931597,-1.6133890005208396,-0.1628446860903139,-0.47205834868727353,False,True,False
-1.4488776597493296,0,-0.2152389465370032,0.7285215085916941,-0.056303076012650735,0.22482708024970283,1.693467920661677,2,-1.5319474151966916,-0.5726092563234305,1.214017791191475,-0.1628446860903139,-0.2954462483243383,True,False,False
1.0250170353263617,1,-0.2152389465370032,0.1737656997172383,0.5020745373359549,-0.8505962687652058,-1.5714626214562195,2,0.8801159939227476,-1.6221985245333848,-0.19968560466468235,-0.1628446860903139,-1.2386733796557814,True,False,False
-0.4593197817190531,1,0.8691710131150722,0.24311017582654504,0.08329132732450074,-0.6944864277791709,1.5216294710765244,0,1.5692769679568732,-0.2227461669201125,-0.19968560466468235,-0.1628446860903139,3.5752144481817614,False,True,False
1.5197959743415,0,1.0170450985221733,1.7686886502312988,1.6188297640331655,-0.9026328824272171,1.1779525719062196,2,-0.8427864411625662,0.47698001188652356,1.214017791191475,-0.1628446860903139,0.5750277746109639,False,False,False
1.5197959743415,1,-1.5461057152009137,-1.3518127746875155,0.7812633440102572,1.5777790354620067,-1.7433010710413719,2,-1.1873669281796289,0.8268431012898416,1.5674436401555143,-0.1628446860903139,1.143727699687045,False,False,False
1.5197959743415,1,-1.053192097177243,1.7686886502312988,0.9208577473474087,0.2421726181370397,-0.8841088231156097,0,-0.15362546712844063,-0.9224723457267486,-0.906537302592761,-0.1628446860903139,-0.5954649491528725,False,True,False
1.0250170353263617,1,-1.4475229915961794,-0.7277124897037524,0.36248013399880336,0.3635913833484008,1.3497910214913722,1,0.8801159939227476,0.8268431012898416,-0.906537302592761,-0.1628446860903139,1.9891413327060772,False,False,False
1.0250170353263617,1,-1.2503575443867112,1.699344174121992,-1.3126527060470128,-0.052701525947693124,-0.8841088231156097,2,0.19095501988862215,-1.2723354351300666,-1.2599631515568004,-0.1628446860903139,-0.7357882902283401,True,False,False
0.5302380963112234,0,1.41137599294111,0.6591770324823872,0.36248013399880336,1.3349415050392852,1.1779525719062196,0,1.5692769679568732,-1.6221985245333848,-0.5531114536287216,-0.1628446860903139,2.1411182783872573,True,False,False
-0.9540987207341913,0,-1.4475229915961794,-1.1437793463595947,0.9208577473474087,-0.03535598806035549,1.5216294710765244,1,1.2246964809398104,1.1767061906931597,1.5674436401555143,-0.1628446860903139,1.2655614006349527,False,True,False
0.5302380963112234,0,-0.36311303194410427,1.3526217935754572,-1.1730583027098613,1.05741289884189,1.5216294710765244,0,-1.5319474151966916,-1.2723354351300666,-1.2599631515568004,-0.1628446860903139,-0.2684512652899583,True,False,False
1.5197959743415,1,1.7071241637553123,-1.2131238224689014,-1.731435916058467,-1.405653481159997,-0.7122703735304572,2,0.8801159939227476,0.8268431012898416,0.15374024429935695,6.140820581921837,-1.4072134535129655,False,True,False
-1.4488776597493296,1,1.608541440150578,-0.3809901091572174,-0.33549188268695335,0.5543923001091101,1.5216294710765244,0,1.5692769679568732,-1.6221985245333848,1.5674436401555143,-0.1628446860903139,-4.222003147821367,False,True,False
-1.4488776597493296,0,1.312793269336376,1.1445883652475357,0.5020745373359549,-0.8159051929905312,-1.055947272700762,2,-0.8427864411625662,-0.9224723457267486,0.5071660932633962,-0.1628446860903139,1.1469566782224483,True,False,False
0.5302380963112234,1,-1.2503575443867112,-1.3518127746875155,-0.056303076012650735,-0.5904132004551474,-1.7433010710413719,2,1.2246964809398104,-0.5726092563234305,-1.2599631515568004,-0.1628446860903139,0.9249487560699694,False,False,False
1.0250170353263617,0,1.1156278221269076,0.10442122360793094,0.36248013399880336,-0.3996122836944381,-0.024916575189847412,1,-0.8427864411625662,-0.5726092563234305,-0.5531114536287216,-0.1628446860903139,10.683918303004583,True,False,False
0.035459157296085175,1,-1.1024834589796102,1.075243889138229,0.2228857306616519,-1.5097267084840205,-1.055947272700762,0,0.535535506905685,-0.5726092563234305,-0.5531114536287216,-0.1628446860903139,-1.0253333872589714,False,False,False
-0.9540987207341913,0,-1.3982316297938124,1.5606552219033774,-1.4522471093841642,1.7165433385607045,-0.3685934743601522,0,-1.5319474151966916,-1.6221985245333848,-1.6133890005208396,-0.1628446860903139,-0.8959260252809247,False,False,False
-0.4593197817190531,1,-0.3138216701417372,1.421966269684764,0.5020745373359549,0.3462458454610632,-0.7122703735304572,0,0.535535506905685,1.1767061906931597,1.214017791191475,-0.1628446860903139,-0.22069557965767245,False,False,False
0.035459157296085175,0,0.08050922427719942,0.0350767474986242,-1.03346389937271,-0.13942921538437897,-0.19675502477499981,2,-0.15362546712844063,0.47698001188652356,-0.906537302592761,-0.1628446860903139,2.295230601992308,False,True,False
