age,gender,daily_social_media_hours,sleep_hours,screen_time_before_sleep,academic_performance,physical_activity,social_interaction_level,stress_level,anxiety_level,addiction_level,depression_label,Screen_Sleep_Ratio,platform_usage_Instagram,platform_usage_TikTok,Age_Group_Late Teen
-0.9540987207341913,0.975304830396693,1.6578328019529454,0.6591770324823872,1.6188297640331655,0.03402616348899273,0.8342756727359149,-0.048482188649015184,-1.1873669281796289,-1.2723354351300666,-1.6133890005208396,0,0.8508569373741813,1.385535286160941,-0.7044567776811773,-1.118663099175042
1.5197959743415,-1.0253204627247283,-1.2996489061890784,1.075243889138229,1.6188297640331655,0.3982824591230753,-0.3685934743601522,-1.286325303091959,0.8801159939227476,-1.6221985245333848,1.5674436401555143,0,-1.3202040199841714,-0.7217427156047488,1.419533506784684,0.8939241856975975
0.5302380963112234,-1.0253204627247283,-1.5953970770032808,0.7978659847010008,-1.731435916058467,1.612470111236681,-1.7433010710413719,-1.286325303091959,-1.1873669281796289,-0.5726092563234305,-1.2599631515568004,0,-1.4939986518126351,1.385535286160941,-0.7044567776811773,0.8939241856975975
-0.4593197817190531,0.975304830396693,1.41137599294111,0.31245465193585237,-0.1958974793498019,0.849266444193843,-0.3685934743601522,1.1893609257939286,-1.5319474151966916,0.47698001188652356,1.214017791191475,0,0.8636630633635662,-0.7217427156047488,1.419533506784684,-1.118663099175042
-0.4593197817190531,-1.0253204627247283,0.08050922427719942,-1.0744348702502873,1.758424167370317,-1.0760882613005895,0.6624372231507623,1.1893609257939286,-0.8427864411625662,-0.2227461669201125,-1.2599631515568004,0,0.5673763508810021,-0.7217427156047488,-0.7044567776811773,-1.118663099175042
1.5197959743415,-1.0253204627247283,1.41137599294111,-1.4211572507968222,0.9208577473474087,-0.6251042762298219,-0.7122703735304572,-1.286325303091959,-0.8427864411625662,-0.2227461669201125,0.5071660932633962,0,2.457443652406077,-0.7217427156047488,-0.7044567776811773,0.8939241856975975
1.0250170353263617,-1.0253204627247283,-1.003900735374876,-0.03426772861068253,0.9208577473474087,-0.6251042762298219,-0.5404319239453048,-0.048482188649015184,-1.1873669281796289,-1.2723354351300666,-0.19968560466468235,0,-0.9197020342606577,1.385535286160941,-0.7044567776811773,0.8939241856975975
0.035459157296085175,0.975304830396693,-0.2645303083393701,-1.5598462030154363,-1.731435916058467,-1.0240516476385781,0.49059877356561,-0.048482188649015184,0.19095501988862215,1.5265692800964776,-0.19968560466468235,0,0.5495836762410571,-0.7217427156047488,-0.7044567776811773,0.8939241856975975
1.5197959743415,-1.0253204627247283,-0.6095698409559396,-1.0050903941409806,0.5020745373359549,-1.6484910115827183,-0.19675502477499981,-1.286325303091959,-1.5319474151966916,1.5265692800964776,1.214017791191475,0,-0.2151454797837826,-0.7217427156047488,1.419533506784684,0.8939241856975975
-0.4593197817190531,0.975304830396693,-1.2996489061890784,-1.0744348702502873,-0.33549188268695335,1.3522870429266227,0.14692187439530519,-1.286325303091959,-1.5319474151966916,-1.6221985245333848,-0.5531114536287216,0,-0.9272083188743847,-0.7217427156047488,1.419533506784684,-1.118663099175042
0.035459157296085175,0.975304830396693,1.312793269336376,-0.4503345852665248,1.6188297640331655,0.29420923179905184,0.3187603239804574,1.1893609257939286,-0.15362546712844063,0.8268431012898416,1.214017791191475,0,1.3054655781863105,-0.7217427156047488,-0.7044567776811773,0.8939241856975975
-1.4488776597493296,0.975304830396693,0.1790919478819336,-1.2131238224689014,1.0604521506845601,1.612470111236681,0.3187603239804574,-0.048482188649015184,-1.5319474151966916,1.5265692800964776,0.8605919422274356,0,0.7854312571067124,1.385535286160941,-0.7044567776811773,-1.118663099175042
0.035459157296085175,0.975304830396693,0.8198796513127053,0.5204880802637732,1.2000465540217116,-1.6831820873573928,1.1779525719062196,1.1893609257939286,-0.15362546712844063,0.47698001188652356,0.15374024429935695,0,0.3108652914884608,-0.7217427156047488,-0.7044567776811773,0.8939241856975975
0.5302380963112234,-1.0253204627247283,1.1156278221269076,-0.5196790613758315,-0.8938694960355587,0.5197012243344357,0.49059877356561,1.1893609257939286,-1.5319474151966916,1.5265692800964776,1.5674436401555143,0,1.1788824845591146,-0.7217427156047488,1.419533506784684,0.8939241856975975
-0.4593197817190531,0.975304830396693,0.57342284230087,-0.3809901091572174,-1.3126527060470128,0.8839575199685175,-0.5404319239453048,-0.048482188649015184,-1.5319474151966916,1.1767061906931597,-1.6133890005208396,0,0.5854705962775566,-0.7217427156047488,1.419533506784684,-1.118663099175042
-0.9540987207341913,-1.0253204627247283,-0.4616957555488383,-0.7970569658130597,-1.5918415127213155,-0.0006649122856809947,-1.2277857222859145,-1.286325303091959,-0.4982059541455034,1.5265692800964776,-1.2599631515568004,0,-0.16480899609485078,-0.7217427156047488,-0.7044567776811773,-1.118663099175042
-1.4488776597493296,0.975304830396693,-1.4968143533985465,-1.5598462030154363,-0.47508628602410485,-0.6944864277791709,-0.8841088231156097,-1.286325303091959,-0.4982059541455034,-0.2227461669201125,0.8605919422274356,0,-1.0072753547541373,-0.7217427156047488,-0.7044567776811773,-1.118663099175042
0.035459157296085175,0.975304830396693,-0.7081525645606735,-0.24230115693860396,-1.3126527060470128,-1.527072246371358,1.5216294710765244,-1.286325303091959,1.5692769679568732,0.47698001188652356,1.5674436401555143,0,-0.612190472790111,-0.7217427156047488,-0.7044567776811773,0.8939241856975975
0.035459157296085175,-1.0253204627247283,1.0663364603245407,0.24311017582654504,0.2228857306616519,0.15544492870035384,0.6624372231507623,-1.286325303091959,1.5692769679568732,1.1767061906931597,-1.6133890005208396,0,0.6356688226607916,-0.7217427156047488,-0.7044567776811773,0.8939241856975975
-0.9540987207341913,-1.0253204627247283,-1.6446884388056477,0.7978659847010008,-1.03346389937271,1.4910513460253207,-0.3685934743601522,-1.286325303091959,0.8801159939227476,-0.5726092563234305,0.15374024429935695,0,-1.5284134303925287,1.385535286160941,-0.7044567776811773,-1.118663099175042
0.035459157296085175,0.975304830396693,-0.5602784791535724,-1.2824682985782088,0.5020745373359549,-1.3015802538359733,-1.055947272700762,-1.286325303091959,-0.4982059541455034,-1.6221985245333848,-0.906537302592761,0,-0.00817799399374278,-0.7217427156047488,1.419533506784684,0.8939241856975975
1.0250170353263617,0.975304830396693,-0.2152389465370032,0.6591770324823872,0.9208577473474087,-1.0587427234132527,0.8342756727359149,1.1893609257939286,0.8801159939227476,-0.5726092563234305,1.214017791191475,0,-0.49224955639248413,-0.7217427156047488,-0.7044567776811773,0.8939241856975975
1.0250170353263617,0.975304830396693,0.3762573950914016,-1.0744348702502873,-0.7542750926984075,1.2135227398279247,0.3187603239804574,-0.048482188649015184,-0.15362546712844063,-0.5726092563234305,-0.19968560466468235,0,0.8876444944000134,1.385535286160941,-0.7044567776811773,0.8939241856975975
1.0250170353263617,-1.0253204627247283,-1.1024834589796102,0.7978659847010008,-1.731435916058467,-0.052701525947693124,1.1779525719062196,1.1893609257939286,1.2246964809398104,0.8268431012898416,0.5071660932633962,0,-1.1498508660136972,-0.7217427156047488,1.419533506784684,0.8939241856975975
1.0250170353263617,-1.0253204627247283,-1.053192097177243,0.1737656997172383,0.2228857306616519,-0.7985596551031944,-1.055947272700762,-1.286325303091959,0.8801159939227476,0.8268431012898416,-1.2599631515568004,0,-1.004486950519519,-0.7217427156047488,-0.7044567776811773,0.8939241856975975
-1.4488776597493296,-1.0253204627247283,-1.4968143533985465,0.5204880802637732,1.0604521506845601,-1.457690094822009,0.49059877356561,1.1893609257939286,-0.4982059541455034,0.12711692248320555,-1.2599631515568004,0,-1.3964901125029363,-0.7217427156047488,-0.7044567776811773,-1.118663099175042
-0.9540987207341913,-1.0253204627247283,0.57342284230087,1.5606552219033774,-1.5918415127213155,-0.6077587383424843,-1.5714626214562195,-0.048482188649015184,0.8801159939227476,1.1767061906931597,-0.5531114536287216,0,-0.2277721433730949,-0.7217427156047488,-0.7044567776811773,-1.118663099175042
1.5197959743415,0.975304830396693,-1.2503575443867112,0.45114360415446586,-1.1730583027098613,0.46766461067242354,1.0061141223210675,-1.286325303091959,0.535535506905685,-0.2227461669201125,1.214017791191475,0,-1.2046236826267676,-0.7217427156047488,1.419533506784684,0.8939241856975975
-0.9540987207341913,0.975304830396693,-1.003900735374876,-0.5890235374851389,1.6188297640331655,-1.3015802538359733,-0.8841088231156097,-0.048482188649015184,-0.8427864411625662,1.1767061906931597,-0.19968560466468235,0,-0.7737465001048581,-0.7217427156047488,1.419533506784684,-1.118663099175042
0.035459157296085175,-1.0253204627247283,-0.5602784791535724,0.9365549369196149,1.479235360696014,1.4563602702506462,1.3497910214913722,1.1893609257939286,0.19095501988862215,0.12711692248320555,-0.5531114536287216,0,-0.8012909291147732,-0.7217427156047488,1.419533506784684,0.8939241856975975
-1.4488776597493296,0.975304830396693,1.0170450985221733,-0.5196790613758315,1.0604521506845601,-0.5557221246804729,0.14692187439530519,-0.048482188649015184,-1.1873669281796289,-1.6221985245333848,1.5674436401555143,0,1.0871097416793976,-0.7217427156047488,1.419533506784684,-1.118663099175042
-1.4488776597493296,-1.0253204627247283,-1.4475229915961794,1.5606552219033774,1.0604521506845601,1.2135227398279247,-1.055947272700762,-1.286325303091959,0.8801159939227476,-1.2723354351300666,1.214017791191475,0,-1.4603750175679113,1.385535286160941,-0.7044567776811773,-1.118663099175042
0.035459157296085175,0.975304830396693,-0.9053180117701417,-1.5598462030154363,0.9208577473474087,0.10340831503834172,-1.3996241718710671,-1.286325303091959,-1.5319474151966916,0.8268431012898416,-0.5531114536287216,0,-0.25998301987644384,1.385535286160941,-0.7044567776811773,0.8939241856975975
-0.9540987207341913,0.975304830396693,-0.2152389465370032,1.075243889138229,1.758424167370317,-1.180161488624613,-0.3685934743601522,-0.048482188649015184,0.8801159939227476,-0.5726092563234305,-1.6133890005208396,0,-0.6009351476643917,-0.7217427156047488,1.419533506784684,-1.118663099175042
-1.4488776597493296,-1.0253204627247283,1.0170450985221733,0.58983255637308,-0.1958974793498019,0.48501014855976116,-1.5714626214562195,1.1893609257939286,1.5692769679568732,-1.2723354351300666,-1.6133890005208396,0,0.4233288068781591,-0.7217427156047488,1.419533506784684,-1.118663099175042
0.5302380963112234,-1.0253204627247283,0.2283833096843005,-1.0744348702502873,0.5020745373359549,-1.7005276252447306,-0.024916575189847412,-0.048482188649015184,1.2246964809398104,-0.5726092563234305,1.214017791191475,0,0.727510422640508,-0.7217427156047488,-0.7044567776811773,0.8939241856975975
1.5197959743415,-1.0253204627247283,0.031217862474832096,-0.6583680135944456,1.0604521506845601,1.6818522627860302,-0.3685934743601522,-1.286325303091959,-0.8427864411625662,1.5265692800964776,0.5071660932633962,0,0.2461376978361755,1.385535286160941,-0.7044567776811773,0.8939241856975975
0.5302380963112234,-1.0253204627247283,0.1298005860795663,-1.4211572507968222,-0.614680689361256,-1.6831820873573928,-0.8841088231156097,-0.048482188649015184,-0.15362546712844063,1.5265692800964776,0.15374024429935695,0,0.9119072325453932,1.385535286160941,-0.7044567776811773,0.8939241856975975
0.5302380963112234,-1.0253204627247283,-1.5953970770032808,1.075243889138229,0.36248013399880336,-0.2608479805957401,1.3497910214913722,-1.286325303091959,-1.5319474151966916,0.47698001188652356,0.8605919422274356,0,-1.516368257889566,-0.7217427156047488,1.419533506784684,0.8939241856975975
0.5302380963112234,-1.0253204627247283,0.8691710131150722,-1.6985351552340504,-1.03346389937271,-0.9720150339765661,0.3187603239804574,-1.286325303091959,-1.5319474151966916,1.5265692800964776,1.214017791191475,0,2.1780582226620306,1.385535286160941,-0.7044567776811773,0.8939241856975975
-0.9540987207341913,0.975304830396693,0.9184623749174395,-0.5196790613758315,-1.1730583027098613,-1.613799935808044,1.3497910214913722,-1.286325303091959,1.5692769679568732,-0.5726092563234305,-1.2599631515568004,0,0.9953369987996812,1.385535286160941,-0.7044567776811773,-1.118663099175042
1.5197959743415,0.975304830396693,-1.4475229915961794,1.4913107457940706,0.9208577473474087,1.4216691944759718,-1.055947272700762,-0.048482188649015184,1.5692769679568732,-0.5726092563234305,-1.6133890005208396,0,-1.4547818111053143,1.385535286160941,-0.7044567776811773,0.8939241856975975
-0.9540987207341913,-1.0253204627247283,1.3620846311387427,0.8672104608103081,-0.47508628602410485,0.7451932168698195,-1.2277857222859145,1.1893609257939286,0.19095501988862215,-1.6221985245333848,0.8605919422274356,0,0.5382610651065467,1.385535286160941,-0.7044567776811773,-1.118663099175042
-0.4593197817190531,0.975304830396693,-0.2645303083393701,1.6299996980126852,-0.614680689361256,1.0400673609545523,1.5216294710765244,1.1893609257939286,1.5692769679568732,0.12711692248320555,1.5674436401555143,0,-0.752516604227651,-0.7217427156047488,-0.7044567776811773,-1.118663099175042
-0.9540987207341913,0.975304830396693,0.32696603328903473,-1.6291906791247437,0.5020745373359549,0.13809939081301623,-1.3996241718710671,1.1893609257939286,1.2246964809398104,-0.9224723457267486,0.8605919422274356,0,1.3758581278131417,-0.7217427156047488,-0.7044567776811773,-1.118663099175042
-0.9540987207341913,-1.0253204627247283,-0.018073499327534787,-1.1437793463595947,-1.1730583027098613,-1.3362713296106479,-0.3685934743601522,-0.048482188649015184,-1.5319474151966916,-0.5726092563234305,1.5674436401555143,0,0.5106622004661774,-0.7217427156047488,1.419533506784684,-1.118663099175042
1.0250170353263617,0.975304830396693,1.1156278221269076,1.4913107457940706,-0.8938694960355587,-1.0934337991879273,1.0061141223210675,-1.286325303091959,-1.5319474151966916,1.5265692800964776,1.5674436401555143,0,0.1266973161939903,-0.7217427156047488,1.419533506784684,0.8939241856975975
-1.4488776597493296,-1.0253204627247283,-0.5109871173512054,-0.9357459180316738,-0.8938694960355587,-1.2495436401739621,1.3497910214913722,1.1893609257939286,-1.1873669281796289,-0.2227461669201125,0.15374024429935695,0,-0.14642389055679447,1.385535286160941,-0.7044567776811773,-1.118663099175042
0.035459157296085175,0.975304830396693,-1.1024834589796102,-0.10361220471998989,1.758424167370317,0.4329735348977498,1.5216294710765244,1.1893609257939286,-0.4982059541455034,-0.5726092563234305,1.214017791191475,0,-0.9865172343408681,-0.7217427156047488,1.419533506784684,0.8939241856975975
-0.9540987207341913,0.975304830396693,-1.6446884388056477,1.421966269684764,0.08329132732450074,1.1441405882785758,1.3497910214913722,-1.286325303091959,-0.15362546712844063,1.5265692800964776,1.5674436401555143,0,-1.5721404431763941,1.385535286160941,-0.7044567776811773,-1.118663099175042
-1.4488776597493296,0.975304830396693,0.8198796513127053,0.45114360415446586,0.6416689406731063,0.7625387547571572,-1.3996241718710671,1.1893609257939286,-0.15362546712844063,-1.2723354351300666,-1.2599631515568004,0,0.342587207894654,-0.7217427156047488,-0.7044567776811773,-1.118663099175042
1.0250170353263617,0.975304830396693,-0.018073499327534787,-1.6291906791247437,0.2228857306616519,0.7451932168698195,-1.5714626214562195,1.1893609257939286,0.19095501988862215,0.47698001188652356,0.8605919422274356,0,0.9293053911179342,-0.7217427156047488,1.419533506784684,0.8939241856975975
1.0250170353263617,0.975304830396693,-0.8067352881654077,-1.3518127746875155,1.0604521506845601,0.29420923179905184,0.49059877356561,-0.048482188649015184,-0.8427864411625662,0.47698001188652356,0.8605919422274356,0,-0.25583139579379033,1.385535286160941,-0.7044567776811773,0.8939241856975975
-1.4488776597493296,-1.0253204627247283,0.6227142041032369,1.421966269684764,0.7812633440102572,0.5370467622217725,1.5216294710765244,-1.286325303091959,-1.5319474151966916,-1.6221985245333848,-0.19968560466468235,0,-0.1566808441727628,-0.7217427156047488,1.419533506784684,-1.118663099175042
1.0250170353263617,0.975304830396693,1.1156278221269076,0.0350767474986242,1.339640957358863,-0.03535598806035549,1.5216294710765244,-0.048482188649015184,-0.4982059541455034,-0.5726092563234305,-0.19968560466468235,0,0.7948488528163004,1.385535286160941,-0.7044567776811773,0.8939241856975975
-0.4593197817190531,-1.0253204627247283,1.41137599294111,1.4913107457940706,-1.1730583027098613,-1.1975070265119507,-1.7433010710413719,-0.048482188649015184,-1.5319474151966916,-0.2227461669201125,-0.906537302592761,0,0.30917567703621807,1.385535286160941,-0.7044567776811773,-1.118663099175042
1.0250170353263617,0.975304830396693,-0.018073499327534787,-1.0050903941409806,1.0604521506845601,-0.5904132004551474,-0.5404319239453048,1.1893609257939286,0.8801159939227476,1.1767061906931597,-1.6133890005208396,0,0.41258008151348013,-0.7217427156047488,1.419533506784684,0.8939241856975975
0.035459157296085175,0.975304830396693,0.9184623749174395,-0.7970569658130597,0.9208577473474087,-1.665836549470056,1.1779525719062196,1.1893609257939286,0.535535506905685,-0.2227461669201125,1.5674436401555143,0,1.2169768306601298,-0.7217427156047488,1.419533506784684,0.8939241856975975
-1.4488776597493296,0.975304830396693,1.3620846311387427,-1.5598462030154363,-0.614680689361256,-1.4403445569346713,-0.024916575189847412,-1.286325303091959,-0.4982059541455034,-0.2227461669201125,-1.2599631515568004,0,2.6046375971547135,-0.7217427156047488,-0.7044567776811773,-1.118663099175042
0.5302380963112234,-1.0253204627247283,1.2635019075340086,-0.5890235374851389,-1.5918415127213155,0.13809939081301623,-0.024916575189847412,1.1893609257939286,-1.5319474151966916,-0.9224723457267486,0.5071660932633962,0,1.3747189626685101,1.385535286160941,-0.7044567776811773,0.8939241856975975
1.0250170353263617,0.975304830396693,-1.4475229915961794,-0.9357459180316738,1.339640957358863,1.0053762851798778,-0.3685934743601522,-1.286325303091959,-0.8427864411625662,1.1767061906931597,0.5071660932633962,0,-1.1208344840737867,-0.7217427156047488,1.419533506784684,0.8939241856975975
-0.4593197817190531,-1.0253204627247283,-1.4968143533985465,-1.2131238224689014,-1.03346389937271,1.4390147323633087,-0.7122703735304572,1.1893609257939286,0.19095501988862215,-1.6221985245333848,-0.5531114536287216,0,-1.1066493354559583,1.385535286160941,-0.7044567776811773,-1.118663099175042
-1.4488776597493296,0.975304830396693,-0.11665622293226899,-0.4503345852665248,-1.4522471093841642,0.27686369391171417,-1.5714626214562195,1.1893609257939286,0.535535506905685,-1.2723354351300666,-1.6133890005208396,0,-0.0022960078496530533,-0.7217427156047488,-0.7044567776811773,-1.118663099175042
0.5302380963112234,0.975304830396693,-1.003900735374876,0.1737656997172383,0.36248013399880336,-0.7465230414411823,1.1779525719062196,-1.286325303091959,-0.15362546712844063,0.47698001188652356,-0.19968560466468235,0,-0.9654492912348636,-0.7217427156047488,-0.7044567776811773,0.8939241856975975
1.5197959743415,-1.0253204627247283,1.6578328019529454,-0.9357459180316738,-0.056303076012650735,-0.33023013214508906,-0.3685934743601522,-0.048482188649015184,0.19095501988862215,-1.6221985245333848,0.8605919422274356,0,2.1101059049562414,-0.7217427156047488,1.419533506784684,0.8939241856975975
0.5302380963112234,0.975304830396693,-0.9053180117701417,1.075243889138229,1.2000465540217116,0.9359941336305289,1.5216294710765244,-1.286325303091959,-1.5319474151966916,0.8268431012898416,0.5071660932633962,0,-1.0586517027769788,1.385535286160941,-0.7044567776811773,0.8939241856975975
-1.4488776597493296,0.975304830396693,-0.7081525645606735,1.2139328413568424,-0.33549188268695335,-0.9373239582018916,-1.2277857222859145,-0.048482188649015184,-0.15362546712844063,0.8268431012898416,0.15374024429935695,0,-0.952595427811867,-0.7217427156047488,1.419533506784684,-1.118663099175042
0.5302380963112234,0.975304830396693,0.6227142041032369,0.7978659847010008,-1.4522471093841642,-0.27819351848307694,-0.024916575189847412,1.1893609257939286,0.535535506905685,0.12711692248320555,0.8605919422274356,0,0.054666384282584926,-0.7217427156047488,-0.7044567776811773,0.8939241856975975
-0.9540987207341913,-1.0253204627247283,-0.3138216701417372,0.3817991280451591,1.479235360696014,-0.33023013214508906,-1.5714626214562195,-0.048482188649015184,0.8801159939227476,-1.2723354351300666,0.8605919422274356,0,-0.48417072033975195,-0.7217427156047488,-0.7044567776811773,-1.118663099175042
-0.4593197817190531,0.975304830396693,1.460667354743477,0.3817991280451591,-1.1730583027098613,0.849266444193843,0.14692187439530519,-1.286325303091959,-1.1873669281796289,-1.2723354351300666,0.15374024429935695,0,0.860955482440096,-0.7217427156047488,-0.7044567776811773,-1.118663099175042
-0.9540987207341913,0.975304830396693,0.32696603328903473,0.1737656997172383,0.36248013399880336,0.849266444193843,-0.024916575189847412,1.1893609257939286,-1.1873669281796289,-1.6221985245333848,-0.19968560466468235,0,0.08856750945083844,-0.7217427156047488,-0.7044567776811773,-1.118663099175042
0.035459157296085175,-1.0253204627247283,-0.7081525645606735,-1.0050903941409806,-0.8938694960355587,-0.4516488973564494,1.0061141223210675,-0.048482188649015184,-1.1873669281796289,0.8268431012898416,-1.6133890005208396,0,-0.31976640666665945,-0.7217427156047488,1.419533506784684,0.8939241856975975
0.035459157296085175,-1.0253204627247283,-1.2503575443867112,1.5606552219033774,-0.7542750926984075,0.01668062560165587,-1.7433010710413719,-0.048482188649015184,0.8801159939227476,0.8268431012898416,-0.5531114536287216,0,-1.3401210786220754,1.385535286160941,-0.7044567776811773,0.8939241856975975
-0.9540987207341913,0.975304830396693,-0.9053180117701417,1.3526217935754572,-0.614680689361256,-1.7005276252447306,-0.7122703735304572,-0.048482188649015184,0.19095501988862215,-0.9224723457267486,0.8605919422274356,0,-1.100686896613849,1.385535286160941,-0.7044567776811773,-1.118663099175042
-0.9540987207341913,0.975304830396693,-1.4968143533985465,-1.4905017269061296,0.5020745373359549,1.5777790354620067,0.8342756727359149,-0.048482188649015184,1.5692769679568732,-1.2723354351300666,-0.5531114536287216,0,-1.028998969140117,-0.7217427156047488,-0.7044567776811773,-1.118663099175042
0.5302380963112234,-1.0253204627247283,1.1649191839292747,1.2139328413568424,-1.3126527060470128,-1.0934337991879273,-1.7433010710413719,1.1893609257939286,1.5692769679568732,1.5265692800964776,0.5071660932633962,0,0.2594762860751236,1.385535286160941,-0.7044567776811773,0.8939241856975975
-1.4488776597493296,0.975304830396693,-1.6939798006080147,0.45114360415446586,0.08329132732450074,-0.7638685793285199,-0.3685934743601522,-1.286325303091959,-0.15362546712844063,-0.2227461669201125,1.5674436401555143,0,-1.5361688734527865,-0.7217427156047488,1.419533506784684,-1.118663099175042
-1.4488776597493296,0.975304830396693,-0.5602784791535724,-1.4211572507968222,-1.5918415127213155,0.7278476789824826,-1.3996241718710671,-0.048482188649015184,0.8801159939227476,0.12711692248320555,-0.906537302592761,0,0.07969531415887086,-0.7217427156047488,1.419533506784684,-1.118663099175042
-0.4593197817190531,0.975304830396693,1.0663364603245407,-1.3518127746875155,0.5020745373359549,1.2482138156025993,0.49059877356561,-1.286325303091959,-0.8427864411625662,-0.9224723457267486,-0.906537302592761,0,1.9528326161780594,-0.7217427156047488,-0.7044567776811773,-1.118663099175042
1.0250170353263617,0.975304830396693,-1.6939798006080147,0.5204880802637732,-1.03346389937271,0.2421726181370397,-0.7122703735304572,1.1893609257939286,-1.1873669281796289,-1.6221985245333848,-0.5531114536287216,0,-1.5417969553958208,-0.7217427156047488,-0.7044567776811773,0.8939241856975975
1.0250170353263617,-1.0253204627247283,1.41137599294111,0.7285215085916941,0.7812633440102572,-1.041397185525915,-0.19675502477499981,-1.286325303091959,-0.4982059541455034,-1.6221985245333848,-0.5531114536287216,0,0.6392587564263805,1.385535286160941,-0.7044567776811773,0.8939241856975975
1.5197959743415,-1.0253204627247283,0.1298005860795663,-0.3116456330479107,-0.33549188268695335,-0.6597953520044965,0.3187603239804574,-1.286325303091959,-1.1873669281796289,-1.2723354351300666,0.15374024429935695,0,0.15102776430628723,-0.7217427156047488,1.419533506784684,0.8939241856975975
-0.9540987207341913,0.975304830396693,-1.6446884388056477,-0.8664014419223665,0.6416689406731063,-1.38830794327266,1.5216294710765244,1.1893609257939286,1.2246964809398104,1.1767061906931597,-0.5531114536287216,0,-1.3378085028731173,-0.7217427156047488,-0.7044567776811773,-1.118663099175042
-1.4488776597493296,0.975304830396693,1.41137599294111,-0.5890235374851389,-0.47508628602410485,-0.07004706383502998,1.1779525719062196,-1.286325303091959,0.8801159939227476,-0.2227461669201125,-0.19968560466468235,0,1.5148362754580784,1.385535286160941,-0.7044567776811773,-1.118663099175042
0.035459157296085175,-1.0253204627247283,-0.9546093735725089,1.4913107457940706,-0.614680689361256,1.126795050391239,1.0061141223210675,-1.286325303091959,-0.15362546712844063,-0.9224723457267486,-1.6133890005208396,0,-1.1506512097016017,-0.7217427156047488,-0.7044567776811773,0.8939241856975975
0.5302380963112234,-1.0253204627247283,0.2283833096843005,1.7686886502312988,1.0604521506845601,0.710502141095145,-0.19675502477499981,-1.286325303091959,0.8801159939227476,1.5265692800964776,-0.19968560466468235,0,-0.4883223444224058,-0.7217427156047488,-0.7044567776811773,0.8939241856975975
1.0250170353263617,0.975304830396693,1.460667354743477,0.6591770324823872,0.08329132732450074,0.8319209063065062,-1.7433010710413719,-0.048482188649015184,1.2246964809398104,-0.5726092563234305,-1.2599631515568004,0,0.7094773064513741,1.385535286160941,-0.7044567776811773,0.8939241856975975
0.5302380963112234,-1.0253204627247283,0.4255487568937689,-0.5196790613758315,1.0604521506845601,0.2421726181370397,1.5216294710765244,1.1893609257939286,-0.15362546712844063,1.5265692800964776,-0.906537302592761,0,0.5364732844010979,-0.7217427156047488,-0.7044567776811773,0.8939241856975975
0.5302380963112234,-1.0253204627247283,0.5241314804985027,-0.7970569658130597,-0.056303076012650735,-0.38226674580710046,-0.19675502477499981,1.1893609257939286,0.8801159939227476,-0.5726092563234305,0.8605919422274356,0,0.8221808801587064,1.385535286160941,-0.7044567776811773,0.8939241856975975
1.0250170353263617,0.975304830396693,0.8198796513127053,-1.6291906791247437,1.479235360696014,0.7278476789824826,0.14692187439530519,1.1893609257939286,0.535535506905685,0.8268431012898416,-1.6133890005208396,1,2.0137906088062945,1.385535286160941,-0.7044567776811773,0.8939241856975975
0.5302380963112234,-1.0253204627247283,0.08050922427719942,-1.2131238224689014,0.9208577473474087,1.6471611870113556,-1.7433010710413719,1.1893609257939286,1.5692769679568732,-0.2227461669201125,0.8605919422274356,0,0.6741323987206728,1.385535286160941,-0.7044567776811773,0.8939241856975975
1.0250170353263617,-1.0253204627247283,-0.2645303083393701,-1.2824682985782088,0.6416689406731063,1.2308682777152624,-0.7122703735304572,1.1893609257939286,-0.4982059541455034,-1.6221985245333848,-0.5531114536287216,0,0.3329772023634651,1.385535286160941,-0.7044567776811773,0.8939241856975975
1.0250170353263617,0.975304830396693,0.8198796513127053,1.4913107457940706,-0.33549188268695335,0.3982824591230753,1.0061141223210675,-0.048482188649015184,-0.4982059541455034,-0.2227461669201125,0.5071660932633962,0,-0.05578104464823691,-0.7217427156047488,1.419533506784684,0.8939241856975975
0.5302380963112234,-1.0253204627247283,0.5241314804985027,0.24311017582654504,0.36248013399880336,-1.3362713296106479,-0.024916575189847412,1.1893609257939286,0.19095501988862215,1.1767061906931597,0.8605919422274356,0,0.21256948600209732,-0.7217427156047488,1.419533506784684,0.8939241856975975
-1.4488776597493296,-1.0253204627247283,-0.2645303083393701,-1.4211572507968222,1.0604521506845601,1.05741289884189,0.6624372231507623,1.1893609257939286,0.535535506905685,-1.2723354351300666,1.5674436401555143,0,0.43635756489595207,1.385535286160941,-0.7044567776811773,-1.118663099175042
-0.4593197817190531,-1.0253204627247283,-1.3489402679914455,-0.03426772861068253,0.9208577473474087,-1.4403445569346713,1.5216294710765244,1.1893609257939286,-0.8427864411625662,0.12711692248320555,1.214017791191475,0,-1.2057748812060247,1.385535286160941,-0.7044567776811773,-1.118663099175042
-1.4488776597493296,0.975304830396693,-0.7081525645606735,-0.7277124897037524,0.2228857306616519,1.1614861261659135,-1.055947272700762,-0.048482188649015184,0.535535506905685,-0.5726092563234305,-1.2599631515568004,0,-0.4398867301247776,-0.7217427156047488,1.419533506784684,-1.118663099175042
-1.4488776597493296,-1.0253204627247283,-0.5109871173512054,-0.8664014419223665,1.0604521506845601,-0.7291775035538454,0.14692187439530519,-1.286325303091959,-1.5319474151966916,0.12711692248320555,-0.906537302592761,0,-0.18094248445668812,-0.7217427156047488,1.419533506784684,-1.118663099175042
1.0250170353263617,0.975304830396693,1.41137599294111,-0.03426772861068253,0.6416689406731063,0.9013030578558543,-0.024916575189847412,-1.286325303091959,-0.4982059541455034,-0.2227461669201125,-0.5531114536287216,0,1.0828078943569113,-0.7217427156047488,1.419533506784684,0.8939241856975975
0.035459157296085175,0.975304830396693,1.7071241637553123,-0.6583680135944456,-0.47508628602410485,-0.07004706383502998,-1.2277857222859145,1.1893609257939286,-1.1873669281796289,-0.2227461669201125,-1.2599631515568004,0,1.863006567844276,1.385535286160941,-0.7044567776811773,0.8939241856975975
-1.4488776597493296,0.975304830396693,0.2776746714866674,-1.6291906791247437,-0.1958974793498019,0.5717378379964471,-0.3685934743601522,1.1893609257939286,-1.5319474151966916,-0.9224723457267486,0.8605919422274356,0,1.3120648797138257,-0.7217427156047488,-0.7044567776811773,-1.118663099175042
1.0250170353263617,-1.0253204627247283,-1.053192097177243,-0.10361220471998989,-0.614680689361256,0.10340831503834172,1.1779525719062196,-0.048482188649015184,-1.1873669281796289,1.1767061906931597,-0.19968560466468235,0,-0.9450009935143296,1.385535286160941,-0.7044567776811773,0.8939241856975975
-1.4488776597493296,0.975304830396693,-1.4475229915961794,-1.5598462030154363,-0.33549188268695335,1.265559353489937,1.1779525719062196,1.1893609257939286,1.5692769679568732,-1.6221985245333848,1.5674436401555143,0,-0.9450009935143296,1.385535286160941,-0.7044567776811773,-1.118663099175042
1.0250170353263617,0.975304830396693,0.6227142041032369,0.1737656997172383,0.2228857306616519,0.01668062560165587,1.5216294710765244,-0.048482188649015184,-0.15362546712844063,0.8268431012898416,-1.2599631515568004,0,0.322793465158772,1.385535286160941,-0.7044567776811773,0.8939241856975975
-0.4593197817190531,0.975304830396693,-0.9053180117701417,0.10442122360793094,0.2228857306616519,-0.4169578215817749,1.5216294710765244,1.1893609257939286,-0.8427864411625662,0.12711692248320555,0.15374024429935695,0,-0.8714040211400113,-0.7217427156047488,1.419533506784684,-1.118663099175042
-1.4488776597493296,-1.0253204627247283,-0.2645303083393701,-1.3518127746875155,-1.03346389937271,1.1441405882785758,1.3497910214913722,-0.048482188649015184,-0.15362546712844063,0.12711692248320555,-0.19968560466468235,0,0.38351871293490297,-0.7217427156047488,-0.7044567776811773,-1.118663099175042
1.0250170353263617,0.975304830396693,-0.6588612027583065,1.6299996980126852,-0.7542750926984075,1.2482138156025993,0.14692187439530519,1.1893609257939286,0.535535506905685,0.12711692248320555,1.5674436401555143,0,-0.9902914380523716,-0.7217427156047488,-0.7044567776811773,0.8939241856975975
-1.4488776597493296,0.975304830396693,-1.4475229915961794,-1.4905017269061296,-1.5918415127213155,1.5951245733493442,1.693467920661677,1.1893609257939286,-0.15362546712844063,1.5265692800964776,0.5071660932633962,0,-0.9681728488593743,-0.7217427156047488,1.419533506784684,-1.118663099175042
-0.9540987207341913,0.975304830396693,-1.1024834589796102,1.075243889138229,1.0604521506845601,0.15544492870035384,1.1779525719062196,1.1893609257939286,-0.15362546712844063,0.12711692248320555,0.5071660932633962,0,-1.189427861380575,-0.7217427156047488,1.419533506784684,-1.118663099175042
0.5302380963112234,0.975304830396693,1.5592500783482113,1.421966269684764,-0.7542750926984075,0.9880307472925409,-1.7433010710413719,1.1893609257939286,0.535535506905685,1.5265692800964776,0.5071660932633962,0,0.4279655119374326,-0.7217427156047488,1.419533506784684,0.8939241856975975
0.035459157296085175,0.975304830396693,0.1298005860795663,0.45114360415446586,-1.5918415127213155,0.641119989545796,-0.5404319239453048,-1.286325303091959,0.535535506905685,0.12711692248320555,1.214017791191475,0,-0.1731497556124867,-0.7217427156047488,-0.7044567776811773,0.8939241856975975
0.5302380963112234,-1.0253204627247283,0.32696603328903473,-0.3116456330479107,-1.5918415127213155,0.13809939081301623,-0.7122703735304572,1.1893609257939286,0.19095501988862215,-1.2723354351300666,1.214017791191475,0,0.32539597577774926,-0.7217427156047488,-0.7044567776811773,0.8939241856975975
-1.4488776597493296,0.975304830396693,0.57342284230087,0.10442122360793094,0.9208577473474087,1.7338888764480422,1.1779525719062196,-1.286325303091959,-1.5319474151966916,-0.9224723457267486,-1.6133890005208396,0,0.31747014798359213,-0.7217427156047488,-0.7044567776811773,-1.118663099175042
-0.4593197817190531,0.975304830396693,0.031217862474832096,-0.8664014419223665,-0.47508628602410485,-0.018010450173018628,1.5216294710765244,-0.048482188649015184,-1.5319474151966916,-0.5726092563234305,-0.19968560466468235,0,0.3723412634816039,-0.7217427156047488,1.419533506784684,-1.118663099175042
-1.4488776597493296,0.975304830396693,-0.11665622293226899,0.7285215085916941,1.339640957358863,-1.2148525643992876,-0.3685934743601522,-1.286325303091959,-1.5319474151966916,1.5265692800964776,-1.6133890005208396,0,-0.4418241546966826,-0.7217427156047488,1.419533506784684,-1.118663099175042
0.5302380963112234,-1.0253204627247283,-0.2152389465370032,1.4913107457940706,1.758424167370317,-0.38226674580710046,-1.5714626214562195,1.1893609257939286,-0.8427864411625662,0.12711692248320555,-1.6133890005208396,0,-0.6944553075960332,1.385535286160941,-0.7044567776811773,0.8939241856975975
-0.4593197817190531,0.975304830396693,0.9677537367198064,1.1445883652475357,0.36248013399880336,1.5604334975746696,0.49059877356561,-1.286325303091959,0.8801159939227476,-1.2723354351300666,-1.2599631515568004,0,0.15748584621263786,-0.7217427156047488,-0.7044567776811773,-1.118663099175042
1.5197959743415,-1.0253204627247283,1.608541440150578,1.6299996980126852,0.5020745373359549,1.3175959671519484,0.49059877356561,-1.286325303091959,1.5692769679568732,1.1767061906931597,0.15374024429935695,0,0.37691385643977166,-0.7217427156047488,-0.7044567776811773,0.8939241856975975
0.5302380963112234,0.975304830396693,0.9677537367198064,-1.6291906791247437,1.339640957358863,1.1614861261659135,0.14692187439530519,1.1893609257939286,0.19095501988862215,1.5265692800964776,1.5674436401555143,0,2.20517035310424,1.385535286160941,-0.7044567776811773,0.8939241856975975
0.5302380963112234,-1.0253204627247283,-0.6588612027583065,-1.5598462030154363,-1.5918415127213155,-1.3536168674979856,0.6624372231507623,1.1893609257939286,0.19095501988862215,0.12711692248320555,-0.906537302592761,0,0.051388786322594825,-0.7217427156047488,1.419533506784684,0.8939241856975975
-1.4488776597493296,0.975304830396693,-1.053192097177243,-1.6291906791247437,-1.3126527060470128,-0.34757567003242595,0.14692187439530519,1.1893609257939286,0.8801159939227476,0.12711692248320555,-0.906537302592761,0,-0.410352818967687,-0.7217427156047488,1.419533506784684,-1.118663099175042
-0.4593197817190531,-1.0253204627247283,-0.2645303083393701,1.1445883652475357,0.5020745373359549,-1.7005276252447306,-1.055947272700762,1.1893609257939286,-0.4982059541455034,0.8268431012898416,0.8605919422274356,0,-0.6497743920811667,1.385535286160941,-0.7044567776811773,-1.118663099175042
0.5302380963112234,-1.0253204627247283,0.721296927707971,1.6299996980126852,-0.614680689361256,1.751234414335379,-0.19675502477499981,1.1893609257939286,0.8801159939227476,1.5265692800964776,0.5071660932633962,0,-0.15807951966584957,-0.7217427156047488,-0.7044567776811773,0.8939241856975975
1.0250170353263617,0.975304830396693,-1.6446884388056477,1.075243889138229,-0.056303076012650735,0.22482708024970283,-1.5714626214562195,-0.048482188649015184,0.19095501988862215,-0.5726092563234305,-1.2599631515568004,0,-1.549062297540465,-0.7217427156047488,1.419533506784684,0.8939241856975975
0.035459157296085175,0.975304830396693,0.57342284230087,-0.4503345852665248,1.479235360696014,-1.4229990190473345,-0.8841088231156097,1.1893609257939286,-0.8427864411625662,1.1767061906931597,-1.2599631515568004,0,0.6290371716159846,-0.7217427156047488,-0.7044567776811773,0.8939241856975975
1.5197959743415,0.975304830396693,0.9677537367198064,1.1445883652475357,0.7812633440102572,-1.3536168674979856,-1.055947272700762,-1.286325303091959,0.8801159939227476,0.8268431012898416,0.15374024429935695,0,0.15748584621263786,-0.7217427156047488,-0.7044567776811773,0.8939241856975975
0.035459157296085175,0.975304830396693,1.0170450985221733,-0.5890235374851389,-1.3126527060470128,0.849266444193843,1.1779525719062196,1.1893609257939286,-0.4982059541455034,-0.9224723457267486,-0.5531114536287216,0,1.1411901080192313,1.385535286160941,-0.7044567776811773,0.8939241856975975
-1.4488776597493296,0.975304830396693,0.721296927707971,0.5204880802637732,-0.33549188268695335,-1.0934337991879273,-1.3996241718710671,-0.048482188649015184,-1.5319474151966916,-0.9224723457267486,-0.5531114536287216,0,0.2382118700420181,-0.7217427156047488,1.419533506784684,-1.118663099175042
1.0250170353263617,-1.0253204627247283,-1.6939798006080147,1.075243889138229,1.339640957358863,-1.6484910115827183,-1.5714626214562195,-0.048482188649015184,0.535535506905685,1.5265692800964776,-1.2599631515568004,0,-1.5817563371913643,-0.7217427156047488,-0.7044567776811773,0.8939241856975975
-1.4488776597493296,-1.0253204627247283,-0.36311303194410427,1.0058994130289223,-0.614680689361256,1.6991978006733677,-1.3996241718710671,1.1893609257939286,0.535535506905685,1.5265692800964776,1.214017791191475,0,-0.6832910196964034,1.385535286160941,-0.7044567776811773,-1.118663099175042
-1.4488776597493296,-1.0253204627247283,0.08050922427719942,0.24311017582654504,-0.056303076012650735,0.48501014855976116,0.6624372231507623,-0.048482188649015184,-0.4982059541455034,-1.2723354351300666,-0.5531114536287216,0,-0.13360269853683382,-0.7217427156047488,-0.7044567776811773,-1.118663099175042
-0.4593197817190531,0.975304830396693,1.41137599294111,-0.10361220471998989,-0.614680689361256,0.8319209063065062,0.3187603239804574,1.1893609257939286,-1.5319474151966916,-0.9224723457267486,1.214017791191475,0,1.1308110478125966,-0.7217427156047488,1.419533506784684,-1.118663099175042
0.5302380963112234,0.975304830396693,-0.3138216701417372,0.45114360415446586,0.9208577473474087,1.4390147323633087,-0.3685934743601522,-1.286325303091959,-0.8427864411625662,0.12711692248320555,1.5674436401555143,0,-0.5046949464385054,1.385535286160941,-0.7044567776811773,0.8939241856975975
1.0250170353263617,0.975304830396693,-0.7081525645606735,-0.5196790613758315,1.6188297640331655,0.19013600447502835,-0.7122703735304572,1.1893609257939286,1.2246964809398104,-0.5726092563234305,-1.2599631515568004,0,-0.5189132587156448,1.385535286160941,-0.7044567776811773,0.8939241856975975
0.035459157296085175,-1.0253204627247283,-0.9546093735725089,1.6299996980126852,-0.056303076012650735,-1.041397185525915,-0.024916575189847412,1.1893609257939286,-0.15362546712844063,-1.2723354351300666,0.15374024429935695,0,-1.1686225634209122,-0.7217427156047488,1.419533506784684,0.8939241856975975
-1.4488776597493296,0.975304830396693,0.2283833096843005,0.31245465193585237,-1.5918415127213155,0.06871723926366723,-0.3685934743601522,-0.048482188649015184,1.2246964809398104,-0.9224723457267486,0.8605919422274356,0,-0.0460841269223216,-0.7217427156047488,1.419533506784684,-1.118663099175042
1.0250170353263617,0.975304830396693,-0.018073499327534787,1.1445883652475357,-0.1958974793498019,1.265559353489937,0.3187603239804574,-0.048482188649015184,-1.5319474151966916,-1.2723354351300666,-1.6133890005208396,0,-0.4883223444224058,1.385535286160941,-0.7044567776811773,0.8939241856975975
0.5302380963112234,0.975304830396693,-1.201066182584344,-1.2131238224689014,0.36248013399880336,-0.0006649122856809947,1.5216294710765244,-0.048482188649015184,-0.15362546712844063,-1.6221985245333848,0.8605919422274356,0,-0.77275276029784,-0.7217427156047488,1.419533506784684,0.8939241856975975
-0.9540987207341913,-1.0253204627247283,0.9184623749174395,-0.3116456330479107,-0.8938694960355587,1.4216691944759718,-0.19675502477499981,1.1893609257939286,0.8801159939227476,-1.2723354351300666,-0.906537302592761,0,0.8485006101921345,1.385535286160941,-0.7044567776811773,-1.118663099175042
-0.4593197817190531,-1.0253204627247283,-1.1024834589796102,0.0350767474986242,1.2000465540217116,0.32890030757372635,-1.5714626214562195,-0.048482188649015184,-1.5319474151966916,0.8268431012898416,-0.5531114536287216,0,-1.015897958618111,-0.7217427156047488,1.419533506784684,-1.118663099175042
-1.4488776597493296,-1.0253204627247283,-0.06736486112990167,1.6299996980126852,-0.614680689361256,-0.5210310489057984,-1.055947272700762,-0.048482188649015184,-0.8427864411625662,-1.6221985245333848,0.5071660932633962,0,-0.6336291873152907,-0.7217427156047488,1.419533506784684,-1.118663099175042
1.5197959743415,0.975304830396693,-1.1024834589796102,0.31245465193585237,0.7812633440102572,-1.4229990190473345,1.0061141223210675,1.1893609257939286,-0.8427864411625662,0.12711692248320555,1.5674436401555143,0,-1.069549715993945,1.385535286160941,-0.7044567776811773,0.8939241856975975
-1.4488776597493296,0.975304830396693,-0.11665622293226899,-1.4211572507968222,-1.4522471093841642,0.3462458454610632,-1.2277857222859145,-0.048482188649015184,0.19095501988862215,-1.2723354351300666,0.15374024429935695,0,0.6146886902644924,1.385535286160941,-0.7044567776811773,-1.118663099175042
1.0250170353263617,-1.0253204627247283,-0.3138216701417372,-0.8664014419223665,0.08329132732450074,-1.0067061097512406,-0.7122703735304572,-1.286325303091959,1.2246964809398104,-0.2227461669201125,-0.19968560466468235,0,0.020251605702691043,-0.7217427156047488,1.419533506784684,0.8939241856975975
1.0250170353263617,0.975304830396693,-0.8067352881654077,0.7285215085916941,-1.1730583027098613,-0.6424498141171587,1.693467920661677,-1.286325303091959,-0.8427864411625662,-1.6221985245333848,1.214017791191475,0,-0.9300551468167757,-0.7217427156047488,1.419533506784684,0.8939241856975975
-0.9540987207341913,0.975304830396693,-1.201066182584344,1.421966269684764,-0.8938694960355587,0.06871723926366723,1.0061141223210675,1.1893609257939286,-0.15362546712844063,0.12711692248320555,0.5071660932633962,0,-1.2952026955452487,1.385535286160941,-0.7044567776811773,-1.118663099175042
-0.9540987207341913,0.975304830396693,-1.201066182584344,-1.0050903941409806,-0.47508628602410485,-0.052701525947693124,0.14692187439530519,-0.048482188649015184,0.535535506905685,-1.6221985245333848,1.214017791191475,0,-0.8428710410810447,-0.7217427156047488,1.419533506784684,-1.118663099175042
0.035459157296085175,0.975304830396693,-0.36311303194410427,-0.5196790613758315,-0.614680689361256,1.473705808137983,1.0061141223210675,1.1893609257939286,-0.8427864411625662,-0.5726092563234305,1.5674436401555143,0,-0.1977086586366363,-0.7217427156047488,1.419533506784684,0.8939241856975975
-0.4593197817190531,-1.0253204627247283,-1.6939798006080147,1.2139328413568424,-1.4522471093841642,-0.08739260172236762,-0.5404319239453048,-1.286325303091959,1.5692769679568732,0.47698001188652356,1.214017791191475,0,-1.59052790880502,-0.7217427156047488,1.419533506784684,-1.118663099175042
-0.9540987207341913,0.975304830396693,-1.003900735374876,-0.7970569658130597,0.9208577473474087,1.5257424217999953,0.49059877356561,-1.286325303091959,1.5692769679568732,1.1767061906931597,0.15374024429935695,0,-0.7076534280343074,-0.7217427156047488,-0.7044567776811773,-1.118663099175042
1.5197959743415,-1.0253204627247283,-0.2152389465370032,-0.03426772861068253,-1.1730583027098613,-0.9026328824272171,0.3187603239804574,-1.286325303091959,0.535535506905685,-0.9224723457267486,-0.5531114536287216,0,-0.26582124124267625,1.385535286160941,-0.7044567776811773,0.8939241856975975
0.035459157296085175,0.975304830396693,-0.7574439263630407,1.4913107457940706,-0.33549188268695335,-0.2608479805957401,-1.2277857222859145,-1.286325303091959,0.19095501988862215,-0.5726092563234305,-0.906537302592761,0,-1.028998969140117,1.385535286160941,-0.7044567776811773,0.8939241856975975
-1.4488776597493296,-1.0253204627247283,-0.3138216701417372,-1.0050903941409806,-1.4522471093841642,-0.018010450173018628,-1.2277857222859145,1.1893609257939286,1.5692769679568732,0.8268431012898416,-0.906537302592761,0,0.09871730086484892,1.385535286160941,-0.7044567776811773,-1.118663099175042
-1.4488776597493296,0.975304830396693,1.2142105457316417,1.699344174121992,-1.5918415127213155,-0.5036855110184608,1.3497910214913722,1.1893609257939286,-0.15362546712844063,-0.5726092563234305,-1.6133890005208396,0,0.11576228333453087,-0.7217427156047488,1.419533506784684,-1.118663099175042
0.035459157296085175,0.975304830396693,-0.4616957555488383,1.699344174121992,0.2228857306616519,-1.527072246371358,1.1779525719062196,-0.048482188649015184,1.2246964809398104,-0.2227461669201125,-1.2599631515568004,0,-0.8834263441985646,-0.7217427156047488,-0.7044567776811773,0.8939241856975975
-0.4593197817190531,0.975304830396693,1.509958716545844,0.7978659847010008,1.339640957358863,-1.0934337991879273,0.3187603239804574,1.1893609257939286,-0.15362546712844063,1.5265692800964776,-0.906537302592761,0,0.6741323987206728,1.385535286160941,-0.7044567776811773,-1.118663099175042
1.5197959743415,0.975304830396693,-1.5953970770032808,-1.3518127746875155,-1.4522471093841642,-0.8332507308778688,-0.3685934743601522,-0.048482188649015184,1.5692769679568732,1.1767061906931597,0.5071660932633962,0,-1.1857951903082529,1.385535286160941,-0.7044567776811773,0.8939241856975975
0.5302380963112234,-1.0253204627247283,-1.201066182584344,0.9365549369196149,0.5020745373359549,0.5197012243344357,0.8342756727359149,-0.048482188649015184,0.8801159939227476,-1.6221985245333848,0.5071660932633962,0,-1.2372114577934274,-0.7217427156047488,-0.7044567776811773,0.8939241856975975
-0.4593197817190531,-1.0253204627247283,-0.9053180117701417,1.6299996980126852,0.2228857306616519,-1.475035632709346,-1.055947272700762,-1.286325303091959,0.8801159939227476,1.5265692800964776,-0.906537302592761,0,-1.138900709192822,-0.7217427156047488,-0.7044567776811773,-1.118663099175042
-1.4488776597493296,0.975304830396693,1.460667354743477,1.075243889138229,0.36248013399880336,0.45031907278508665,-0.5404319239453048,1.1893609257939286,1.2246964809398104,1.5265692800964776,-1.2599631515568004,0,0.5106622004661774,-0.7217427156047488,-0.7044567776811773,-1.118663099175042
0.035459157296085175,-1.0253204627247283,0.770588289510338,1.6299996980126852,-0.056303076012650735,0.9706852094052033,0.49059877356561,1.1893609257939286,0.19095501988862215,1.5265692800964776,1.214017791191475,0,-0.1283576654377595,-0.7217427156047488,-0.7044567776811773,0.8939241856975975
1.5197959743415,0.975304830396693,-1.053192097177243,0.6591770324823872,-0.7542750926984075,-0.8505962687652058,1.3497910214913722,-1.286325303091959,-1.1873669281796289,-0.2227461669201125,-1.2599631515568004,0,-1.093112987814413,-0.7217427156047488,-0.7044567776811773,0.8939241856975975
1.5197959743415,0.975304830396693,-1.2503575443867112,-0.7970569658130597,-0.056303076012650735,-0.13942921538437897,-0.3685934743601522,-0.048482188649015184,1.2246964809398104,-0.2227461669201125,1.214017791191475,0,-0.9544008970976967,-0.7217427156047488,1.419533506784684,0.8939241856975975
-0.4593197817190531,-1.0253204627247283,1.608541440150578,-0.7970569658130597,-1.731435916058467,-1.1628159507372762,-0.3685934743601522,-0.048482188649015184,0.8801159939227476,1.1767061906931597,-0.906537302592761,1,1.9078697440376198,-0.7217427156047488,1.419533506784684,-1.118663099175042
0.035459157296085175,-1.0253204627247283,1.1156278221269076,0.5204880802637732,1.0604521506845601,1.0747584367292269,-0.8841088231156097,1.1893609257939286,1.5692769679568732,-1.6221985245333848,1.214017791191475,0,0.5288255558277879,-0.7217427156047488,1.419533506784684,0.8939241856975975
0.5302380963112234,0.975304830396693,1.7071241637553123,-1.2824682985782088,1.2000465540217116,0.12075385292567935,-1.5714626214562195,-1.286325303091959,1.2246964809398104,-1.2723354351300666,0.15374024429935695,0,2.6073451780781842,1.385535286160941,-0.7044567776811773,0.8939241856975975
-1.4488776597493296,-1.0253204627247283,1.3620846311387427,1.699344174121992,1.339640957358863,1.1961772019405879,1.5216294710765244,-0.048482188649015184,0.19095501988862215,0.12711692248320555,1.5674436401555143,0,0.2039259857639216,-0.7217427156047488,-0.7044567776811773,-1.118663099175042
-0.4593197817190531,-1.0253204627247283,-1.4968143533985465,1.5606552219033774,-0.7542750926984075,-0.8159051929905312,-1.5714626214562195,-0.048482188649015184,1.2246964809398104,0.47698001188652356,-1.2599631515568004,0,-1.4904385023043702,-0.7217427156047488,-0.7044567776811773,-1.118663099175042
-0.4593197817190531,-1.0253204627247283,-0.5602784791535724,-1.0050903941409806,0.08329132732450074,0.3635913833484008,0.8342756727359149,1.1893609257939286,-0.4982059541455034,-0.2227461669201125,-1.6133890005208396,0,-0.162835016342344,1.385535286160941,-0.7044567776811773,-1.118663099175042
-0.4593197817190531,0.975304830396693,1.3620846311387427,-1.1437793463595947,1.2000465540217116,1.4216691944759718,0.8342756727359149,-0.048482188649015184,-0.4982059541455034,0.47698001188652356,-0.5531114536287216,0,2.036384050841468,-0.7217427156047488,-0.7044567776811773,-1.118663099175042
-1.4488776597493296,-1.0253204627247283,-1.2996489061890784,1.421966269684764,-1.3126527060470128,0.5890833758837847,0.49059877356561,1.1893609257939286,-0.15362546712844063,-1.6221985245333848,-0.906537302592761,0,-1.3567444172410588,-0.7217427156047488,1.419533506784684,-1.118663099175042
0.5302380963112234,-1.0253204627247283,-0.3138216701417372,1.2139328413568424,-0.614680689361256,0.3809369212357377,1.3497910214913722,1.1893609257939286,-0.8427864411625662,0.47698001188652356,0.5071660932633962,0,-0.6974224354146059,1.385535286160941,-0.7044567776811773,0.8939241856975975
1.0250170353263617,0.975304830396693,-1.5953970770032808,-0.4503345852665248,-0.614680689361256,0.6237744516584591,1.5216294710765244,1.1893609257939286,1.2246964809398104,-0.5726092563234305,1.214017791191475,0,-1.355152820990305,1.385535286160941,-0.7044567776811773,0.8939241856975975
1.5197959743415,0.975304830396693,0.08050922427719942,1.2139328413568424,0.08329132732450074,-1.2668891780612996,-0.024916575189847412,-0.048482188649015184,0.535535506905685,-0.5726092563234305,0.5071660932633962,0,-0.44224944301734465,-0.7217427156047488,1.419533506784684,0.8939241856975975
-0.4593197817190531,0.975304830396693,-1.2996489061890784,-0.4503345852665248,0.7812633440102572,-0.9026328824272171,-1.2277857222859145,-1.286325303091959,1.5692769679568732,1.1767061906931597,-0.5531114536287216,0,-1.0845814583621747,-0.7217427156047488,1.419533506784684,-1.118663099175042
1.0250170353263617,-1.0253204627247283,1.2142105457316417,-0.10361220471998989,-0.1958974793498019,-0.7638685793285199,-0.8841088231156097,1.1893609257939286,1.5692769679568732,-1.6221985245333848,0.8605919422274356,0,0.9647460845064425,-0.7217427156047488,-0.7044567776811773,0.8939241856975975
-0.4593197817190531,0.975304830396693,0.8198796513127053,-0.10361220471998989,-0.056303076012650735,-1.2668891780612996,0.14692187439530519,-1.286325303091959,1.2246964809398104,0.12711692248320555,-1.2599631515568004,0,0.6326161578941344,-0.7217427156047488,1.419533506784684,-1.118663099175042
-0.9540987207341913,0.975304830396693,-0.6588612027583065,1.075243889138229,-0.614680689361256,-0.8505962687652058,0.14692187439530519,-1.286325303091959,-1.1873669281796289,0.47698001188652356,-0.19968560466468235,0,-0.8951815045224834,-0.7217427156047488,1.419533506784684,-1.118663099175042
1.0250170353263617,-1.0253204627247283,-0.018073499327534787,1.0058994130289223,-0.47508628602410485,-1.0587427234132527,-1.5714626214562195,-1.286325303091959,0.535535506905685,1.1767061906931597,-1.6133890005208396,0,-0.45153580191787823,-0.7217427156047488,-0.7044567776811773,0.8939241856975975
-0.9540987207341913,-1.0253204627247283,-1.6939798006080147,-0.24230115693860396,1.0604521506845601,-0.33023013214508906,1.3497910214913722,-1.286325303091959,-0.4982059541455034,1.5265692800964776,-0.906537302592761,0,-1.4697390537973,-0.7217427156047488,-0.7044567776811773,-1.118663099175042
-1.4488776597493296,0.975304830396693,0.6720055659056042,1.075243889138229,1.479235360696014,0.3809369212357377,1.0061141223210675,1.1893609257939286,-1.1873669281796289,0.8268431012898416,0.8605919422274356,0,-0.012442433948207926,1.385535286160941,-0.7044567776811773,-1.118663099175042
0.5302380963112234,0.975304830396693,0.2776746714866674,-1.0050903941409806,0.6416689406731063,1.0227218230672155,0.3187603239804574,-1.286325303091959,0.19095501988862215,-0.9224723457267486,1.214017791191475,0,0.7264428621621114,-0.7217427156047488,-0.7044567776811773,0.8939241856975975
-0.4593197817190531,0.975304830396693,-1.4475229915961794,0.31245465193585237,0.7812633440102572,0.29420923179905184,-0.19675502477499981,1.1893609257939286,-0.8427864411625662,-1.6221985245333848,-0.19968560466468235,0,-1.3348926464939956,1.385535286160941,-0.7044567776811773,-1.118663099175042
-0.4593197817190531,-1.0253204627247283,1.312793269336376,1.075243889138229,-0.47508628602410485,1.126795050391239,-1.055947272700762,1.1893609257939286,1.5692769679568732,-0.2227461669201125,0.5071660932633962,0,0.41258008151348013,-0.7217427156047488,1.419533506784684,-1.118663099175042
0.5302380963112234,-1.0253204627247283,-1.5461057152009137,0.31245465193585237,0.9208577473474087,0.12075385292567935,1.5216294710765244,1.1893609257939286,-0.4982059541455034,1.5265692800964776,0.8605919422274356,0,-1.410704912351153,1.385535286160941,-0.7044567776811773,0.8939241856975975
0.5302380963112234,-1.0253204627247283,1.0170450985221733,1.075243889138229,0.6416689406731063,-1.3536168674979856,-0.024916575189847412,-1.286325303091959,1.5692769679568732,0.8268431012898416,1.5674436401555143,0,0.21641584360808544,1.385535286160941,-0.7044567776811773,0.8939241856975975
-0.4593197817190531,-1.0253204627247283,-0.5109871173512054,-0.10361220471998989,-1.3126527060470128,-0.4863399731311239,1.3497910214913722,-1.286325303091959,0.535535506905685,-0.5726092563234305,-1.2599631515568004,0,-0.4883223444224058,1.385535286160941,-0.7044567776811773,-1.118663099175042
0.5302380963112234,-1.0253204627247283,0.4255487568937689,-0.10361220471998989,1.479235360696014,0.12075385292567935,-0.3685934743601522,-0.048482188649015184,-0.8427864411625662,0.47698001188652356,1.214017791191475,0,0.3004862312818262,-0.7217427156047488,-0.7044567776811773,0.8939241856975975
0.035459157296085175,-1.0253204627247283,-0.1659475847346359,0.58983255637308,-0.8938694960355587,0.19013600447502835,1.0061141223210675,1.1893609257939286,-1.5319474151966916,0.12711692248320555,-1.2599631515568004,0,-0.4365692222961727,-0.7217427156047488,-0.7044567776811773,0.8939241856975975
-1.4488776597493296,0.975304830396693,-1.003900735374876,1.2832773174661503,-0.1958974793498019,-0.13942921538437897,-0.7122703735304572,-1.286325303091959,1.5692769679568732,-1.2723354351300666,0.15374024429935695,0,-1.15358258899224,1.385535286160941,-0.7044567776811773,-1.118663099175042
0.035459157296085175,-1.0253204627247283,-0.36311303194410427,-0.3116456330479107,1.758424167370317,-1.5444177842586948,-1.3996241718710671,-0.048482188649015184,0.535535506905685,1.1767061906931597,-1.6133890005208396,0,-0.28489276437236716,-0.7217427156047488,1.419533506784684,0.8939241856975975
-1.4488776597493296,0.975304830396693,-1.3489402679914455,1.699344174121992,-0.7542750926984075,1.1788316640532503,-1.5714626214562195,1.1893609257939286,-1.1873669281796289,0.8268431012898416,1.214017791191475,0,-1.4124085587749093,1.385535286160941,-0.7044567776811773,-1.118663099175042
-0.9540987207341913,0.975304830396693,0.4255487568937689,-0.5890235374851389,0.08329132732450074,0.03402616348899273,-0.19675502477499981,-0.048482188649015184,1.5692769679568732,0.12711692248320555,0.8605919422274356,0,0.5807208568609614,1.385535286160941,-0.7044567776811773,-1.118663099175042
-0.9540987207341913,-1.0253204627247283,1.5592500783482113,-0.24230115693860396,-1.3126527060470128,0.8319209063065062,0.8342756727359149,1.1893609257939286,1.2246964809398104,1.5265692800964776,1.214017791191475,0,1.3601712635264243,1.385535286160941,-0.7044567776811773,-1.118663099175042
1.0250170353263617,-1.0253204627247283,-0.2152389465370032,1.075243889138229,-0.056303076012650735,-1.2148525643992876,0.6624372231507623,-0.048482188649015184,-1.1873669281796289,-1.6221985245333848,1.5674436401555143,0,-0.6009351476643917,1.385535286160941,-0.7044567776811773,0.8939241856975975
-0.4593197817190531,-1.0253204627247283,1.0170450985221733,-1.0744348702502873,1.758424167370317,-0.0006649122856809947,-0.19675502477499981,1.1893609257939286,-0.4982059541455034,0.8268431012898416,-0.906537302592761,0,1.581558805357871,-0.7217427156047488,-0.7044567776811773,-1.118663099175042
0.035459157296085175,0.975304830396693,-1.1024834589796102,-1.6291906791247437,-1.3126527060470128,0.32890030757372635,1.1779525719062196,1.1893609257939286,-0.15362546712844063,-0.9224723457267486,0.8605919422274356,0,-0.4741460670670023,-0.7217427156047488,-0.7044567776811773,0.8939241856975975
0.5302380963112234,-1.0253204627247283,1.460667354743477,-0.3809901091572174,1.6188297640331655,1.2482138156025993,1.1779525719062196,-0.048482188649015184,-0.8427864411625662,-1.6221985245333848,1.5674436401555143,0,1.383426818265602,1.385535286160941,-0.7044567776811773,0.8939241856975975
1.0250170353263617,0.975304830396693,1.2635019075340086,1.075243889138229,1.6188297640331655,-0.6944864277791709,0.3187603239804574,-1.286325303091959,1.5692769679568732,0.8268431012898416,-0.19968560466468235,0,0.3798860418625809,1.385535286160941,-0.7044567776811773,0.8939241856975975
0.5302380963112234,-1.0253204627247283,-1.3982316297938124,-0.10361220471998989,-0.33549188268695335,-0.5730676625678098,1.3497910214913722,-0.048482188649015184,-1.5319474151966916,-0.5726092563234305,1.5674436401555143,0,-1.2356146793000993,-0.7217427156047488,-0.7044567776811773,0.8939241856975975
-1.4488776597493296,0.975304830396693,1.6578328019529454,-0.4503345852665248,-1.3126527060470128,0.5543923001091101,1.0061141223210675,1.1893609257939286,-0.8427864411625662,0.47698001188652356,-1.2599631515568004,0,1.6211321679191295,1.385535286160941,-0.7044567776811773,-1.118663099175042
0.035459157296085175,-1.0253204627247283,-0.2645303083393701,1.0058994130289223,0.2228857306616519,-0.7465230414411823,-1.5714626214562195,-1.286325303091959,-0.4982059541455034,1.1767061906931597,1.214017791191475,0,-0.6170752431882534,1.385535286160941,-0.7044567776811773,0.8939241856975975
-0.4593197817190531,-1.0253204627247283,-1.6446884388056477,1.1445883652475357,0.36248013399880336,0.5890833758837847,0.8342756727359149,1.1893609257939286,0.535535506905685,-0.9224723457267486,0.8605919422274356,0,-1.553905858970228,-0.7217427156047488,1.419533506784684,-1.118663099175042
1.5197959743415,0.975304830396693,-0.5109871173512054,1.3526217935754572,-0.056303076012650735,-0.9199784203145548,-1.5714626214562195,-1.286325303091959,0.19095501988862215,1.1767061906931597,-0.906537302592761,0,-0.851589451654618,-0.7217427156047488,1.419533506784684,0.8939241856975975
0.5302380963112234,0.975304830396693,-1.6939798006080147,0.24311017582654504,0.36248013399880336,0.7972298305318316,0.49059877356561,1.1893609257939286,0.535535506905685,-1.6221985245333848,-1.2599631515568004,0,-1.5182914366925602,1.385535286160941,-0.7044567776811773,0.8939241856975975
1.5197959743415,-1.0253204627247283,-1.4475229915961794,-1.6291906791247437,-0.1958974793498019,0.27686369391171417,-0.19675502477499981,1.1893609257939286,-1.1873669281796289,0.12711692248320555,-0.5531114536287216,0,-0.9206988037622094,-0.7217427156047488,1.419533506784684,0.8939241856975975
0.035459157296085175,-1.0253204627247283,-1.003900735374876,1.699344174121992,1.6188297640331655,-0.7985596551031944,-1.5714626214562195,-1.286325303091959,0.8801159939227476,0.47698001188652356,-0.906537302592761,0,-1.206693253106331,-0.7217427156047488,1.419533506784684,0.8939241856975975
-0.4593197817190531,0.975304830396693,-0.8560266499677749,0.5204880802637732,0.08329132732450074,-0.13942921538437897,-1.3996241718710671,-0.048482188649015184,-0.15362546712844063,-0.2227461669201125,-0.5531114536287216,0,-0.9242428731010605,1.385535286160941,-0.7044567776811773,-1.118663099175042
-0.4593197817190531,0.975304830396693,-1.1517748207819771,-0.8664014419223665,-0.47508628602410485,-0.6424498141171587,0.8342756727359149,1.1893609257939286,1.5692769679568732,0.47698001188652356,-0.19968560466468235,0,-0.8348232774746697,1.385535286160941,-0.7044567776811773,-1.118663099175042
0.035459157296085175,0.975304830396693,0.1298005860795663,0.24311017582654504,-1.03346389937271,-0.6771408898918333,0.14692187439530519,1.1893609257939286,-1.5319474151966916,-0.2227461669201125,0.15374024429935695,0,-0.09513912247695266,-0.7217427156047488,-0.7044567776811773,0.8939241856975975
1.0250170353263617,-1.0253204627247283,-0.4124043937464712,1.0058994130289223,1.339640957358863,0.2074815423623652,-1.2277857222859145,1.1893609257939286,0.19095501988862215,0.12711692248320555,-0.19968560466468235,0,-0.7163989079504782,-0.7217427156047488,-0.7044567776811773,0.8939241856975975
0.035459157296085175,0.975304830396693,0.4748401186961358,1.2832773174661503,0.7812633440102572,0.8319209063065062,1.0061141223210675,1.1893609257939286,-0.4982059541455034,0.8268431012898416,-0.19968560466468235,0,-0.20821276776142328,1.385535286160941,-0.7044567776811773,0.8939241856975975
0.035459157296085175,0.975304830396693,-1.003900735374876,0.24311017582654504,-1.03346389937271,1.3522870429266227,-0.024916575189847412,-1.286325303091959,-0.8427864411625662,1.1767061906931597,1.214017791191475,0,-0.9798013718542221,1.385535286160941,-0.7044567776811773,0.8939241856975975
1.0250170353263617,-1.0253204627247283,-1.2996489061890784,-0.4503345852665248,-0.056303076012650735,0.918648595743192,-1.3996241718710671,-0.048482188649015184,0.19095501988862215,-0.2227461669201125,-1.6133890005208396,0,-1.0845814583621747,-0.7217427156047488,1.419533506784684,0.8939241856975975
-1.4488776597493296,0.975304830396693,0.6720055659056042,0.7285215085916941,-0.47508628602410485,-0.7118319656665077,0.3187603239804574,-0.048482188649015184,0.19095501988862215,-1.2723354351300666,0.8605919422274356,0,0.11615412201199521,1.385535286160941,-0.7044567776811773,-1.118663099175042
-1.4488776597493296,-1.0253204627247283,0.9677537367198064,1.2832773174661503,-1.5918415127213155,0.10340831503834172,-1.2277857222859145,-1.286325303091959,-1.1873669281796289,0.47698001188652356,0.8605919422274356,0,0.10691050598218252,-0.7217427156047488,1.419533506784684,-1.118663099175042
-0.4593197817190531,0.975304830396693,1.460667354743477,1.1445883652475357,1.0604521506845601,0.9880307472925409,0.3187603239804574,1.1893609257939286,0.19095501988862215,0.8268431012898416,1.5674436401555143,0,0.4803899415301597,1.385535286160941,-0.7044567776811773,-1.118663099175042
1.5197959743415,0.975304830396693,0.1790919478819336,-1.3518127746875155,1.6188297640331655,1.5430879596873321,-0.3685934743601522,-0.048482188649015184,-0.15362546712844063,-0.2227461669201125,0.15374024429935695,0,0.9066233473492888,-0.7217427156047488,1.419533506784684,0.8939241856975975
-1.4488776597493296,0.975304830396693,-1.1517748207819771,-0.7970569658130597,-0.47508628602410485,1.6991978006733677,-1.7433010710413719,-0.048482188649015184,-1.5319474151966916,1.5265692800964776,0.5071660932633962,0,-0.8557019094723409,-0.7217427156047488,1.419533506784684,-1.118663099175042
-0.9540987207341913,0.975304830396693,0.6227142041032369,0.31245465193585237,-1.4522471093841642,0.03402616348899273,1.5216294710765244,-1.286325303091959,1.2246964809398104,1.1767061906931597,-0.5531114536287216,0,0.2571649365063075,-0.7217427156047488,-0.7044567776811773,-1.118663099175042
-0.9540987207341913,0.975304830396693,-1.5953970770032808,1.421966269684764,-1.1730583027098613,1.2482138156025993,-0.5404319239453048,-1.286325303091959,-0.8427864411625662,-0.9224723457267486,0.15374024429935695,0,-1.5413695823284888,1.385535286160941,-0.7044567776811773,-1.118663099175042
1.5197959743415,-1.0253204627247283,-0.8560266499677749,-1.1437793463595947,-0.056303076012650735,-0.33023013214508906,-0.7122703735304572,-0.048482188649015184,-0.15362546712844063,0.47698001188652356,-0.5531114536287216,0,-0.41566892297596336,-0.7217427156047488,1.419533506784684,0.8939241856975975
1.5197959743415,-1.0253204627247283,-0.2645303083393701,0.0350767474986242,0.9208577473474087,1.1788316640532503,-0.7122703735304572,-0.048482188649015184,-0.4982059541455034,0.12711692248320555,-0.5531114536287216,0,-0.3318380520762221,-0.7217427156047488,1.419533506784684,0.8939241856975975
-0.9540987207341913,-1.0253204627247283,-1.3982316297938124,-1.0744348702502873,-0.1958974793498019,-1.0934337991879273,1.1779525719062196,-1.286325303091959,-0.8427864411625662,-1.6221985245333848,0.15374024429935695,0,-1.0339643667140552,-0.7217427156047488,1.419533506784684,-1.118663099175042
1.0250170353263617,-1.0253204627247283,-1.5461057152009137,-0.24230115693860396,-0.1958974793498019,-0.7465230414411823,0.3187603239804574,-1.286325303091959,-1.1873669281796289,0.47698001188652356,0.8605919422274356,0,-1.3411067666462217,-0.7217427156047488,1.419533506784684,0.8939241856975975
1.5197959743415,0.975304830396693,-1.1024834589796102,0.0350767474986242,1.758424167370317,0.8839575199685175,-1.5714626214562195,-1.286325303091959,1.2246964809398104,1.5265692800964776,0.8605919422274356,0,-1.015897958618111,-0.7217427156047488,1.419533506784684,0.8939241856975975
-0.9540987207341913,0.975304830396693,-0.36311303194410427,-0.7970569658130597,-1.03346389937271,-1.2321981022866253,0.3187603239804574,-0.048482188649015184,1.2246964809398104,-0.9224723457267486,-1.6133890005208396,0,-0.06611000846949534,1.385535286160941,-0.7044567776811773,-1.118663099175042
-1.4488776597493296,0.975304830396693,0.9184623749174395,-0.9357459180316738,1.0604521506845601,-0.6424498141171587,0.49059877356561,-0.048482188649015184,-0.15362546712844063,-0.5726092563234305,0.5071660932633962,0,1.3408343837586154,-0.7217427156047488,1.419533506784684,-1.118663099175042
1.5197959743415,0.975304830396693,0.721296927707971,0.45114360415446586,-1.1730583027098613,-0.018010450173018628,-1.5714626214562195,-0.048482188649015184,-1.5319474151966916,0.12711692248320555,-0.19968560466468235,0,0.26891049882220547,-0.7217427156047488,-0.7044567776811773,0.8939241856975975
0.035459157296085175,0.975304830396693,-1.2996489061890784,0.9365549369196149,0.5020745373359549,-1.2668891780612996,-1.2277857222859145,-1.286325303091959,0.535535506905685,0.47698001188652356,-0.19968560466468235,0,-1.3042761545132207,1.385535286160941,-0.7044567776811773,0.8939241856975975
0.5302380963112234,0.975304830396693,-1.053192097177243,1.421966269684764,0.9208577473474087,-0.34757567003242595,0.14692187439530519,-0.048482188649015184,-1.5319474151966916,0.12711692248320555,0.5071660932633962,0,-1.2028901130015337,-0.7217427156047488,1.419533506784684,0.8939241856975975
-0.9540987207341913,-1.0253204627247283,-0.9053180117701417,-0.9357459180316738,0.9208577473474087,-1.4229990190473345,1.3497910214913722,-1.286325303091959,-0.8427864411625662,1.5265692800964776,0.8605919422274356,0,-0.5567020351955279,1.385535286160941,-0.7044567776811773,-1.118663099175042
-0.9540987207341913,0.975304830396693,-1.4968143533985465,0.5204880802637732,-0.056303076012650735,-0.3996122836944381,-1.7433010710413719,-0.048482188649015184,1.5692769679568732,0.47698001188652356,1.5674436401555143,0,-1.3964901125029363,-0.7217427156047488,-0.7044567776811773,-1.118663099175042
1.0250170353263617,0.975304830396693,1.5592500783482113,0.58983255637308,0.08329132732450074,0.2421726181370397,1.693467920661677,1.1893609257939286,0.535535506905685,1.1767061906931597,0.5071660932633962,0,0.8174487369163947,1.385535286160941,-0.7044567776811773,0.8939241856975975
-1.4488776597493296,0.975304830396693,-0.8067352881654077,-0.9357459180316738,0.6416689406731063,1.4216691944759718,-0.5404319239453048,-0.048482188649015184,0.19095501988862215,0.12711692248320555,1.5674436401555143,0,-0.4541324990358448,-0.7217427156047488,1.419533506784684,-1.118663099175042
0.035459157296085175,0.975304830396693,1.509958716545844,-1.4905017269061296,1.339640957358863,-0.8332507308778688,-1.2277857222859145,1.1893609257939286,-0.8427864411625662,1.1767061906931597,1.5674436401555143,0,2.681394367985175,-0.7217427156047488,1.419533506784684,0.8939241856975975
1.0250170353263617,0.975304830396693,0.57342284230087,1.3526217935754572,0.9208577473474087,-0.2608479805957401,-0.5404319239453048,-0.048482188649015184,-0.15362546712844063,-0.5726092563234305,1.214017791191475,0,-0.16657147801673222,-0.7217427156047488,-0.7044567776811773,0.8939241856975975
1.5197959743415,0.975304830396693,-1.6446884388056477,-1.0050903941409806,-0.33549188268695335,-1.5617633221460325,-0.7122703735304572,1.1893609257939286,-0.15362546712844063,-1.2723354351300666,-1.6133890005208396,0,-1.3136652120539918,-0.7217427156047488,1.419533506784684,0.8939241856975975
0.035459157296085175,-1.0253204627247283,-1.053192097177243,-0.1729566808292966,-0.1958974793498019,-1.0587427234132527,-1.7433010710413719,1.1893609257939286,0.8801159939227476,-0.5726092563234305,1.5674436401555143,0,-0.928930190613734,-0.7217427156047488,-0.7044567776811773,0.8939241856975975
0.5302380963112234,-1.0253204627247283,0.8198796513127053,-0.9357459180316738,0.36248013399880336,1.4390147323633087,1.1779525719062196,1.1893609257939286,0.535535506905685,-0.9224723457267486,-0.19968560466468235,0,1.2382648475989317,-0.7217427156047488,-0.7044567776811773,0.8939241856975975
-0.9540987207341913,-1.0253204627247283,0.08050922427719942,-0.9357459180316738,0.6416689406731063,-1.665836549470056,0.14692187439530519,1.1893609257939286,-1.1873669281796289,1.5265692800964776,0.5071660932633962,0,0.4689933264013061,1.385535286160941,-0.7044567776811773,-1.118663099175042
1.5197959743415,0.975304830396693,0.3762573950914016,0.1737656997172383,-1.4522471093841642,1.0400673609545523,1.3497910214913722,-1.286325303091959,-0.4982059541455034,0.8268431012898416,0.8605919422274356,0,0.12760516873549388,1.385535286160941,-0.7044567776811773,0.8939241856975975
1.5197959743415,-1.0253204627247283,0.721296927707971,-0.3116456330479107,-1.4522471093841642,0.5197012243344357,0.6624372231507623,-0.048482188649015184,-0.4982059541455034,-0.2227461669201125,-1.6133890005208396,0,0.6741323987206728,-0.7217427156047488,1.419533506784684,0.8939241856975975
0.035459157296085175,-1.0253204627247283,1.608541440150578,-1.2131238224689014,0.5020745373359549,-0.8852873445398802,1.693467920661677,-0.048482188649015184,0.8801159939227476,-0.9224723457267486,-1.6133890005208396,0,2.399264703704284,-0.7217427156047488,1.419533506784684,0.8939241856975975
-0.9540987207341913,-1.0253204627247283,-0.06736486112990167,-1.5598462030154363,1.2000465540217116,-1.2321981022866253,0.49059877356561,1.1893609257939286,0.8801159939227476,1.5265692800964776,-0.5531114536287216,0,0.7986811212002884,-0.7217427156047488,-0.7044567776811773,-1.118663099175042
0.5302380963112234,0.975304830396693,1.0663364603245407,0.7978659847010008,0.9208577473474087,1.0400673609545523,-1.055947272700762,1.1893609257939286,1.2246964809398104,-0.2227461669201125,-0.19968560466468235,0,0.364399391501629,1.385535286160941,-0.7044567776811773,0.8939241856975975
-1.4488776597493296,-1.0253204627247283,1.312793269336376,0.6591770324823872,0.6416689406731063,0.7451932168698195,-1.5714626214562195,-0.048482188649015184,0.8801159939227476,1.1767061906931597,0.15374024429935695,0,0.6034425832592691,-0.7217427156047488,1.419533506784684,-1.118663099175042
1.0250170353263617,0.975304830396693,0.770588289510338,-1.4211572507968222,0.5020745373359549,-1.318925791723311,-0.024916575189847412,-0.048482188649015184,0.8801159939227476,-1.2723354351300666,-0.19968560466468235,0,1.684675442475735,-0.7217427156047488,-0.7044567776811773,0.8939241856975975
0.035459157296085175,0.975304830396693,0.4255487568937689,1.5606552219033774,0.2228857306616519,-0.5557221246804729,0.49059877356561,-0.048482188649015184,-1.5319474151966916,-0.2227461669201125,0.5071660932633962,0,-0.3179625975824716,-0.7217427156047488,1.419533506784684,0.8939241856975975
1.5197959743415,0.975304830396693,-0.9053180117701417,0.8672104608103081,-1.4522471093841642,-1.3362713296106479,-1.055947272700762,1.1893609257939286,1.5692769679568732,0.8268431012898416,0.5071660932633962,0,-1.0242592714559031,-0.7217427156047488,-0.7044567776811773,0.8939241856975975
-1.4488776597493296,-1.0253204627247283,1.6578328019529454,0.5204880802637732,-0.33549188268695335,-1.0934337991879273,-1.3996241718710671,1.1893609257939286,-1.1873669281796289,0.12711692248320555,0.8605919422274356,0,0.9284193737832215,1.385535286160941,-0.7044567776811773,-1.118663099175042
-1.4488776597493296,0.975304830396693,0.031217862474832096,0.58983255637308,-0.1958974793498019,-0.13942921538437897,-1.055947272700762,-0.048482188649015184,1.5692769679568732,-0.2227461669201125,0.5071660932633962,0,-0.293252884100451,-0.7217427156047488,1.419533506784684,-1.118663099175042
-1.4488776597493296,0.975304830396693,0.5241314804985027,-1.2824682985782088,0.2228857306616519,-0.7812141172158568,-1.5714626214562195,-0.048482188649015184,-0.15362546712844063,-0.2227461669201125,0.15374024429935695,0,1.2427243926493527,1.385535286160941,-0.7044567776811773,-1.118663099175042
0.5302380963112234,-1.0253204627247283,0.9677537367198064,-0.03426772861068253,-1.4522471093841642,1.0053762851798778,0.14692187439530519,-0.048482188649015184,-1.1873669281796289,1.1767061906931597,0.15374024429935695,0,0.7149999482842966,-0.7217427156047488,1.419533506784684,0.8939241856975975
1.5197959743415,0.975304830396693,0.6720055659056042,0.5204880802637732,-1.1730583027098613,1.7338888764480422,1.1779525719062196,-0.048482188649015184,0.535535506905685,1.1767061906931597,-0.906537302592761,0,0.20188515931879703,-0.7217427156047488,-0.7044567776811773,0.8939241856975975
1.5197959743415,-1.0253204627247283,-1.6939798006080147,-0.9357459180316738,0.6416689406731063,-1.4923811705966836,-0.19675502477499981,-0.048482188649015184,0.535535506905685,0.47698001188652356,-1.2599631515568004,0,-1.3772583244729955,-0.7217427156047488,1.419533506784684,0.8939241856975975
1.0250170353263617,0.975304830396693,-0.6588612027583065,-0.9357459180316738,-0.7542750926984075,0.9533396715178665,0.49059877356561,-0.048482188649015184,0.19095501988862215,-1.2723354351300666,0.8605919422274356,0,-0.30027819479631934,-0.7217427156047488,1.419533506784684,0.8939241856975975
-0.9540987207341913,0.975304830396693,0.9677537367198064,-0.7970569658130597,1.339640957358863,1.3869781187012973,-0.3685934743601522,-0.048482188649015184,0.8801159939227476,0.12711692248320555,-0.5531114536287216,0,1.2663263244728071,1.385535286160941,-0.7044567776811773,-1.118663099175042
0.5302380963112234,-1.0253204627247283,1.3620846311387427,-0.1729566808292966,-1.03346389937271,-1.6831820873573928,-1.3996241718710671,-0.048482188649015184,-1.5319474151966916,0.12711692248320555,-0.906537302592761,0,1.1381768324753692,1.385535286160941,-0.7044567776811773,0.8939241856975975
0.5302380963112234,0.975304830396693,-1.4968143533985465,-0.6583680135944456,-0.056303076012650735,-0.10473813960970448,-0.5404319239453048,-0.048482188649015184,-0.4982059541455034,1.1767061906931597,1.214017791191475,0,-1.2280662718770923,-0.7217427156047488,1.419533506784684,0.8939241856975975
0.035459157296085175,0.975304830396693,-0.36311303194410427,0.24311017582654504,0.9208577473474087,0.19013600447502835,1.0061141223210675,-0.048482188649015184,0.19095501988862215,1.5265692800964776,-0.5531114536287216,0,-0.47977488307576555,1.385535286160941,-0.7044567776811773,0.8939241856975975
-1.4488776597493296,-1.0253204627247283,-0.4616957555488383,1.4913107457940706,1.479235360696014,0.502355686447098,-0.5404319239453048,-1.286325303091959,1.5692769679568732,-0.9224723457267486,-0.19968560466468235,0,-0.8465206082978893,-0.7217427156047488,1.419533506784684,-1.118663099175042
-0.4593197817190531,0.975304830396693,-0.4616957555488383,-1.4905017269061296,1.6188297640331655,-1.3709624053853224,-0.024916575189847412,-1.286325303091959,1.5692769679568732,1.1767061906931597,0.5071660932633962,0,0.2483495567554755,-0.7217427156047488,1.419533506784684,-1.118663099175042
0.5302380963112234,-1.0253204627247283,0.3762573950914016,0.6591770324823872,-0.7542750926984075,0.7278476789824826,0.14692187439530519,-1.286325303091959,0.19095501988862215,-0.9224723457267486,0.5071660932633962,0,-0.0681106636240635,1.385535286160941,-0.7044567776811773,0.8939241856975975
1.5197959743415,0.975304830396693,-0.06736486112990167,-1.4905017269061296,-1.3126527060470128,-0.9546694960892292,-0.024916575189847412,-1.286325303091959,1.2246964809398104,1.1767061906931597,0.5071660932633962,0,0.7349585190014154,-0.7217427156047488,1.419533506784684,0.8939241856975975
1.0250170353263617,0.975304830396693,1.5592500783482113,-1.2131238224689014,-0.47508628602410485,0.08606277715100485,-0.7122703735304572,1.1893609257939286,1.2246964809398104,0.12711692248320555,0.15374024429935695,0,2.3436152745112646,-0.7217427156047488,1.419533506784684,0.8939241856975975
-0.9540987207341913,-1.0253204627247283,1.2635019075340086,-1.3518127746875155,0.9208577473474087,0.9359941336305289,-1.055947272700762,-1.286325303091959,-0.8427864411625662,-0.5726092563234305,-0.5531114536287216,0,2.1853235648066747,-0.7217427156047488,1.419533506784684,-1.118663099175042
0.035459157296085175,0.975304830396693,0.1790919478819336,0.24311017582654504,-1.03346389937271,0.32890030757372635,1.5216294710765244,-1.286325303091959,0.535535506905685,-0.5726092563234305,0.8605919422274356,0,-0.05667554641707124,1.385535286160941,-0.7044567776811773,0.8939241856975975
1.5197959743415,0.975304830396693,0.031217862474832096,1.699344174121992,0.2228857306616519,-0.8505962687652058,-1.055947272700762,1.1893609257939286,0.8801159939227476,-1.6221985245333848,-0.906537302592761,0,-0.5895473361005955,-0.7217427156047488,-0.7044567776811773,0.8939241856975975
1.5197959743415,0.975304830396693,-1.3489402679914455,0.0350767474986242,1.2000465540217116,-0.4169578215817749,1.1779525719062196,-1.286325303091959,0.535535506905685,0.12711692248320555,-1.6133890005208396,0,-1.2170920487774897,1.385535286160941,-0.7044567776811773,0.8939241856975975
0.035459157296085175,0.975304830396693,-0.1659475847346359,-0.5196790613758315,-1.03346389937271,-0.38226674580710046,-1.5714626214562195,-1.286325303091959,1.5692769679568732,-0.2227461669201125,1.214017791191475,0,-0.014163172877202838,-0.7217427156047488,-0.7044567776811773,0.8939241856975975
0.035459157296085175,0.975304830396693,-1.4968143533985465,0.1737656997172383,-1.731435916058467,-0.36492120791976357,0.3187603239804574,-0.048482188649015184,-1.5319474151966916,1.1767061906931597,0.15374024429935695,0,-1.35582588408142,-0.7217427156047488,1.419533506784684,0.8939241856975975
1.5197959743415,0.975304830396693,1.2142105457316417,1.699344174121992,1.479235360696014,-0.2608479805957401,-1.055947272700762,-1.286325303091959,0.19095501988862215,0.8268431012898416,0.15374024429935695,0,0.11576228333453087,1.385535286160941,-0.7044567776811773,0.8939241856975975
-0.9540987207341913,-1.0253204627247283,0.9677537367198064,0.9365549369196149,-0.33549188268695335,0.46766461067242354,-0.3685934743601522,1.1893609257939286,1.2246964809398104,-1.2723354351300666,-0.906537302592761,0,0.23821187004201838,-0.7217427156047488,-0.7044567776811773,-1.118663099175042
1.5197959743415,-1.0253204627247283,-0.11665622293226899,-0.3809901091572174,0.5020745373359549,-0.24350244270840246,1.1779525719062196,-1.286325303091959,1.2246964809398104,1.1767061906931597,0.8605919422274356,0,-0.0351620208242567,1.385535286160941,-0.7044567776811773,0.8939241856975975
0.035459157296085175,0.975304830396693,1.312793269336376,0.8672104608103081,1.0604521506845601,-0.7465230414411823,1.1779525719062196,-1.286325303091959,0.8801159939227476,0.47698001188652356,0.15374024429935695,0,0.5042932317030151,-0.7217427156047488,-0.7044567776811773,0.8939241856975975
-1.4488776597493296,0.975304830396693,1.2142105457316417,-1.6291906791247437,0.2228857306616519,-1.1975070265119507,-1.2277857222859145,1.1893609257939286,-0.8427864411625662,1.5265692800964776,0.15374024429935695,0,2.524136593600817,-0.7217427156047488,-0.7044567776811773,-1.118663099175042
1.0250170353263617,-1.0253204627247283,-0.36311303194410427,-0.7277124897037524,-0.056303076012650735,0.12075385292567935,1.5216294710765244,1.1893609257939286,-0.15362546712844063,1.5265692800964776,-0.906537302592761,0,-0.10083743004137989,-0.7217427156047488,-0.7044567776811773,0.8939241856975975
0.5302380963112234,-1.0253204627247283,-0.7574439263630407,0.31245465193585237,0.7812633440102572,0.6064289137711215,-0.7122703735304572,-0.048482188649015184,-0.15362546712844063,-1.2723354351300666,1.214017791191475,0,-0.8042067854938947,1.385535286160941,-0.7044567776811773,0.8939241856975975
-0.9540987207341913,-1.0253204627247283,1.2142105457316417,0.9365549369196149,-0.8938694960355587,1.4216691944759718,0.6624372231507623,1.1893609257939286,1.5692769679568732,-0.5726092563234305,-1.2599631515568004,0,0.40587361184150084,-0.7217427156047488,1.419533506784684,-1.118663099175042
-1.4488776597493296,0.975304830396693,0.031217862474832096,-0.7970569658130597,0.7812633440102572,-0.9893605718639037,-1.3996241718710671,-0.048482188649015184,-0.15362546712844063,1.1767061906931597,-0.19968560466468235,0,0.32868594203192747,-0.7217427156047488,1.419533506784684,-1.118663099175042
0.035459157296085175,0.975304830396693,-0.5602784791535724,1.699344174121992,1.2000465540217116,-0.7812141172158568,1.3497910214913722,-1.286325303091959,0.19095501988862215,-1.2723354351300666,-0.19968560466468235,0,-0.9422021458181585,-0.7217427156047488,-0.7044567776811773,0.8939241856975975
1.5197959743415,-1.0253204627247283,-0.5109871173512054,0.1737656997172383,1.339640957358863,0.710502141095145,0.3187603239804574,-0.048482188649015184,-0.4982059541455034,0.12711692248320555,0.5071660932633962,0,-0.5750726983883073,-0.7217427156047488,1.419533506784684,0.8939241856975975
-0.9540987207341913,-1.0253204627247283,-0.06736486112990167,0.58983255637308,1.339640957358863,0.5370467622217725,0.14692187439530519,-0.048482188649015184,-1.1873669281796289,-1.6221985245333848,1.214017791191475,0,-0.3649110531983117,-0.7217427156047488,-0.7044567776811773,-1.118663099175042
-0.9540987207341913,-1.0253204627247283,-1.3489402679914455,1.2139328413568424,0.6416689406731063,0.641119989545796,1.1779525719062196,-1.286325303091959,1.2246964809398104,-0.2227461669201125,1.5674436401555143,0,-1.3672515404574166,-0.7217427156047488,-0.7044567776811773,-1.118663099175042
0.5302380963112234,0.975304830396693,-0.3138216701417372,0.8672104608103081,-1.03346389937271,-1.5444177842586948,1.3497910214913722,-1.286325303091959,0.535535506905685,-0.5726092563234305,-0.19968560466468235,0,-0.616645270613525,-0.7217427156047488,-0.7044567776811773,0.8939241856975975
-0.9540987207341913,-1.0253204627247283,-0.06736486112990167,-0.5196790613758315,-1.03346389937271,0.3635913833484008,1.5216294710765244,-1.286325303091959,-0.4982059541455034,-1.2723354351300666,-1.2599631515568004,0,0.07760957000251419,-0.7217427156047488,1.419533506784684,-1.118663099175042
-1.4488776597493296,-1.0253204627247283,-1.2503575443867112,1.5606552219033774,0.2228857306616519,-1.2321981022866253,0.3187603239804574,1.1893609257939286,0.535535506905685,0.47698001188652356,1.214017791191475,0,-1.3401210786220754,1.385535286160941,-0.7044567776811773,-1.118663099175042
0.5302380963112234,0.975304830396693,1.312793269336376,1.6299996980126852,1.0604521506845601,1.6991978006733677,1.5216294710765244,-0.048482188649015184,-1.5319474151966916,-0.9224723457267486,1.214017791191475,0,0.19858273107123137,-0.7217427156047488,1.419533506784684,0.8939241856975975
1.5197959743415,0.975304830396693,-0.06736486112990167,-0.03426772861068253,-1.1730583027098613,-0.4689944352437863,-1.3996241718710671,1.1893609257939286,0.19095501988862215,1.1767061906931597,0.8605919422274356,0,-0.14321859255180439,-0.7217427156047488,-0.7044567776811773,0.8939241856975975
-0.9540987207341913,0.975304830396693,1.312793269336376,-1.1437793463595947,-0.47508628602410485,-1.0934337991879273,-1.5714626214562195,-0.048482188649015184,-0.15362546712844063,0.47698001188652356,-1.6133890005208396,0,1.9818939847566361,-0.7217427156047488,1.419533506784684,-1.118663099175042
-1.4488776597493296,0.975304830396693,0.4255487568937689,0.0350767474986242,-1.3126527060470128,0.3115547696863887,-1.2277857222859145,1.1893609257939286,1.5692769679568732,-0.9224723457267486,-0.906537302592761,0,0.2315054003700391,1.385535286160941,-0.7044567776811773,-1.118663099175042
0.035459157296085175,0.975304830396693,-1.4968143533985465,-1.6291906791247437,-0.614680689361256,1.1788316640532503,0.3187603239804574,-1.286325303091959,1.5692769679568732,0.12711692248320555,0.15374024429935695,0,-0.9844920518615247,-0.7217427156047488,1.419533506784684,0.8939241856975975
-0.4593197817190531,-1.0253204627247283,-1.3489402679914455,1.075243889138229,1.479235360696014,0.8666119820811806,-0.7122703735304572,-0.048482188649015184,1.2246964809398104,0.8268431012898416,0.8605919422274356,0,-1.3528980596350706,1.385535286160941,-0.7044567776811773,-1.118663099175042
0.5302380963112234,-1.0253204627247283,-0.4124043937464712,-0.7970569658130597,-1.4522471093841642,-1.5617633221460325,-0.3685934743601522,-1.286325303091959,0.8801159939227476,0.8268431012898416,1.5674436401555143,0,-0.11545950228217292,-0.7217427156047488,1.419533506784684,0.8939241856975975
-1.4488776597493296,0.975304830396693,0.9184623749174395,1.2832773174661503,-0.614680689361256,-1.3536168674979856,0.3187603239804574,-1.286325303091959,-0.4982059541455034,-0.2227461669201125,1.214017791191475,0,0.07539817860782184,-0.7217427156047488,-0.7044567776811773,-1.118663099175042
1.5197959743415,0.975304830396693,0.9184623749174395,0.1737656997172383,0.9208577473474087,-1.3709624053853224,0.49059877356561,-0.048482188649015184,-0.15362546712844063,-1.2723354351300666,-1.2599631515568004,0,0.5570194208667059,-0.7217427156047488,-0.7044567776811773,0.8939241856975975
0.5302380963112234,-1.0253204627247283,-1.6939798006080147,1.7686886502312988,1.6188297640331655,-0.4343033594691118,-0.024916575189847412,1.1893609257939286,-1.1873669281796289,0.8268431012898416,-1.2599631515568004,0,-1.6217157189869076,1.385535286160941,-0.7044567776811773,0.8939241856975975
-1.4488776597493296,0.975304830396693,-1.5953970770032808,0.9365549369196149,1.2000465540217116,0.03402616348899273,-1.2277857222859145,-0.048482188649015184,-1.1873669281796289,1.1767061906931597,1.5674436401555143,0,-1.5054702446725994,-0.7217427156047488,1.419533506784684,-1.118663099175042
0.5302380963112234,-1.0253204627247283,-0.06736486112990167,-0.3116456330479107,-0.7542750926984075,-0.8852873445398802,-0.19675502477499981,1.1893609257939286,0.19095501988862215,-1.2723354351300666,0.15374024429935695,0,-0.02334044716517425,1.385535286160941,-0.7044567776811773,0.8939241856975975
-1.4488776597493296,0.975304830396693,1.608541440150578,-1.0050903941409806,0.08329132732450074,1.0053762851798778,0.8342756727359149,1.1893609257939286,0.8801159939227476,1.5265692800964776,-0.906537302592761,1,2.138825375080952,1.385535286160941,-0.7044567776811773,-1.118663099175042
-0.9540987207341913,-1.0253204627247283,1.1649191839292747,-0.03426772861068253,-1.1730583027098613,-1.6484910115827183,0.49059877356561,1.1893609257939286,-0.15362546712844063,-0.2227461669201125,1.214017791191475,0,0.8784701465387921,-0.7217427156047488,1.419533506784684,-1.118663099175042
-0.9540987207341913,-1.0253204627247283,0.1298005860795663,0.24311017582654504,-1.3126527060470128,0.01668062560165587,-0.19675502477499981,-0.048482188649015184,-0.4982059541455034,-0.9224723457267486,-0.5531114536287216,0,-0.09513912247695266,1.385535286160941,-0.7044567776811773,-1.118663099175042
-1.4488776597493296,0.975304830396693,1.460667354743477,1.4913107457940706,0.2228857306616519,0.5890833758837847,-0.19675502477499981,1.1893609257939286,0.535535506905685,-0.9224723457267486,1.5674436401555143,0,0.3395887371765891,1.385535286160941,-0.7044567776811773,-1.118663099175042
-0.4593197817190531,-1.0253204627247283,1.0663364603245407,0.3817991280451591,0.6416689406731063,-0.6597953520044965,-0.5404319239453048,-1.286325303091959,-1.1873669281796289,0.47698001188652356,0.8605919422274356,0,0.5620385484890189,1.385535286160941,-0.7044567776811773,-1.118663099175042
-0.9540987207341913,0.975304830396693,-0.36311303194410427,-1.1437793463595947,0.2228857306616519,1.6991978006733677,-1.3996241718710671,-1.286325303091959,-0.4982059541455034,0.12711692248320555,0.15374024429935695,0,0.12923173787235456,1.385535286160941,-0.7044567776811773,-1.118663099175042
-0.4593197817190531,0.975304830396693,-0.7574439263630407,1.4913107457940706,-0.33549188268695335,0.48501014855976116,-0.3685934743601522,1.1893609257939286,1.5692769679568732,1.5265692800964776,-0.5531114536287216,0,-1.028998969140117,1.385535286160941,-0.7044567776811773,-1.118663099175042
0.5302380963112234,0.975304830396693,1.608541440150578,0.45114360415446586,-1.3126527060470128,-0.34757567003242595,0.6624372231507623,1.1893609257939286,1.2246964809398104,-0.5726092563234305,-1.2599631515568004,0,0.9320008804742432,-0.7217427156047488,1.419533506784684,0.8939241856975975
-0.9540987207341913,-1.0253204627247283,1.608541440150578,-1.4905017269061296,1.2000465540217116,0.5890833758837847,1.693467920661677,-1.286325303091959,-0.8427864411625662,0.47698001188652356,-0.906537302592761,0,2.80304660854666,1.385535286160941,-0.7044567776811773,-1.118663099175042
-0.4593197817190531,-1.0253204627247283,1.0170450985221733,1.7686886502312988,-0.33549188268695335,0.08606277715100485,0.8342756727359149,-0.048482188649015184,-0.4982059541455034,-1.2723354351300666,0.5071660932633962,0,-0.02334044716517454,-0.7217427156047488,1.419533506784684,-1.118663099175042
-1.4488776597493296,-1.0253204627247283,1.3620846311387427,-0.03426772861068253,0.7812633440102572,-0.7985596551031944,-0.5404319239453048,-0.048482188649015184,1.2246964809398104,1.1767061906931597,-0.5531114536287216,0,1.0419403447932876,1.385535286160941,-0.7044567776811773,-1.118663099175042
1.5197959743415,0.975304830396693,1.0170450985221733,-1.4211572507968222,-0.8938694960355587,-1.2148525643992876,-0.024916575189847412,-0.048482188649015184,0.19095501988862215,0.8268431012898416,-0.19968560466468235,0,1.9818939847566357,1.385535286160941,-0.7044567776811773,0.8939241856975975
1.5197959743415,-1.0253204627247283,0.5241314804985027,1.1445883652475357,1.758424167370317,-0.4169578215817749,-0.5404319239453048,1.1893609257939286,0.19095501988862215,-0.9224723457267486,-0.5531114536287216,0,-0.13312783957313193,-0.7217427156047488,1.419533506784684,0.8939241856975975
-1.4488776597493296,-1.0253204627247283,1.7071241637553123,-0.7277124897037524,1.479235360696014,0.19013600447502835,1.5216294710765244,-1.286325303091959,0.19095501988862215,1.5265692800964776,1.5674436401555143,0,1.9334583704590078,1.385535286160941,-0.7044567776811773,-1.118663099175042
-1.4488776597493296,-1.0253204627247283,-1.5953970770032808,1.699344174121992,1.2000465540217116,0.9533396715178665,0.3187603239804574,-1.286325303091959,0.8801159939227476,-0.2227461669201125,-1.2599631515568004,0,-1.559348062823894,1.385535286160941,-0.7044567776811773,-1.118663099175042
-0.4593197817190531,-1.0253204627247283,0.6720055659056042,0.31245465193585237,-0.47508628602410485,1.0921039746165644,0.8342756727359149,1.1893609257939286,-0.8427864411625662,1.1767061906931597,-1.6133890005208396,0,0.2950710694348863,-0.7217427156047488,-0.7044567776811773,-1.118663099175042
-0.9540987207341913,-1.0253204627247283,-1.2503575443867112,1.6299996980126852,-1.1730583027098613,1.0747584367292269,-0.5404319239453048,-1.286325303091959,1.5692769679568732,-1.2723354351300666,-0.906537302592761,0,-1.3469536887894524,1.385535286160941,-0.7044567776811773,-1.118663099175042
1.5197959743415,-1.0253204627247283,-1.5461057152009137,0.10442122360793094,0.08329132732450074,0.13809939081301623,-1.7433010710413719,-0.048482188649015184,-0.15362546712844063,-1.2723354351300666,0.15374024429935695,0,-1.3865828277602392,1.385535286160941,-0.7044567776811773,0.8939241856975975
-1.4488776597493296,-1.0253204627247283,0.9184623749174395,0.1737656997172383,-1.3126527060470128,1.5777790354620067,1.5216294710765244,-1.286325303091959,-0.8427864411625662,-0.9224723457267486,1.5674436401555143,0,0.5570194208667059,-0.7217427156047488,-0.7044567776811773,-1.118663099175042
-0.4593197817190531,0.975304830396693,1.509958716545844,1.0058994130289223,-1.3126527060470128,0.9706852094052033,1.5216294710765244,-1.286325303091959,1.5692769679568732,0.8268431012898416,0.15374024429935695,0,0.5748087339584474,-0.7217427156047488,1.419533506784684,-1.118663099175042
0.035459157296085175,0.975304830396693,1.6578328019529454,-0.6583680135944456,-1.5918415127213155,1.1441405882785758,0.6624372231507623,-0.048482188649015184,-1.5319474151966916,-0.5726092563234305,-1.6133890005208396,0,1.8154516010793322,-0.7217427156047488,-0.7044567776811773,0.8939241856975975
-0.4593197817190531,0.975304830396693,0.2776746714866674,-1.6291906791247437,1.479235360696014,1.3869781187012973,-0.3685934743601522,1.1893609257939286,1.2246964809398104,0.47698001188652356,-0.906537302592761,1,1.3120648797138257,1.385535286160941,-0.7044567776811773,-1.118663099175042
1.0250170353263617,0.975304830396693,0.9184623749174395,0.6591770324823872,-0.33549188268695335,-0.12208367749704212,-0.7122703735304572,-0.048482188649015184,1.2246964809398104,-1.2723354351300666,-0.19968560466468235,0,0.32068332141365574,-0.7217427156047488,1.419533506784684,0.8939241856975975
-1.4488776597493296,-1.0253204627247283,1.312793269336376,0.1737656997172383,-1.1730583027098613,-1.0934337991879273,-0.7122703735304572,-0.048482188649015184,0.8801159939227476,0.8268431012898416,-1.6133890005208396,0,0.8693206951439508,-0.7217427156047488,-0.7044567776811773,-1.118663099175042
1.0250170353263617,-1.0253204627247283,-0.8067352881654077,-1.2824682985782088,0.7812633440102572,0.06871723926366723,-1.2277857222859145,-0.048482188649015184,0.19095501988862215,-1.6221985245333848,1.214017791191475,0,-0.29247399095808274,-0.7217427156047488,-0.7044567776811773,0.8939241856975975
1.5197959743415,0.975304830396693,-1.4968143533985465,0.58983255637308,1.339640957358863,-0.6597953520044965,-0.19675502477499981,-0.048482188649015184,-0.15362546712844063,0.47698001188652356,1.5674436401555143,0,-1.4039545051172964,1.385535286160941,-0.7044567776811773,0.8939241856975975
-0.9540987207341913,0.975304830396693,0.4255487568937689,1.1445883652475357,0.08329132732450074,-0.7985596551031944,-0.19675502477499981,1.1893609257939286,-0.15362546712844063,0.8268431012898416,0.8605919422274356,0,-0.197708658636636,-0.7217427156047488,-0.7044567776811773,-1.118663099175042
-1.4488776597493296,0.975304830396693,1.312793269336376,-1.6291906791247437,-0.614680689361256,-0.8679418066525426,1.3497910214913722,1.1893609257939286,-0.15362546712844063,-0.2227461669201125,-0.5531114536287216,0,2.6517230897994475,-0.7217427156047488,1.419533506784684,-1.118663099175042
-0.4593197817190531,-1.0253204627247283,1.2142105457316417,-0.3809901091572174,-0.614680689361256,-0.13942921538437897,0.3187603239804574,-0.048482188649015184,1.5692769679568732,-1.2723354351300666,0.15374024429935695,0,1.1617723121578116,1.385535286160941,-0.7044567776811773,-1.118663099175042
0.5302380963112234,-1.0253204627247283,1.460667354743477,0.1737656997172383,-0.8938694960355587,1.3522870429266227,-0.7122703735304572,-1.286325303091959,-0.8427864411625662,0.8268431012898416,0.15374024429935695,0,0.9864336729979175,-0.7217427156047488,1.419533506784684,0.8939241856975975
-0.9540987207341913,0.975304830396693,-1.5461057152009137,0.3817991280451591,0.08329132732450074,-0.5210310489057984,-0.19675502477499981,-0.048482188649015184,1.5692769679568732,-0.5726092563234305,-1.2599631515568004,0,-1.4182861389368688,-0.7217427156047488,-0.7044567776811773,-1.118663099175042
0.035459157296085175,-1.0253204627247283,0.770588289510338,1.1445883652475357,-0.47508628602410485,0.48501014855976116,1.0061141223210675,-0.048482188649015184,1.5692769679568732,-1.6221985245333848,-0.5531114536287216,0,0.028324208085629125,1.385535286160941,-0.7044567776811773,0.8939241856975975
0.035459157296085175,-1.0253204627247283,-1.5461057152009137,-0.8664014419223665,-0.056303076012650735,1.4390147323633087,-0.5404319239453048,-0.048482188649015184,1.5692769679568732,-0.5726092563234305,-0.906537302592761,0,-1.2372114577934277,-0.7217427156047488,-0.7044567776811773,0.8939241856975975
-1.4488776597493296,0.975304830396693,0.4255487568937689,-1.6291906791247437,0.36248013399880336,1.4390147323633087,1.5216294710765244,1.1893609257939286,0.19095501988862215,1.5265692800964776,0.8605919422274356,0,1.5034446240117723,1.385535286160941,-0.7044567776811773,-1.118663099175042
-1.4488776597493296,-1.0253204627247283,-1.201066182584344,1.2139328413568424,-1.1730583027098613,-0.8852873445398802,-0.8841088231156097,-1.286325303091959,-1.1873669281796289,0.47698001188652356,0.15374024429935695,0,-1.2715616683084436,1.385535286160941,-0.7044567776811773,-1.118663099175042
-0.9540987207341913,0.975304830396693,0.2283833096843005,-1.4905017269061296,-0.8938694960355587,1.4043236565886341,-1.055947272700762,1.1893609257939286,1.2246964809398104,-0.5726092563234305,1.5674436401555143,0,1.0999152406858703,-0.7217427156047488,-0.7044567776811773,-1.118663099175042
-1.4488776597493296,-1.0253204627247283,-0.06736486112990167,-1.4905017269061296,0.2228857306616519,0.9013030578558543,-0.19675502477499981,1.1893609257939286,0.8801159939227476,-0.5726092563234305,-0.906537302592761,0,0.7349585190014154,1.385535286160941,-0.7044567776811773,-1.118663099175042
-1.4488776597493296,0.975304830396693,-0.5602784791535724,1.4913107457940706,-1.3126527060470128,0.15544492870035384,-1.055947272700762,-0.048482188649015184,0.535535506905685,1.5265692800964776,0.15374024429935695,0,-0.907346728578632,-0.7217427156047488,-0.7044567776811773,-1.118663099175042
1.0250170353263617,0.975304830396693,-1.6446884388056477,-0.03426772861068253,-0.614680689361256,0.06871723926366723,-0.024916575189847412,-0.048482188649015184,-0.15362546712844063,1.1767061906931597,1.5674436401555143,0,-1.4509801785877678,1.385535286160941,-0.7044567776811773,0.8939241856975975
-0.9540987207341913,0.975304830396693,0.4748401186961358,0.58983255637308,-0.47508628602410485,-0.6597953520044965,0.3187603239804574,-1.286325303091959,-0.15362546712844063,0.47698001188652356,-1.6133890005208396,0,0.029208876839923705,-0.7217427156047488,1.419533506784684,-1.118663099175042
-0.4593197817190531,0.975304830396693,-1.1024834589796102,0.9365549369196149,1.758424167370317,-1.1975070265119507,0.6624372231507623,1.1893609257939286,-0.4982059541455034,1.1767061906931597,1.5674436401555143,0,-1.1701467610736347,-0.7217427156047488,-0.7044567776811773,-1.118663099175042
-1.4488776597493296,-1.0253204627247283,-1.5461057152009137,0.6591770324823872,-1.731435916058467,-1.1628159507372762,0.49059877356561,-0.048482188649015184,-0.8427864411625662,-1.2723354351300666,0.15374024429935695,0,-1.4465620651214302,-0.7217427156047488,-0.7044567776811773,-1.118663099175042
-1.4488776597493296,-1.0253204627247283,-0.7574439263630407,0.3817991280451591,-1.1730583027098613,-0.4516488973564494,1.1779525719062196,-1.286325303091959,-0.15362546712844063,0.12711692248320555,1.214017791191475,0,-0.8204522710347141,1.385535286160941,-0.7044567776811773,-1.118663099175042
-0.9540987207341913,0.975304830396693,-0.8560266499677749,-1.0050903941409806,1.0604521506845601,1.612470111236681,1.3497910214913722,-1.286325303091959,-1.5319474151966916,-0.9224723457267486,-0.5531114536287216,0,-0.4766977969909752,1.385535286160941,-0.7044567776811773,-1.118663099175042
-0.9540987207341913,0.975304830396693,1.2142105457316417,0.31245465193585237,-1.03346389937271,1.6298156491240188,0.14692187439530519,-1.286325303091959,1.2246964809398104,-0.9224723457267486,0.5071660932633962,0,0.712038531649251,-0.7217427156047488,1.419533506784684,-1.118663099175042
-1.4488776597493296,-1.0253204627247283,-1.4475229915961794,1.3526217935754572,-0.47508628602410485,0.8319209063065062,-1.5714626214562195,1.1893609257939286,-1.5319474151966916,0.12711692248320555,0.15374024429935695,0,-1.4431958834327918,-0.7217427156047488,-0.7044567776811773,-1.118663099175042
-0.4593197817190531,-1.0253204627247283,-0.1659475847346359,1.3526217935754572,-0.7542750926984075,-0.6597953520044965,-1.7433010710413719,1.1893609257939286,-0.8427864411625662,1.5265692800964776,-1.2599631515568004,0,-0.6336291873152907,1.385535286160941,-0.7044567776811773,-1.118663099175042
0.5302380963112234,0.975304830396693,0.1790919478819336,1.4913107457940706,1.758424167370317,1.0921039746165644,0.3187603239804574,-0.048482188649015184,0.19095501988862215,0.12711692248320555,1.214017791191475,0,-0.4511508264730632,1.385535286160941,-0.7044567776811773,0.8939241856975975
-0.9540987207341913,-1.0253204627247283,-0.4616957555488383,-1.6291906791247437,1.6188297640331655,-0.27819351848307694,-0.8841088231156097,1.1893609257939286,1.5692769679568732,0.12711692248320555,0.5071660932633962,0,0.35516615822409664,1.385535286160941,-0.7044567776811773,-1.118663099175042
1.5197959743415,0.975304830396693,-1.3489402679914455,-0.3116456330479107,0.7812633440102572,0.3982824591230753,-0.024916575189847412,1.1893609257939286,-0.15362546712844063,0.12711692248320555,0.8605919422274356,0,-1.156733821729676,-0.7217427156047488,1.419533506784684,0.8939241856975975
0.5302380963112234,-1.0253204627247283,-0.9053180117701417,-0.7277124897037524,1.2000465540217116,-1.596454397920707,-1.7433010710413719,1.1893609257939286,0.19095501988862215,-0.2227461669201125,0.15374024429935695,0,-0.6336291873152907,1.385535286160941,-0.7044567776811773,0.8939241856975975
-0.4593197817190531,-1.0253204627247283,-1.6446884388056477,-0.8664014419223665,-1.03346389937271,-0.36492120791976357,0.49059877356561,-1.286325303091959,-0.15362546712844063,0.8268431012898416,1.5674436401555143,0,-1.3378085028731173,1.385535286160941,-0.7044567776811773,-1.118663099175042
1.0250170353263617,-1.0253204627247283,0.8198796513127053,0.1737656997172383,-0.47508628602410485,0.7451932168698195,-0.19675502477499981,-0.048482188649015184,0.19095501988862215,0.8268431012898416,0.15374024429935695,0,0.47894410229739465,-0.7217427156047488,-0.7044567776811773,0.8939241856975975
1.0250170353263617,0.975304830396693,-1.4475229915961794,-0.1729566808292966,0.2228857306616519,-1.6311454736953814,-1.2277857222859145,-0.048482188649015184,0.8801159939227476,1.1767061906931597,1.214017791191475,0,-1.2664170515262407,-0.7217427156047488,1.419533506784684,0.8939241856975975
1.0250170353263617,-1.0253204627247283,0.2776746714866674,0.6591770324823872,-0.614680689361256,0.8839575199685175,1.0061141223210675,-1.286325303091959,-1.5319474151966916,-0.2227461669201125,-0.19968560466468235,0,-0.1388004790854668,-0.7217427156047488,1.419533506784684,0.8939241856975975
-1.4488776597493296,-1.0253204627247283,0.32696603328903473,1.2139328413568424,1.479235360696014,-1.5097267084840205,0.6624372231507623,1.1893609257939286,-1.5319474151966916,0.8268431012898416,-1.6133890005208396,0,-0.2827663227690563,-0.7217427156047488,1.419533506784684,-1.118663099175042
-0.9540987207341913,0.975304830396693,-0.2152389465370032,-0.9357459180316738,0.36248013399880336,0.9013030578558543,-0.5404319239453048,-1.286325303091959,-1.1873669281796289,1.1767061906931597,-1.6133890005208396,0,0.16128471792225582,-0.7217427156047488,1.419533506784684,-1.118663099175042
1.5197959743415,-1.0253204627247283,0.4255487568937689,-1.4211572507968222,0.7812633440102572,0.6064289137711215,-1.055947272700762,-1.286325303091959,-0.8427864411625662,-0.9224723457267486,0.8605919422274356,0,1.2685694832824743,-0.7217427156047488,1.419533506784684,0.8939241856975975
-1.4488776597493296,0.975304830396693,-1.053192097177243,1.3526217935754572,-0.1958974793498019,-0.2955390563704146,0.14692187439530519,-0.048482188649015184,-1.5319474151966916,-0.9224723457267486,-1.2599631515568004,0,-1.1940984384735607,-0.7217427156047488,1.419533506784684,-1.118663099175042
1.0250170353263617,0.975304830396693,-1.3982316297938124,-0.5890235374851389,-0.47508628602410485,-0.24350244270840246,-0.024916575189847412,-1.286325303091959,-0.8427864411625662,-0.9224723457267486,0.5071660932633962,0,-1.1473926675437047,-0.7217427156047488,-0.7044567776811773,0.8939241856975975
1.0250170353263617,0.975304830396693,0.721296927707971,-0.24230115693860396,-1.1730583027098613,-0.5383765867931353,-1.2277857222859145,1.1893609257939286,-1.1873669281796289,1.5265692800964776,1.5674436401555143,0,0.6312549696703136,-0.7217427156047488,-0.7044567776811773,0.8939241856975975
0.5302380963112234,0.975304830396693,1.312793269336376,-0.24230115693860396,-1.3126527060470128,1.5777790354620067,-1.3996241718710671,-0.048482188649015184,0.8801159939227476,-0.9224723457267486,0.5071660932633962,0,1.1457841182746273,-0.7217427156047488,-0.7044567776811773,0.8939241856975975
1.0250170353263617,0.975304830396693,-0.5109871173512054,-0.10361220471998989,1.6188297640331655,0.6237744516584591,1.0061141223210675,-1.286325303091959,-1.5319474151966916,-0.5726092563234305,-1.2599631515568004,0,-0.4883223444224058,-0.7217427156047488,1.419533506784684,0.8939241856975975
-0.4593197817190531,-1.0253204627247283,-0.36311303194410427,-1.4211572507968222,0.2228857306616519,-1.6484910115827183,-0.8841088231156097,1.1893609257939286,-0.4982059541455034,1.1767061906931597,0.5071660932633962,0,0.3174701479835916,1.385535286160941,-0.7044567776811773,-1.118663099175042
1.0250170353263617,-1.0253204627247283,-0.018073499327534787,1.075243889138229,-0.33549188268695335,0.7972298305318316,-0.024916575189847412,-0.048482188649015184,-0.4982059541455034,-0.9224723457267486,1.214017791191475,0,-0.47015898906079523,-0.7217427156047488,-0.7044567776811773,0.8939241856975975
0.035459157296085175,-1.0253204627247283,1.3620846311387427,0.5204880802637732,-1.731435916058467,-0.36492120791976357,1.5216294710765244,-0.048482188649015184,0.535535506905685,-0.9224723457267486,1.214017791191475,0,0.7104591094438939,-0.7217427156047488,-0.7044567776811773,0.8939241856975975
1.0250170353263617,-1.0253204627247283,0.9184623749174395,0.8672104608103081,-1.731435916058467,0.10340831503834172,0.3187603239804574,-0.048482188649015184,-0.8427864411625662,-1.6221985245333848,-1.2599631515568004,0,0.2325505644747632,1.385535286160941,-0.7044567776811773,0.8939241856975975
0.035459157296085175,0.975304830396693,0.3762573950914016,1.3526217935754572,0.6416689406731063,-0.31288459425775145,-0.7122703735304572,-1.286325303091959,-1.1873669281796289,0.8268431012898416,0.8605919422274356,0,-0.2911202004963479,-0.7217427156047488,1.419533506784684,0.8939241856975975
-1.4488776597493296,0.975304830396693,-1.053192097177243,0.45114360415446586,-1.4522471093841642,1.126795050391239,0.14692187439530519,-1.286325303091959,0.19095501988862215,-0.2227461669201125,-0.19968560466468235,0,-1.0572702644818703,1.385535286160941,-0.7044567776811773,-1.118663099175042
-1.4488776597493296,0.975304830396693,1.7071241637553123,1.699344174121992,0.6416689406731063,1.4390147323633087,0.3187603239804574,-0.048482188649015184,0.8801159939227476,0.8268431012898416,-0.5531114536287216,0,0.40964129143250033,-0.7217427156047488,-0.7044567776811773,-1.118663099175042
-0.4593197817190531,0.975304830396693,1.3620846311387427,-1.4211572507968222,0.7812633440102572,-0.3996122836944381,1.3497910214913722,1.1893609257939286,-0.4982059541455034,0.12711692248320555,1.214017791191475,0,2.397999943949897,-0.7217427156047488,-0.7044567776811773,-1.118663099175042
0.5302380963112234,-1.0253204627247283,-0.018073499327534787,0.58983255637308,-1.1730583027098613,-1.1281248749626016,-0.19675502477499981,1.1893609257939286,0.535535506905685,-0.9224723457267486,0.8605919422274356,0,-0.32908196864938133,-0.7217427156047488,-0.7044567776811773,0.8939241856975975
1.5197959743415,0.975304830396693,0.2283833096843005,1.7686886502312988,0.9208577473474087,-0.7985596551031944,-1.055947272700762,1.1893609257939286,0.535535506905685,-1.2723354351300666,1.5674436401555143,0,-0.4883223444224058,-0.7217427156047488,-0.7044567776811773,0.8939241856975975
0.035459157296085175,-1.0253204627247283,0.57342284230087,-1.5598462030154363,-0.47508628602410485,-0.7465230414411823,-1.5714626214562195,-1.286325303091959,-0.4982059541455034,-0.9224723457267486,-1.6133890005208396,0,1.6082478173177897,-0.7217427156047488,-0.7044567776811773,0.8939241856975975
1.0250170353263617,-1.0253204627247283,-0.8067352881654077,1.3526217935754572,1.2000465540217116,-0.7291775035538454,1.3497910214913722,1.1893609257939286,-0.4982059541455034,-1.6221985245333848,-0.906537302592761,0,-1.0384125353740412,1.385535286160941,-0.7044567776811773,0.8939241856975975
-1.4488776597493296,0.975304830396693,1.6578328019529454,1.6299996980126852,0.7812633440102572,0.6931566032078081,-0.8841088231156097,-0.048482188649015184,-1.5319474151966916,1.1767061906931597,-0.906537302592761,0,0.406635710667862,1.385535286160941,-0.7044567776811773,-1.118663099175042
1.5197959743415,0.975304830396693,0.1298005860795663,-1.0050903941409806,1.2000465540217116,0.45031907278508665,1.0061141223210675,-0.048482188649015184,-0.4982059541455034,0.12711692248320555,-1.6133890005208396,0,0.5695114718377956,-0.7217427156047488,1.419533506784684,0.8939241856975975
-1.4488776597493296,-1.0253204627247283,-0.7574439263630407,-0.3116456330479107,-1.03346389937271,-0.6251042762298219,-1.5714626214562195,-0.048482188649015184,-0.15362546712844063,1.5265692800964776,1.214017791191475,0,-0.6336291873152907,-0.7217427156047488,-0.7044567776811773,-1.118663099175042
-0.9540987207341913,-1.0253204627247283,-0.2152389465370032,-0.03426772861068253,0.36248013399880336,1.2135227398279247,0.8342756727359149,1.1893609257939286,0.535535506905685,0.47698001188652356,1.214017791191475,0,-0.26582124124267625,-0.7217427156047488,-0.7044567776811773,-1.118663099175042
1.5197959743415,0.975304830396693,1.1649191839292747,-1.0050903941409806,-0.7542750926984075,-0.7465230414411823,1.0061141223210675,-1.286325303091959,-0.8427864411625662,1.5265692800964776,0.8605919422274356,0,1.6680312041080052,1.385535286160941,-0.7044567776811773,0.8939241856975975
0.5302380963112234,-1.0253204627247283,-0.6588612027583065,-0.1729566808292966,0.6416689406731063,-0.052701525947693124,1.0061141223210675,-0.048482188649015184,0.8801159939227476,1.5265692800964776,1.214017791191475,0,-0.5914433297012274,1.385535286160941,-0.7044567776811773,0.8939241856975975
1.0250170353263617,-1.0253204627247283,-1.5953970770032808,-1.0744348702502873,-1.1730583027098613,1.5083968839126576,-1.7433010710413719,1.1893609257939286,-0.4982059541455034,1.1767061906931597,0.8605919422274356,0,-1.2474764623933958,-0.7217427156047488,-0.7044567776811773,0.8939241856975975
-0.4593197817190531,-1.0253204627247283,-0.1659475847346359,0.24311017582654504,-0.8938694960355587,0.6584655274331337,-0.5404319239453048,-1.286325303091959,-0.8427864411625662,0.12711692248320555,0.8605919422274356,0,-0.32592057883624037,-0.7217427156047488,1.419533506784684,-1.118663099175042
1.5197959743415,0.975304830396693,1.0170450985221733,-0.3116456330479107,0.5020745373359549,-0.2608479805957401,0.8342756727359149,-0.048482188649015184,1.2246964809398104,-0.5726092563234305,-0.19968560466468235,0,0.9356847159278651,-0.7217427156047488,-0.7044567776811773,0.8939241856975975
-1.4488776597493296,0.975304830396693,1.460667354743477,-1.1437793463595947,-1.4522471093841642,-0.13942921538437897,1.693467920661677,-1.286325303091959,1.5692769679568732,1.1767061906931597,-1.6133890005208396,1,2.145364183011132,-0.7217427156047488,1.419533506784684,-1.118663099175042
-0.4593197817190531,0.975304830396693,1.2142105457316417,1.5606552219033774,1.758424167370317,-0.2608479805957401,0.6624372231507623,1.1893609257939286,-0.15362546712844063,-0.9224723457267486,-1.2599631515568004,0,0.16305315820087102,-0.7217427156047488,-0.7044567776811773,-1.118663099175042
-0.4593197817190531,-1.0253204627247283,1.0663364603245407,-1.0050903941409806,-1.5918415127213155,-0.4169578215817749,0.8342756727359149,1.1893609257939286,0.535535506905685,-0.5726092563234305,0.8605919422274356,0,1.5634102772251282,-0.7217427156047488,-0.7044567776811773,-1.118663099175042
-0.4593197817190531,-1.0253204627247283,-1.1024834589796102,-0.5890235374851389,1.6188297640331655,-0.4689944352437863,-0.024916575189847412,-1.286325303091959,0.19095501988862215,0.12711692248320555,-1.2599631515568004,0,-0.8671580419645699,1.385535286160941,-0.7044567776811773,-1.118663099175042
-0.9540987207341913,0.975304830396693,0.3762573950914016,1.7686886502312988,1.479235360696014,0.19013600447502835,1.0061141223210675,-1.286325303091959,1.5692769679568732,0.47698001188652356,0.15374024429935695,0,-0.4011382386866749,-0.7217427156047488,-0.7044567776811773,-1.118663099175042
-1.4488776597493296,-1.0253204627247283,-0.9053180117701417,0.0350767474986242,-0.33549188268695335,-0.7118319656665077,-1.055947272700762,-1.286325303091959,-1.5319474151966916,-1.6221985245333848,0.15374024429935695,0,-0.8549426864906076,-0.7217427156047488,1.419533506784684,-1.118663099175042
-1.4488776597493296,0.975304830396693,0.4255487568937689,0.9365549369196149,0.08329132732450074,0.8145753684191684,-0.024916575189847412,-1.286325303091959,-0.4982059541455034,0.47698001188652356,0.5071660932633962,0,-0.13064396191684297,1.385535286160941,-0.7044567776811773,-1.118663099175042
0.5302380963112234,0.975304830396693,1.312793269336376,1.075243889138229,0.2228857306616519,-0.5730676625678098,0.6624372231507623,1.1893609257939286,-0.15362546712844063,0.8268431012898416,0.15374024429935695,0,0.41258008151348013,1.385535286160941,-0.7044567776811773,0.8939241856975975
1.5197959743415,0.975304830396693,-1.4968143533985465,0.24311017582654504,1.0604521506845601,-1.4923811705966836,-1.3996241718710671,1.1893609257939286,1.2246964809398104,0.8268431012898416,1.5674436401555143,0,-1.3644371324530349,-0.7217427156047488,1.419533506784684,0.8939241856975975
-1.4488776597493296,0.975304830396693,-0.2645303083393701,-1.5598462030154363,-1.731435916058467,-0.9199784203145548,-0.7122703735304572,-0.048482188649015184,-1.1873669281796289,1.1767061906931597,1.214017791191475,0,0.5495836762410571,-0.7217427156047488,-0.7044567776811773,-1.118663099175042
-0.4593197817190531,-1.0253204627247283,-0.1659475847346359,0.45114360415446586,0.5020745373359549,-1.3536168674979856,1.3497910214913722,1.1893609257939286,-0.4982059541455034,-1.6221985245333848,-0.906537302592761,0,-0.39417988282983235,-0.7217427156047488,-0.7044567776811773,-1.118663099175042
1.5197959743415,0.975304830396693,-1.3489402679914455,0.8672104608103081,0.6416689406731063,1.3522870429266227,-1.2277857222859145,1.1893609257939286,-0.4982059541455034,0.12711692248320555,0.5071660932633962,0,-1.3299697720876869,-0.7217427156047488,1.419533506784684,0.8939241856975975
0.5302380963112234,-1.0253204627247283,-0.6095698409559396,1.4913107457940706,-0.8938694960355587,-0.6424498141171587,-1.055947272700762,-0.048482188649015184,-0.4982059541455034,0.47698001188652356,1.214017791191475,0,-0.9377597887190031,1.385535286160941,-0.7044567776811773,0.8939241856975975
-0.9540987207341913,-1.0253204627247283,-1.7432711624103818,0.10442122360793094,-0.47508628602410485,-1.6831820873573928,1.5216294710765244,-0.048482188649015184,0.19095501988862215,-0.2227461669201125,-0.19968560466468235,0,-1.5450993836433864,-0.7217427156047488,-0.7044567776811773,-1.118663099175042
-1.4488776597493296,-1.0253204627247283,-1.6446884388056477,1.075243889138229,1.479235360696014,-1.405653481159997,0.14692187439530519,-1.286325303091959,-0.15362546712844063,0.8268431012898416,-0.19968560466468235,0,-1.549062297540465,-0.7217427156047488,1.419533506784684,-1.118663099175042
1.5197959743415,0.975304830396693,-1.2503575443867112,-1.6291906791247437,-0.614680689361256,1.2482138156025993,1.0061141223210675,-0.048482188649015184,0.535535506905685,0.47698001188652356,0.8605919422274356,0,-0.6655258113649483,1.385535286160941,-0.7044567776811773,0.8939241856975975
-1.4488776597493296,-1.0253204627247283,1.2635019075340086,0.0350767474986242,-0.1958974793498019,-1.665836549470056,-1.2277857222859145,1.1893609257939286,-1.5319474151966916,1.5265692800964776,0.15374024429935695,0,0.9155653069119273,-0.7217427156047488,-0.7044567776811773,-1.118663099175042
-0.4593197817190531,-1.0253204627247283,0.4748401186961358,0.9365549369196149,-0.33549188268695335,-0.34757567003242595,-0.5404319239453048,-1.286325303091959,1.2246964809398104,1.5265692800964776,0.5071660932633962,0,-0.09711161355694657,-0.7217427156047488,1.419533506784684,-1.118663099175042
0.5302380963112234,0.975304830396693,1.5592500783482113,-1.2131238224689014,1.479235360696014,0.8839575199685175,0.8342756727359149,-0.048482188649015184,0.8801159939227476,-0.5726092563234305,0.8605919422274356,0,2.3436152745112646,-0.7217427156047488,1.419533506784684,0.8939241856975975
0.5302380963112234,-1.0253204627247283,1.509958716545844,-0.3809901091572174,0.36248013399880336,-0.8159051929905312,0.8342756727359149,1.1893609257939286,-1.5319474151966916,-0.2227461669201125,-1.6133890005208396,0,1.42775771948716,1.385535286160941,-0.7044567776811773,0.8939241856975975
-1.4488776597493296,0.975304830396693,1.7071241637553123,0.31245465193585237,1.0604521506845601,-0.9373239582018916,1.1779525719062196,1.1893609257939286,1.5692769679568732,-1.6221985245333848,-0.906537302592761,0,1.091099860935038,1.385535286160941,-0.7044567776811773,-1.118663099175042
0.035459157296085175,-1.0253204627247283,-0.11665622293226899,-0.3116456330479107,-0.47508628602410485,-0.018010450173018628,1.1779525719062196,-0.048482188649015184,0.8801159939227476,0.47698001188652356,-0.5531114536287216,0,-0.06693250003303983,1.385535286160941,-0.7044567776811773,0.8939241856975975
-1.4488776597493296,0.975304830396693,-0.36311303194410427,-0.7970569658130597,1.0604521506845601,0.849266444193843,-0.024916575189847412,-0.048482188649015184,0.19095501988862215,0.47698001188652356,0.5071660932633962,0,-0.06611000846949534,-0.7217427156047488,-0.7044567776811773,-1.118663099175042
0.035459157296085175,-1.0253204627247283,-0.8067352881654077,-0.10361220471998989,1.758424167370317,-0.6771408898918333,-1.055947272700762,1.1893609257939286,1.2246964809398104,0.47698001188652356,-0.906537302592761,0,-0.7374197893816371,-0.7217427156047488,1.419533506784684,0.8939241856975975
-1.4488776597493296,-1.0253204627247283,0.3762573950914016,0.0350767474986242,-0.8938694960355587,0.849266444193843,1.3497910214913722,-0.048482188649015184,1.2246964809398104,-0.2227461669201125,-0.5531114536287216,0,0.19126658233816315,-0.7217427156047488,1.419533506784684,-1.118663099175042
-0.4593197817190531,-1.0253204627247283,0.57342284230087,0.7285215085916941,0.9208577473474087,-0.2608479805957401,0.49059877356561,1.1893609257939286,1.5692769679568732,1.5265692800964776,-1.2599631515568004,0,0.046406837423410334,1.385535286160941,-0.7044567776811773,-1.118663099175042
1.0250170353263617,-1.0253204627247283,-0.8560266499677749,0.6591770324823872,-1.03346389937271,1.2829048913772738,1.5216294710765244,-0.048482188649015184,0.535535506905685,-0.9224723457267486,0.15374024429935695,0,-0.9517333568916062,1.385535286160941,-0.7044567776811773,0.8939241856975975
-0.4593197817190531,0.975304830396693,-0.8560266499677749,-0.24230115693860396,1.6188297640331655,-0.018010450173018628,1.3497910214913722,1.1893609257939286,0.19095501988862215,-0.9224723457267486,0.5071660932633962,0,-0.7408227599411893,-0.7217427156047488,1.419533506784684,-1.118663099175042
-1.4488776597493296,-1.0253204627247283,-1.6939798006080147,0.3817991280451591,0.2228857306616519,1.751234414335379,-0.19675502477499981,1.1893609257939286,-1.1873669281796289,1.1767061906931597,0.15374024429935695,0,-1.5303799891685228,1.385535286160941,-0.7044567776811773,-1.118663099175042
-0.9540987207341913,-1.0253204627247283,-1.2503575443867112,-1.0050903941409806,1.2000465540217116,-0.4863399731311239,1.693467920661677,-0.048482188649015184,-0.15362546712844063,-0.5726092563234305,-0.906537302592761,0,-0.8951815045224834,-0.7217427156047488,-0.7044567776811773,-1.118663099175042
0.035459157296085175,-1.0253204627247283,0.9677537367198064,-0.7970569658130597,0.08329132732450074,-1.2148525643992876,-1.3996241718710671,-1.286325303091959,-0.4982059541455034,1.5265692800964776,-1.2599631515568004,0,1.2663263244728071,-0.7217427156047488,1.419533506784684,0.8939241856975975
0.035459157296085175,-1.0253204627247283,1.460667354743477,0.9365549369196149,-0.614680689361256,-0.4516488973564494,0.8342756727359149,1.1893609257939286,-0.4982059541455034,-0.2227461669201125,0.8605919422274356,0,0.5735353536409833,-0.7217427156047488,1.419533506784684,0.8939241856975975
0.035459157296085175,-1.0253204627247283,-0.7081525645606735,1.0058994130289223,-0.7542750926984075,-0.24350244270840246,-0.5404319239453048,-1.286325303091959,-1.1873669281796289,-1.2723354351300666,-0.19968560466468235,0,-0.9150462374749284,1.385535286160941,-0.7044567776811773,0.8939241856975975
1.5197959743415,0.975304830396693,0.6720055659056042,0.3817991280451591,0.7812633440102572,0.01668062560165587,1.0061141223210675,-0.048482188649015184,-0.8427864411625662,-0.2227461669201125,1.5674436401555143,0,0.2631216145379414,-0.7217427156047488,-0.7044567776811773,0.8939241856975975
-0.4593197817190531,0.975304830396693,1.6578328019529454,-1.6291906791247437,-1.4522471093841642,-1.1454704128499387,0.3187603239804574,1.1893609257939286,-0.8427864411625662,0.8268431012898416,-1.6133890005208396,0,3.098275826494654,-0.7217427156047488,1.419533506784684,-1.118663099175042
-0.4593197817190531,0.975304830396693,0.2776746714866674,0.6591770324823872,-1.4522471093841642,-0.6077587383424843,-1.3996241718710671,1.1893609257939286,-0.15362546712844063,0.8268431012898416,-1.6133890005208396,0,-0.1388004790854668,1.385535286160941,-0.7044567776811773,-1.118663099175042
0.035459157296085175,0.975304830396693,-1.2996489061890784,-0.4503345852665248,0.5020745373359549,-1.2495436401739621,-0.7122703735304572,1.1893609257939286,-0.8427864411625662,-0.9224723457267486,-1.2599631515568004,0,-1.0845814583621747,-0.7217427156047488,-0.7044567776811773,0.8939241856975975
0.5302380963112234,0.975304830396693,1.7071241637553123,1.5606552219033774,-0.33549188268695335,1.2308682777152624,1.693467920661677,-1.286325303091959,1.5692769679568732,1.1767061906931597,-0.19968560466468235,0,0.4636880055654605,1.385535286160941,-0.7044567776811773,0.8939241856975975
1.5197959743415,0.975304830396693,-0.8067352881654077,-1.6985351552340504,-1.731435916058467,0.29420923179905184,-1.3996241718710671,-1.286325303091959,0.535535506905685,0.12711692248320555,-0.906537302592761,0,-0.045136473599107184,-0.7217427156047488,-0.7044567776811773,0.8939241856975975
-0.9540987207341913,0.975304830396693,-0.11665622293226899,1.3526217935754572,-1.1730583027098613,0.3635913833484008,1.0061141223210675,-1.286325303091959,1.5692769679568732,1.5265692800964776,-1.6133890005208396,0,-0.6024920066953869,1.385535286160941,-0.7044567776811773,-1.118663099175042
0.035459157296085175,0.975304830396693,-1.6939798006080147,-0.03426772861068253,1.758424167370317,-0.8332507308778688,-1.5714626214562195,1.1893609257939286,0.8801159939227476,0.12711692248320555,1.214017791191475,0,-1.4918477281513918,1.385535286160941,-0.7044567776811773,0.8939241856975975
0.035459157296085175,0.975304830396693,0.1790919478819336,-0.5196790613758315,-0.7542750926984075,-1.596454397920707,-1.5714626214562195,1.1893609257939286,0.8801159939227476,-1.2723354351300666,-1.6133890005208396,0,0.3070414272018059,1.385535286160941,-0.7044567776811773,0.8939241856975975
-0.9540987207341913,0.975304830396693,0.770588289510338,0.7978659847010008,-0.47508628602410485,-0.4689944352437863,-0.19675502477499981,-0.048482188649015184,1.2246964809398104,-0.9224723457267486,-0.906537302592761,0,0.157910720022266,-0.7217427156047488,-0.7044567776811773,-1.118663099175042
-0.4593197817190531,-1.0253204627247283,-0.9053180117701417,0.0350767474986242,-0.1958974793498019,-1.475035632709346,-1.055947272700762,-1.286325303091959,0.19095501988862215,0.12711692248320555,0.15374024429935695,0,-0.8549426864906076,-0.7217427156047488,-0.7044567776811773,-1.118663099175042
0.035459157296085175,-1.0253204627247283,1.608541440150578,0.6591770324823872,-1.4522471093841642,-0.7812141172158568,0.3187603239804574,1.1893609257939286,1.5692769679568732,-0.5726092563234305,1.214017791191475,0,0.8155120296434794,-0.7217427156047488,-0.7044567776811773,0.8939241856975975
1.0250170353263617,0.975304830396693,-0.1659475847346359,0.0350767474986242,-0.47508628602410485,-0.13942921538437897,0.8342756727359149,-0.048482188649015184,-0.15362546712844063,0.12711692248320555,-0.5531114536287216,0,-0.2513604160124705,-0.7217427156047488,1.419533506784684,0.8939241856975975
-1.4488776597493296,-1.0253204627247283,-0.06736486112990167,-0.6583680135944456,1.339640957358863,0.3115547696863887,-1.2277857222859145,-0.048482188649015184,-0.15362546712844063,-1.6221985245333848,-0.19968560466468235,0,0.1510277643062875,1.385535286160941,-0.7044567776811773,-1.118663099175042
-1.4488776597493296,-1.0253204627247283,-1.5461057152009137,0.9365549369196149,-1.5918415127213155,0.7451932168698195,1.0061141223210675,1.1893609257939286,1.5692769679568732,-0.5726092563234305,0.15374024429935695,0,-1.471937896312703,-0.7217427156047488,-0.7044567776811773,-1.118663099175042
0.5302380963112234,0.975304830396693,-0.4124043937464712,0.5204880802637732,-1.5918415127213155,0.6064289137711215,1.3497910214913722,-1.286325303091959,-1.1873669281796289,0.12711692248320555,-1.2599631515568004,0,-0.5973024765920694,-0.7217427156047488,1.419533506784684,0.8939241856975975
-0.9540987207341913,0.975304830396693,-0.36311303194410427,1.699344174121992,0.2228857306616519,-0.38226674580710046,-1.3996241718710671,1.1893609257939286,0.19095501988862215,-1.2723354351300666,-1.2599631515568004,0,-0.8246505425789707,1.385535286160941,-0.7044567776811773,-1.118663099175042
-0.4593197817190531,-1.0253204627247283,0.4255487568937689,0.3817991280451591,0.08329132732450074,-0.7812141172158568,-1.5714626214562195,-0.048482188649015184,-1.5319474151966916,-0.5726092563234305,-0.5531114536287216,0,0.07629853081851815,-0.7217427156047488,1.419533506784684,-1.118663099175042
0.5302380963112234,0.975304830396693,-0.2645303083393701,-1.4905017269061296,0.08329132732450074,-1.4229990190473345,-0.19675502477499981,-1.286325303091959,0.8801159939227476,0.8268431012898416,-0.906537302592761,0,0.4916540378784453,-0.7217427156047488,-0.7044567776811773,0.8939241856975975
1.5197959743415,0.975304830396693,-0.5109871173512054,-0.4503345852665248,0.08329132732450074,0.5370467622217725,-0.19675502477499981,-0.048482188649015184,0.535535506905685,0.12711692248320555,1.214017791191475,0,-0.36305782468716036,-0.7217427156047488,1.419533506784684,0.8939241856975975
0.5302380963112234,0.975304830396693,-1.5953970770032808,1.2832773174661503,-1.03346389937271,1.6645067248986933,0.3187603239804574,1.1893609257939286,-0.4982059541455034,-1.6221985245333848,-1.6133890005208396,0,-1.531730517484567,-0.7217427156047488,-0.7044567776811773,0.8939241856975975
-0.9540987207341913,0.975304830396693,0.5241314804985027,1.6299996980126852,-1.1730583027098613,0.06871723926366723,1.693467920661677,-0.048482188649015184,0.8801159939227476,1.5265692800964776,-0.906537302592761,0,-0.27696693657821003,1.385535286160941,-0.7044567776811773,-1.118663099175042
-1.4488776597493296,-1.0253204627247283,-1.053192097177243,-0.6583680135944456,-1.5918415127213155,0.9880307472925409,1.0061141223210675,1.1893609257939286,-0.4982059541455034,0.8268431012898416,0.5071660932633962,0,-0.8000715709925952,1.385535286160941,-0.7044567776811773,-1.118663099175042
0.035459157296085175,0.975304830396693,-1.2503575443867112,0.9365549369196149,1.479235360696014,-1.5444177842586948,-0.7122703735304572,1.1893609257939286,-1.1873669281796289,0.12711692248320555,0.8605919422274356,0,-1.270743806153324,-0.7217427156047488,-0.7044567776811773,0.8939241856975975
-0.4593197817190531,0.975304830396693,1.0170450985221733,1.4913107457940706,-0.33549188268695335,-0.6251042762298219,0.14692187439530519,-0.048482188649015184,-1.5319474151966916,1.1767061906931597,1.214017791191475,0,0.06587119591324798,1.385535286160941,-0.7044567776811773,-1.118663099175042
0.5302380963112234,-1.0253204627247283,-1.1024834589796102,-0.03426772861068253,0.9208577473474087,1.0747584367292269,-0.7122703735304572,1.1893609257939286,-1.1873669281796289,-1.6221985245333848,-1.6133890005208396,0,-1.0014371333879055,-0.7217427156047488,1.419533506784684,0.8939241856975975
0.035459157296085175,0.975304830396693,0.9184623749174395,-0.7277124897037524,-0.47508628602410485,-0.9893605718639037,1.5216294710765244,1.1893609257939286,-0.4982059541455034,1.1767061906931597,-0.19968560466468235,0,1.1584885416969553,-0.7217427156047488,1.419533506784684,0.8939241856975975
1.0250170353263617,-1.0253204627247283,-0.5109871173512054,-0.3809901091572174,-0.614680689361256,1.1961772019405879,1.693467920661677,1.1893609257939286,0.535535506905685,-0.5726092563234305,1.5674436401555143,0,-0.3898092305967213,-0.7217427156047488,-0.7044567776811773,0.8939241856975975
1.0250170353263617,-1.0253204627247283,-1.3982316297938124,1.421966269684764,-1.03346389937271,0.5717378379964471,0.49059877356561,1.1893609257939286,-1.5319474151966916,-1.6221985245333848,0.5071660932633962,0,-1.4182861389368688,1.385535286160941,-0.7044567776811773,0.8939241856975975
-0.9540987207341913,0.975304830396693,-0.2152389465370032,1.2139328413568424,-0.056303076012650735,-1.1628159507372762,0.6624372231507623,-1.286325303091959,1.2246964809398104,-1.2723354351300666,-0.5531114536287216,0,-0.6336291873152907,1.385535286160941,-0.7044567776811773,-1.118663099175042
-0.9540987207341913,0.975304830396693,-0.6095698409559396,0.0350767474986242,-1.3126527060470128,-0.7812141172158568,-0.3685934743601522,-0.048482188649015184,-1.5319474151966916,-1.2723354351300666,-0.906537302592761,0,-0.6135097782993528,1.385535286160941,-0.7044567776811773,-1.118663099175042
-0.9540987207341913,-1.0253204627247283,0.2283833096843005,-1.0744348702502873,1.2000465540217116,1.4390147323633087,1.5216294710765244,1.1893609257939286,-0.8427864411625662,1.5265692800964776,1.5674436401555143,0,0.727510422640508,-0.7217427156047488,1.419533506784684,-1.118663099175042
1.5197959743415,-1.0253204627247283,-1.4968143533985465,1.3526217935754572,1.758424167370317,-0.9199784203145548,0.8342756727359149,-1.286325303091959,-1.5319474151966916,0.47698001188652356,0.15374024429935695,0,-1.4743330640526957,1.385535286160941,-0.7044567776811773,0.8939241856975975
0.5302380963112234,-1.0253204627247283,-0.6095698409559396,1.3526217935754572,0.5020745373359549,0.710502141095145,-1.3996241718710671,-1.286325303091959,-1.5319474151966916,-0.9224723457267486,1.5674436401555143,0,-0.9138638128944259,-0.7217427156047488,1.419533506784684,0.8939241856975975
-1.4488776597493296,0.975304830396693,0.9184623749174395,-1.6291906791247437,-0.614680689361256,-0.38226674580710046,0.49059877356561,-0.048482188649015184,1.5692769679568732,0.12711692248320555,-1.6133890005208396,0,2.141377105004925,-0.7217427156047488,-0.7044567776811773,-1.118663099175042
0.5302380963112234,-1.0253204627247283,1.7071241637553123,1.1445883652475357,-0.7542750926984075,-1.4923811705966836,-0.024916575189847412,-0.048482188649015184,-1.5319474151966916,0.8268431012898416,0.5071660932633962,0,0.6418419891889208,1.385535286160941,-0.7044567776811773,0.8939241856975975
0.035459157296085175,-1.0253204627247283,-1.7432711624103818,-1.6291906791247437,-0.614680689361256,-1.3362713296106479,-1.055947272700762,-0.048482188649015184,-1.1873669281796289,-1.6221985245333848,0.8605919422274356,0,-1.3034582923581013,-0.7217427156047488,-0.7044567776811773,0.8939241856975975
1.0250170353263617,-1.0253204627247283,-0.1659475847346359,-0.7277124897037524,-0.8938694960355587,-1.180161488624613,-1.2277857222859145,-0.048482188649015184,-0.4982059541455034,1.1767061906931597,-1.6133890005208396,0,0.09290502714913348,1.385535286160941,-0.7044567776811773,0.8939241856975975
1.0250170353263617,-1.0253204627247283,0.031217862474832096,0.58983255637308,1.479235360696014,0.3982824591230753,-0.7122703735304572,-1.286325303091959,-1.5319474151966916,-0.9224723457267486,0.15374024429935695,0,-0.293252884100451,-0.7217427156047488,1.419533506784684,0.8939241856975975
0.5302380963112234,-1.0253204627247283,-0.8560266499677749,-0.1729566808292966,0.9208577473474087,-0.7118319656665077,-1.055947272700762,-1.286325303091959,-0.4982059541455034,1.5265692800964776,1.214017791191475,0,-0.7601867601574809,-0.7217427156047488,-0.7044567776811773,0.8939241856975975
0.035459157296085175,-1.0253204627247283,0.8691710131150722,0.31245465193585237,-0.614680689361256,-1.457690094822009,0.6624372231507623,-0.048482188649015184,1.2246964809398104,-1.2723354351300666,1.5674436401555143,0,0.4466956011492007,1.385535286160941,-0.7044567776811773,0.8939241856975975
0.5302380963112234,-1.0253204627247283,1.312793269336376,0.3817991280451591,-0.614680689361256,1.5083968839126576,-0.19675502477499981,-0.048482188649015184,0.535535506905685,0.8268431012898416,-0.5531114536287216,0,0.7488616322084424,-0.7217427156047488,1.419533506784684,0.8939241856975975
-1.4488776597493296,0.975304830396693,-0.018073499327534787,0.1737656997172383,0.6416689406731063,1.2829048913772738,-1.2277857222859145,-0.048482188649015184,-0.8427864411625662,-0.2227461669201125,1.5674436401555143,0,-0.18469610554175114,-0.7217427156047488,-0.7044567776811773,-1.118663099175042
1.0250170353263617,0.975304830396693,0.3762573950914016,-0.9357459180316738,-0.7542750926984075,0.5717378379964471,1.3497910214913722,-0.048482188649015184,0.535535506905685,-0.9224723457267486,0.8605919422274356,0,0.7767019348803564,-0.7217427156047488,-0.7044567776811773,0.8939241856975975
-1.4488776597493296,0.975304830396693,0.32696603328903473,0.1737656997172383,1.0604521506845601,1.4390147323633087,-0.19675502477499981,1.1893609257939286,0.8801159939227476,0.8268431012898416,0.15374024429935695,0,0.08856750945083844,-0.7217427156047488,1.419533506784684,-1.118663099175042
-1.4488776597493296,0.975304830396693,1.6578328019529454,-0.3116456330479107,1.339640957358863,-0.24350244270840246,-1.2277857222859145,-0.048482188649015184,1.2246964809398104,1.5265692800964776,-0.906537302592761,0,1.5023814032101162,-0.7217427156047488,1.419533506784684,-1.118663099175042
1.5197959743415,0.975304830396693,1.1649191839292747,1.421966269684764,-0.33549188268695335,0.9706852094052033,0.49059877356561,-0.048482188649015184,-0.15362546712844063,0.12711692248320555,-1.6133890005208396,0,0.18179862515419243,-0.7217427156047488,1.419533506784684,0.8939241856975975
0.5302380963112234,-1.0253204627247283,0.6227142041032369,-1.6291906791247437,1.6188297640331655,-1.1454704128499387,-1.055947272700762,-1.286325303091959,1.2246964809398104,0.12711692248320555,0.8605919422274356,0,1.758617616409033,1.385535286160941,-0.7044567776811773,0.8939241856975975
1.5197959743415,0.975304830396693,1.2142105457316417,1.2832773174661503,0.5020745373359549,0.1727904665876907,0.8342756727359149,-0.048482188649015184,1.2246964809398104,0.47698001188652356,-0.906537302592761,0,0.2644721428539853,1.385535286160941,-0.7044567776811773,0.8939241856975975
-0.9540987207341913,-1.0253204627247283,-0.7574439263630407,1.2832773174661503,1.339640957358863,1.5777790354620067,-0.5404319239453048,-1.286325303091959,-0.8427864411625662,-1.6221985245333848,-0.19968560466468235,0,-0.9960209521204373,-0.7217427156047488,1.419533506784684,-1.118663099175042
1.0250170353263617,0.975304830396693,0.8691710131150722,1.0058994130289223,-0.056303076012650735,-0.24350244270840246,-1.2277857222859145,1.1893609257939286,-1.5319474151966916,-1.6221985245333848,-1.2599631515568004,0,0.14440618665547217,-0.7217427156047488,-0.7044567776811773,0.8939241856975975
0.5302380963112234,-1.0253204627247283,0.4748401186961358,-1.0744348702502873,1.2000465540217116,1.126795050391239,-0.3685934743601522,1.1893609257939286,0.19095501988862215,0.8268431012898416,-0.906537302592761,0,0.994400542239684,1.385535286160941,-0.7044567776811773,0.8939241856975975
0.5302380963112234,-1.0253204627247283,-1.1517748207819771,0.7285215085916941,0.6416689406731063,-0.07004706383502998,1.0061141223210675,-0.048482188649015184,1.2246964809398104,0.47698001188652356,-0.5531114536287216,0,-1.1741706428768222,-0.7217427156047488,-0.7044567776811773,0.8939241856975975
-0.9540987207341913,0.975304830396693,-1.5461057152009137,-1.3518127746875155,-0.47508628602410485,0.3115547696863887,1.1779525719062196,-1.286325303091959,1.2246964809398104,1.5265692800964776,1.214017791191475,0,-1.127672453151099,-0.7217427156047488,-0.7044567776811773,-1.118663099175042
1.0250170353263617,0.975304830396693,-0.018073499327534787,-1.4211572507968222,0.2228857306616519,-1.2668891780612996,-1.7433010710413719,-0.048482188649015184,0.535535506905685,0.8268431012898416,1.5674436401555143,0,0.7335761071768528,1.385535286160941,-0.7044567776811773,0.8939241856975975
-0.9540987207341913,-1.0253204627247283,0.770588289510338,-0.5196790613758315,0.36248013399880336,1.5777790354620067,-0.024916575189847412,-0.048482188649015184,0.8801159939227476,-0.5726092563234305,0.15374024429935695,0,0.8576778844801062,1.385535286160941,-0.7044567776811773,-1.118663099175042
0.5302380963112234,0.975304830396693,-0.6095698409559396,-0.5196790613758315,0.36248013399880336,1.2482138156025993,-1.5714626214562195,-0.048482188649015184,0.19095501988862215,0.12711692248320555,0.8605919422274356,0,-0.42714051583592827,-0.7217427156047488,1.419533506784684,0.8939241856975975
-0.4593197817190531,0.975304830396693,0.32696603328903473,-0.5890235374851389,-0.8938694960355587,-0.19146582904639112,-1.5714626214562195,1.1893609257939286,-0.4982059541455034,0.8268431012898416,0.5071660932633962,0,0.4873093150012498,-0.7217427156047488,-0.7044567776811773,-1.118663099175042
1.0250170353263617,0.975304830396693,0.2283833096843005,-0.4503345852665248,-0.614680689361256,-1.5097267084840205,-1.5714626214562195,-0.048482188649015184,-1.5319474151966916,1.1767061906931597,-1.2599631515568004,0,0.31337058188316574,-0.7217427156047488,-0.7044567776811773,0.8939241856975975
0.5302380963112234,-1.0253204627247283,-1.3489402679914455,-0.3809901091572174,0.2228857306616519,-0.17412029115905348,-0.7122703735304572,-0.048482188649015184,0.8801159939227476,0.8268431012898416,-0.19968560466468235,0,-1.1434345513632087,-0.7217427156047488,1.419533506784684,0.8939241856975975
-1.4488776597493296,0.975304830396693,-1.1024834589796102,-1.3518127746875155,-1.4522471093841642,-0.4863399731311239,-1.3996241718710671,-0.048482188649015184,0.19095501988862215,-0.9224723457267486,0.5071660932633962,0,-0.6045678187367138,-0.7217427156047488,1.419533506784684,-1.118663099175042
-0.9540987207341913,0.975304830396693,-0.9053180117701417,-0.10361220471998989,-1.5918415127213155,1.5430879596873321,-1.2277857222859145,1.1893609257939286,0.19095501988862215,0.12711692248320555,0.15374024429935695,0,-0.820452271034714,-0.7217427156047488,-0.7044567776811773,-1.118663099175042
0.035459157296085175,0.975304830396693,1.41137599294111,0.7285215085916941,-0.056303076012650735,0.29420923179905184,1.3497910214913722,1.1893609257939286,-1.1873669281796289,-0.9224723457267486,-1.2599631515568004,0,0.6392587564263805,-0.7217427156047488,1.419533506784684,0.8939241856975975
-0.4593197817190531,0.975304830396693,0.8198796513127053,-1.2824682985782088,-0.8938694960355587,-0.08739260172236762,1.3497910214913722,-1.286325303091959,-0.4982059541455034,-1.2723354351300666,-0.906537302592761,0,1.583879589006561,-0.7217427156047488,1.419533506784684,-1.118663099175042
0.035459157296085175,0.975304830396693,-1.1024834589796102,1.6299996980126852,-1.03346389937271,-0.8332507308778688,1.693467920661677,1.1893609257939286,0.19095501988862215,1.5265692800964776,1.5674436401555143,0,-1.2577881261051824,-0.7217427156047488,1.419533506784684,0.8939241856975975
1.0250170353263617,0.975304830396693,-1.3489402679914455,-0.8664014419223665,-0.47508628602410485,-0.5383765867931353,-1.5714626214562195,-1.286325303091959,0.19095501988862215,-1.2723354351300666,1.5674436401555143,0,-1.0360173676340487,-0.7217427156047488,1.419533506784684,0.8939241856975975
0.035459157296085175,-1.0253204627247283,-1.5953970770032808,-1.0744348702502873,1.2000465540217116,-0.17412029115905348,-1.3996241718710671,-0.048482188649015184,-1.1873669281796289,-0.2227461669201125,-1.2599631515568004,0,-1.2474764623933958,1.385535286160941,-0.7044567776811773,0.8939241856975975
-0.4593197817190531,0.975304830396693,-1.201066182584344,-1.4211572507968222,0.5020745373359549,0.7625387547571572,1.5216294710765244,-0.048482188649015184,0.19095501988862215,0.12711692248320555,0.5071660932633962,0,-0.6930728957714709,1.385535286160941,-0.7044567776811773,-1.118663099175042
-0.9540987207341913,0.975304830396693,-0.3138216701417372,0.8672104608103081,-0.47508628602410485,-0.2261569048210656,1.1779525719062196,-1.286325303091959,-0.8427864411625662,-0.2227461669201125,-1.6133890005208396,0,-0.616645270613525,1.385535286160941,-0.7044567776811773,-1.118663099175042
1.0250170353263617,-1.0253204627247283,-0.36311303194410427,-1.3518127746875155,-0.614680689361256,0.12075385292567935,-1.2277857222859145,1.1893609257939286,0.535535506905685,0.8268431012898416,-1.6133890005208396,0,0.26727323862059527,-0.7217427156047488,-0.7044567776811773,0.8939241856975975
-0.4593197817190531,0.975304830396693,0.9184623749174395,0.9365549369196149,-1.4522471093841642,-0.6771408898918333,-0.5404319239453048,-1.286325303091959,-0.4982059541455034,-0.5726092563234305,-1.2599631515568004,0,0.204679521682122,1.385535286160941,-0.7044567776811773,-1.118663099175042
1.5197959743415,0.975304830396693,-0.6588612027583065,-0.1729566808292966,1.2000465540217116,1.265559353489937,1.5216294710765244,-1.286325303091959,1.2246964809398104,-0.2227461669201125,0.5071660932633962,0,-0.5914433297012274,1.385535286160941,-0.7044567776811773,0.8939241856975975
-1.4488776597493296,0.975304830396693,-0.06736486112990167,1.2139328413568424,-0.33549188268695335,1.7165433385607045,0.6624372231507623,-1.286325303091959,1.2246964809398104,0.12711692248320555,0.15374024429935695,0,-0.5379393151663173,-0.7217427156047488,-0.7044567776811773,-1.118663099175042
-0.4593197817190531,0.975304830396693,-1.5953970770032808,0.7285215085916941,-0.614680689361256,-0.0006649122856809947,0.6624372231507623,-0.048482188649015184,-1.5319474151966916,-0.2227461669201125,-1.2599631515568004,0,-1.4880334235254535,-0.7217427156047488,1.419533506784684,-1.118663099175042
1.0250170353263617,-1.0253204627247283,0.57342284230087,-0.1729566808292966,-1.731435916058467,1.7165433385607045,1.1779525719062196,1.1893609257939286,0.535535506905685,0.12711692248320555,-0.906537302592761,0,0.46320311065035596,-0.7217427156047488,1.419533506784684,0.8939241856975975
-1.4488776597493296,0.975304830396693,-0.2645303083393701,-1.0050903941409806,1.6188297640331655,1.473705808137983,-1.5714626214562195,-0.048482188649015184,0.535535506905685,0.8268431012898416,1.5674436401555143,0,0.1510277643062875,-0.7217427156047488,1.419533506784684,-1.118663099175042
0.035459157296085175,-1.0253204627247283,0.1298005860795663,0.1737656997172383,-0.47508628602410485,-0.9546694960892292,-1.2277857222859145,-0.048482188649015184,-1.5319474151966916,-0.9224723457267486,-1.6133890005208396,0,-0.06758312768778423,1.385535286160941,-0.7044567776811773,0.8939241856975975
1.5197959743415,0.975304830396693,0.6227142041032369,0.7285215085916941,0.2228857306616519,-1.5791088600333694,-1.5714626214562195,-1.286325303091959,-1.1873669281796289,-1.6221985245333848,-0.906537302592761,0,0.08128047971770262,-0.7217427156047488,-0.7044567776811773,0.8939241856975975
0.035459157296085175,0.975304830396693,0.6227142041032369,1.699344174121992,-0.8938694960355587,-1.5791088600333694,1.5216294710765244,1.1893609257939286,0.8801159939227476,-0.2227461669201125,1.214017791191475,0,-0.2368925263830323,-0.7217427156047488,-0.7044567776811773,0.8939241856975975
-1.4488776597493296,0.975304830396693,-0.6588612027583065,-0.9357459180316738,-0.1958974793498019,-0.20881136693372795,1.3497910214913722,1.1893609257939286,-0.4982059541455034,1.1767061906931597,0.8605919422274356,0,-0.30027819479631934,-0.7217427156047488,1.419533506784684,-1.118663099175042
0.035459157296085175,-1.0253204627247283,0.32696603328903473,-1.6985351552340504,0.9208577473474087,-1.110779337075264,1.0061141223210675,-0.048482188649015184,1.5692769679568732,-0.2227461669201125,-1.2599631515568004,0,1.4587893503422509,-0.7217427156047488,-0.7044567776811773,0.8939241856975975
0.5302380963112234,0.975304830396693,-1.053192097177243,-0.3116456330479107,-1.4522471093841642,1.1788316640532503,0.8342756727359149,-0.048482188649015184,0.535535506905685,1.1767061906931597,-1.2599631515568004,0,-0.8951815045224835,-0.7217427156047488,1.419533506784684,0.8939241856975975
-0.4593197817190531,0.975304830396693,1.41137599294111,-0.3809901091572174,1.2000465540217116,-0.17412029115905348,1.5216294710765244,1.1893609257939286,0.535535506905685,-0.9224723457267486,0.8605919422274356,0,1.339095917044044,-0.7217427156047488,-0.7044567776811773,-1.118663099175042
1.0250170353263617,-1.0253204627247283,1.2635019075340086,-1.1437793463595947,0.5020745373359549,-0.8332507308778688,-0.19675502477499981,-1.286325303091959,-1.5319474151966916,-1.6221985245333848,1.5674436401555143,0,1.9274039186718046,1.385535286160941,-0.7044567776811773,0.8939241856975975
0.035459157296085175,0.975304830396693,0.9677537367198064,0.6591770324823872,0.2228857306616519,-1.3362713296106479,0.14692187439530519,1.1893609257939286,1.5692769679568732,1.5265692800964776,-1.2599631515568004,0,0.3560282291443571,-0.7217427156047488,1.419533506784684,0.8939241856975975
-1.4488776597493296,0.975304830396693,1.41137599294111,0.3817991280451591,0.08329132732450074,-1.4229990190473345,0.6624372231507623,1.1893609257939286,1.2246964809398104,1.5265692800964776,-0.19968560466468235,0,0.8235908656962115,-0.7217427156047488,-0.7044567776811773,-1.118663099175042
-0.4593197817190531,-1.0253204627247283,-0.3138216701417372,-0.03426772861068253,-0.056303076012650735,-0.20881136693372795,1.3497910214913722,-1.286325303091959,0.19095501988862215,0.12711692248320555,0.15374024429935695,0,-0.34755634036992367,1.385535286160941,-0.7044567776811773,-1.118663099175042
-0.4593197817190531,-1.0253204627247283,0.031217862474832096,1.4913107457940706,0.36248013399880336,0.03402616348899273,-1.7433010710413719,-0.048482188649015184,-1.5319474151966916,0.8268431012898416,-0.906537302592761,0,-0.542390006894177,-0.7217427156047488,-0.7044567776811773,-1.118663099175042
1.5197959743415,0.975304830396693,-1.4968143533985465,0.1737656997172383,-1.03346389937271,1.5777790354620067,-1.055947272700762,-0.048482188649015184,-0.4982059541455034,-0.9224723457267486,-0.906537302592761,0,-1.35582588408142,-0.7217427156047488,1.419533506784684,0.8939241856975975
-0.4593197817190531,-1.0253204627247283,0.6227142041032369,0.45114360415446586,-0.8938694960355587,1.265559353489937,0.8342756727359149,-0.048482188649015184,1.2246964809398104,0.12711692248320555,0.15374024429935695,0,0.19523378974975664,1.385535286160941,-0.7044567776811773,-1.118663099175042
0.5302380963112234,-1.0253204627247283,0.9184623749174395,-1.0744348702502873,0.5020745373359549,-0.36492120791976357,-0.024916575189847412,-1.286325303091959,-1.1873669281796289,-1.2723354351300666,0.15374024429935695,0,1.4748027575182012,-0.7217427156047488,1.419533506784684,0.8939241856975975
0.035459157296085175,-1.0253204627247283,-1.201066182584344,1.2139328413568424,0.9208577473474087,0.45031907278508665,-1.5714626214562195,-1.286325303091959,-1.5319474151966916,-1.6221985245333848,0.8605919422274356,0,-1.2715616683084436,-0.7217427156047488,1.419533506784684,0.8939241856975975
0.5302380963112234,-1.0253204627247283,-1.1517748207819771,0.0350767474986242,1.758424167370317,-0.8679418066525426,-1.3996241718710671,1.1893609257939286,-0.15362546712844063,0.8268431012898416,-0.5531114536287216,0,-1.0561367766499865,-0.7217427156047488,1.419533506784684,0.8939241856975975
-0.9540987207341913,0.975304830396693,0.4748401186961358,0.6591770324823872,1.6188297640331655,0.9533396715178665,0.14692187439530519,-1.286325303091959,0.8801159939227476,-0.5726092563234305,1.5674436401555143,0,0.0025791518373400766,-0.7217427156047488,1.419533506784684,-1.118663099175042
0.5302380963112234,-1.0253204627247283,1.0170450985221733,0.6591770324823872,0.6416689406731063,-0.6251042762298219,-0.7122703735304572,-1.286325303091959,0.535535506905685,-0.5726092563234305,1.214017791191475,0,0.39137313687505876,-0.7217427156047488,-0.7044567776811773,0.8939241856975975
1.5197959743415,-1.0253204627247283,0.32696603328903473,0.10442122360793094,-0.1958974793498019,-1.0934337991879273,0.6624372231507623,-0.048482188649015184,-1.1873669281796289,0.12711692248320555,1.5674436401555143,0,0.11932445312965817,1.385535286160941,-0.7044567776811773,0.8939241856975975
0.5302380963112234,0.975304830396693,0.08050922427719942,-0.9357459180316738,0.36248013399880336,-1.110779337075264,1.3497910214913722,-0.048482188649015184,0.8801159939227476,1.1767061906931597,-1.6133890005208396,0,0.4689933264013061,-0.7217427156047488,1.419533506784684,0.8939241856975975
1.5197959743415,-1.0253204627247283,1.2635019075340086,-0.10361220471998989,0.6416689406731063,1.5430879596873321,-0.3685934743601522,-1.286325303091959,1.5692769679568732,-0.5726092563234305,1.214017791191475,0,1.006262325332981,-0.7217427156047488,-0.7044567776811773,0.8939241856975975
1.5197959743415,-1.0253204627247283,-0.1659475847346359,1.1445883652475357,-0.47508628602410485,-0.5730676625678098,1.5216294710765244,-0.048482188649015184,1.2246964809398104,-0.5726092563234305,-1.2599631515568004,0,-0.5851935730176622,-0.7217427156047488,-0.7044567776811773,0.8939241856975975
0.5302380963112234,-1.0253204627247283,-1.5953970770032808,-0.9357459180316738,0.6416689406731063,0.779884292644494,-0.7122703735304572,-1.286325303091959,0.535535506905685,0.8268431012898416,0.15374024429935695,0,-1.2746887883133118,1.385535286160941,-0.7044567776811773,0.8939241856975975
1.0250170353263617,0.975304830396693,-0.9546093735725089,0.9365549369196149,0.2228857306616519,0.27686369391171417,-1.055947272700762,1.1893609257939286,0.8801159939227476,-0.9224723457267486,-1.2599631515568004,0,-1.069549715993945,-0.7217427156047488,-0.7044567776811773,0.8939241856975975
-0.4593197817190531,0.975304830396693,0.8198796513127053,1.1445883652475357,0.7812633440102572,0.8145753684191684,0.49059877356561,-0.048482188649015184,-0.15362546712844063,-0.5726092563234305,1.214017791191475,0,0.060614617617381454,1.385535286160941,-0.7044567776811773,-1.118663099175042
-0.9540987207341913,-1.0253204627247283,0.8198796513127053,-0.9357459180316738,-0.33549188268695335,1.4910513460253207,-1.3996241718710671,-1.286325303091959,-0.8427864411625662,-0.5726092563234305,1.5674436401555143,0,1.2382648475989317,-0.7217427156047488,1.419533506784684,-1.118663099175042
1.0250170353263617,0.975304830396693,0.1298005860795663,1.421966269684764,1.479235360696014,1.3522870429266227,0.49059877356561,-0.048482188649015184,-0.15362546712844063,-0.5726092563234305,-0.906537302592761,0,-0.4643894526518131,-0.7217427156047488,1.419533506784684,0.8939241856975975
1.0250170353263617,-1.0253204627247283,-0.7574439263630407,-1.2824682985782088,0.36248013399880336,-1.3015802538359733,0.8342756727359149,1.1893609257939286,1.5692769679568732,-1.2723354351300666,-0.19968560466468235,0,-0.23561479156521484,-0.7217427156047488,-0.7044567776811773,0.8939241856975975
0.035459157296085175,0.975304830396693,0.08050922427719942,1.2139328413568424,1.339640957358863,0.08606277715100485,-1.2277857222859145,-1.286325303091959,-1.5319474151966916,-0.9224723457267486,-0.5531114536287216,0,-0.44224944301734465,1.385535286160941,-0.7044567776811773,0.8939241856975975
1.0250170353263617,-1.0253204627247283,-0.06736486112990167,-0.9357459180316738,-0.47508628602410485,-1.1454704128499387,-0.7122703735304572,-0.048482188649015184,-1.1873669281796289,0.47698001188652356,-0.5531114536287216,0,0.31513902216178125,-0.7217427156047488,-0.7044567776811773,0.8939241856975975
-0.9540987207341913,-1.0253204627247283,-1.1024834589796102,0.58983255637308,0.7812633440102572,-0.33023013214508906,0.8342756727359149,1.1893609257939286,-0.4982059541455034,0.12711692248320555,-0.19968560466468235,0,-1.1173218287258526,-0.7217427156047488,1.419533506784684,-1.118663099175042
-0.9540987207341913,-1.0253204627247283,-0.7081525645606735,0.31245465193585237,0.2228857306616519,-1.3709624053853224,0.3187603239804574,1.1893609257939286,-0.8427864411625662,-0.5726092563234305,-1.2599631515568004,0,-0.766300652565316,1.385535286160941,-0.7044567776811773,-1.118663099175042
1.0250170353263617,0.975304830396693,-0.8067352881654077,0.7285215085916941,-1.5918415127213155,-1.2842347159486365,-0.024916575189847412,-1.286325303091959,-0.4982059541455034,0.47698001188652356,-0.5531114536287216,0,-0.9300551468167757,-0.7217427156047488,1.419533506784684,0.8939241856975975
-1.4488776597493296,0.975304830396693,-1.3489402679914455,-1.4211572507968222,-1.5918415127213155,0.849266444193843,1.1779525719062196,1.1893609257939286,-0.8427864411625662,-1.6221985245333848,1.5674436401555143,0,-0.8714040211400114,1.385535286160941,-0.7044567776811773,-1.118663099175042
-0.4593197817190531,-1.0253204627247283,-1.2503575443867112,-1.2131238224689014,-0.614680689361256,0.9706852094052033,0.49059877356561,-0.048482188649015184,-1.1873669281796289,0.12711692248320555,-0.19968560466468235,0,-0.8284021894908598,1.385535286160941,-0.7044567776811773,-1.118663099175042
-1.4488776597493296,-1.0253204627247283,-0.1659475847346359,1.0058994130289223,1.339640957358863,1.3349415050392852,-1.5714626214562195,1.1893609257939286,1.5692769679568732,0.47698001188652356,-1.2599631515568004,0,-0.5508594666801032,1.385535286160941,-0.7044567776811773,-1.118663099175042
0.5302380963112234,-1.0253204627247283,1.0663364603245407,1.0058994130289223,-0.47508628602410485,1.5951245733493442,-1.055947272700762,-1.286325303091959,-0.8427864411625662,-0.9224723457267486,-1.6133890005208396,0,0.2768377396717724,-0.7217427156047488,-0.7044567776811773,0.8939241856975975
0.5302380963112234,-1.0253204627247283,-1.1517748207819771,0.5204880802637732,-1.731435916058467,-1.0587427234132527,0.3187603239804574,1.1893609257939286,1.5692769679568732,-0.5726092563234305,0.8605919422274356,0,-1.1422031374403876,-0.7217427156047488,-0.7044567776811773,0.8939241856975975
0.5302380963112234,-1.0253204627247283,-1.6939798006080147,0.24311017582654504,-1.5918415127213155,-1.2321981022866253,1.0061141223210675,1.1893609257939286,1.2246964809398104,-0.9224723457267486,0.5071660932633962,0,-1.5182914366925602,-0.7217427156047488,1.419533506784684,0.8939241856975975
0.035459157296085175,-1.0253204627247283,0.9184623749174395,-0.3809901091572174,1.479235360696014,1.4216691944759718,0.49059877356561,-1.286325303091959,-1.5319474151966916,-0.9224723457267486,0.5071660932633962,0,0.8957869048284631,-0.7217427156047488,1.419533506784684,0.8939241856975975
1.5197959743415,-1.0253204627247283,-0.8560266499677749,-0.3809901091572174,-0.33549188268695335,-0.24350244270840246,-0.7122703735304572,-1.286325303091959,1.5692769679568732,1.1767061906931597,-0.5531114536287216,0,-0.7001255391476279,1.385535286160941,-0.7044567776811773,0.8939241856975975
-1.4488776597493296,0.975304830396693,-1.1517748207819771,-0.4503345852665248,0.36248013399880336,1.1094495125039012,1.5216294710765244,-0.048482188649015184,-0.4982059541455034,-0.5726092563234305,1.5674436401555143,0,-0.9492957770481093,-0.7217427156047488,-0.7044567776811773,-1.118663099175042
1.5197959743415,0.975304830396693,0.57342284230087,-1.1437793463595947,0.6416689406731063,1.1614861261659135,-0.19675502477499981,-0.048482188649015184,-0.8427864411625662,0.47698001188652356,-0.19968560466468235,0,1.1645429934841591,1.385535286160941,-0.7044567776811773,0.8939241856975975
-0.4593197817190531,0.975304830396693,0.3762573950914016,0.58983255637308,0.2228857306616519,-0.8332507308778688,0.6624372231507623,-1.286325303091959,1.5692769679568732,-0.5726092563234305,-1.2599631515568004,0,-0.0424492922579373,-0.7217427156047488,-0.7044567776811773,-1.118663099175042
-0.9540987207341913,0.975304830396693,-0.7081525645606735,1.6299996980126852,-0.33549188268695335,1.5951245733493442,-0.7122703735304572,1.1893609257939286,-0.4982059541455034,1.1767061906931597,0.15374024429935695,0,-1.020013292280462,-0.7217427156047488,1.419533506784684,-1.118663099175042
0.035459157296085175,0.975304830396693,-1.3982316297938124,-1.0744348702502873,-1.5918415127213155,0.6758110653204705,0.14692187439530519,1.1893609257939286,1.5692769679568732,-0.5726092563234305,0.15374024429935695,0,-1.0339643667140552,-0.7217427156047488,1.419533506784684,0.8939241856975975
1.5197959743415,-1.0253204627247283,1.0663364603245407,0.58983255637308,1.479235360696014,-1.2668891780612996,0.6624372231507623,-1.286325303091959,0.535535506905685,0.12711692248320555,0.8605919422274356,0,0.45915789142708974,1.385535286160941,-0.7044567776811773,0.8939241856975975
-1.4488776597493296,-1.0253204627247283,1.608541440150578,0.6591770324823872,-0.056303076012650735,-0.3996122836944381,0.14692187439530519,-0.048482188649015184,1.5692769679568732,-1.6221985245333848,-0.5531114536287216,0,0.8155120296434794,1.385535286160941,-0.7044567776811773,-1.118663099175042
1.0250170353263617,-1.0253204627247283,-1.201066182584344,0.1737656997172383,-1.1730583027098613,1.2829048913772738,-0.5404319239453048,-0.048482188649015184,-0.8427864411625662,-0.2227461669201125,0.5071660932633962,0,-1.1215999283734859,-0.7217427156047488,-0.7044567776811773,0.8939241856975975
0.5302380963112234,-1.0253204627247283,0.2776746714866674,1.4913107457940706,0.2228857306616519,0.5890833758837847,0.14692187439530519,-0.048482188649015184,-1.5319474151966916,0.47698001188652356,0.8605919422274356,0,-0.3903247061923209,-0.7217427156047488,1.419533506784684,0.8939241856975975
1.0250170353263617,-1.0253204627247283,-0.4616957555488383,-0.7277124897037524,-1.1730583027098613,0.7972298305318316,-0.8841088231156097,1.1893609257939286,-1.5319474151966916,1.5265692800964776,-1.2599631515568004,0,-0.1977086586366363,1.385535286160941,-0.7044567776811773,0.8939241856975975
1.0250170353263617,0.975304830396693,0.2283833096843005,0.7978659847010008,0.36248013399880336,1.6471611870113556,-0.8841088231156097,-0.048482188649015184,-0.4982059541455034,-0.9224723457267486,-0.906537302592761,0,-0.22065184435656526,-0.7217427156047488,-0.7044567776811773,0.8939241856975975
0.5302380963112234,0.975304830396693,-1.3982316297938124,1.4913107457940706,-1.1730583027098613,-1.0934337991879273,1.1779525719062196,-0.048482188649015184,1.2246964809398104,-1.6221985245333848,-0.906537302592761,0,-1.424368750964943,-0.7217427156047488,-0.7044567776811773,0.8939241856975975
0.5302380963112234,0.975304830396693,1.1156278221269076,-1.2131238224689014,-1.5918415127213155,0.710502141095145,-0.19675502477499981,-0.048482188649015184,-0.8427864411625662,1.1767061906931597,0.5071660932633962,0,1.8427704117740866,1.385535286160941,-0.7044567776811773,0.8939241856975975
-0.9540987207341913,0.975304830396693,-0.36311303194410427,0.7285215085916941,-1.731435916058467,-1.405653481159997,-0.024916575189847412,1.1893609257939286,-0.15362546712844063,-1.2723354351300666,-1.2599631515568004,0,-0.6161923661681447,-0.7217427156047488,-0.7044567776811773,-1.118663099175042
0.035459157296085175,0.975304830396693,-1.201066182584344,0.8672104608103081,-0.8938694960355587,-1.2495436401739621,0.14692187439530519,1.1893609257939286,-0.8427864411625662,-1.2723354351300666,-0.5531114536287216,0,-1.2280662718770923,1.385535286160941,-0.7044567776811773,0.8939241856975975
-0.4593197817190531,-1.0253204627247283,-0.6588612027583065,-1.6985351552340504,0.36248013399880336,0.45031907278508665,-0.5404319239453048,-0.048482188649015184,0.8801159939227476,-0.5726092563234305,0.8605919422274356,0,0.1510277643062875,1.385535286160941,-0.7044567776811773,-1.118663099175042
1.0250170353263617,0.975304830396693,-1.2996489061890784,-0.5890235374851389,0.7812633440102572,-0.33023013214508906,1.5216294710765244,1.1893609257939286,0.8801159939227476,-1.6221985245333848,0.8605919422274356,0,-1.0539811256839933,1.385535286160941,-0.7044567776811773,0.8939241856975975
-1.4488776597493296,-1.0253204627247283,-0.5109871173512054,0.24311017582654504,-0.33549188268695335,-1.110779337075264,1.3497910214913722,1.1893609257939286,0.535535506905685,-0.9224723457267486,-1.2599631515568004,0,-0.5951656112554092,1.385535286160941,-0.7044567776811773,-1.118663099175042
-0.4593197817190531,-1.0253204627247283,-0.018073499327534787,0.8672104608103081,-1.1730583027098613,-0.6597953520044965,0.14692187439530519,1.1893609257939286,1.2246964809398104,1.5265692800964776,-0.5531114536287216,0,-0.4128382701923359,1.385535286160941,-0.7044567776811773,-1.118663099175042
-1.4488776597493296,-1.0253204627247283,0.721296927707971,-1.0050903941409806,1.0604521506845601,-0.7638685793285199,1.3497910214913722,-1.286325303091959,-0.4982059541455034,1.1767061906931597,-1.2599631515568004,0,1.1972370331350581,-0.7217427156047488,1.419533506784684,-1.118663099175042
-1.4488776597493296,-1.0253204627247283,-0.4616957555488383,-1.1437793463595947,0.6416689406731063,1.0227218230672155,0.3187603239804574,1.1893609257939286,-0.4982059541455034,-0.5726092563234305,0.5071660932633962,0,0.020251605702691043,-0.7217427156047488,1.419533506784684,-1.118663099175042
1.5197959743415,0.975304830396693,0.32696603328903473,0.31245465193585237,0.7812633440102572,-1.5617633221460325,-1.3996241718710671,-1.286325303091959,0.19095501988862215,-0.5726092563234305,0.8605919422274356,0,0.029728138934835748,-0.7217427156047488,1.419533506784684,0.8939241856975975
-1.4488776597493296,0.975304830396693,-0.9053180117701417,0.31245465193585237,-0.47508628602410485,-0.20881136693372795,0.8342756727359149,-0.048482188649015184,-1.1873669281796289,0.12711692248320555,-0.906537302592761,0,-0.9179251842796305,-0.7217427156047488,-0.7044567776811773,-1.118663099175042
0.035459157296085175,-1.0253204627247283,-0.8560266499677749,0.45114360415446586,-0.47508628602410485,1.4910513460253207,-1.055947272700762,-1.286325303091959,0.535535506905685,1.1767061906931597,0.8605919422274356,0,-0.9099168463369731,-0.7217427156047488,1.419533506784684,0.8939241856975975
-0.9540987207341913,0.975304830396693,0.5241314804985027,0.3817991280451591,0.2228857306616519,-0.7118319656665077,-1.055947272700762,-0.048482188649015184,-0.15362546712844063,0.47698001188652356,-0.906537302592761,0,0.15102776430628723,1.385535286160941,-0.7044567776811773,-1.118663099175042
0.035459157296085175,0.975304830396693,-0.9053180117701417,0.5204880802637732,-1.5918415127213155,1.7165433385607045,1.1779525719062196,-0.048482188649015184,0.19095501988862215,-1.6221985245333848,-0.19968560466468235,0,-0.9605695838242816,-0.7217427156047488,-0.7044567776811773,0.8939241856975975
-0.9540987207341913,0.975304830396693,-0.1659475847346359,0.3817991280451591,-0.8938694960355587,-1.5097267084840205,-0.19675502477499981,-1.286325303091959,-0.4982059541455034,0.8268431012898416,-1.6133890005208396,0,-0.37207687010809803,-0.7217427156047488,-0.7044567776811773,-1.118663099175042
1.0250170353263617,-1.0253204627247283,0.2776746714866674,1.2139328413568424,1.479235360696014,-1.405653481159997,-0.8841088231156097,-1.286325303091959,0.8801159939227476,0.8268431012898416,0.8605919422274356,0,-0.31466294681871426,-0.7217427156047488,1.419533506784684,0.8939241856975975
-0.4593197817190531,-1.0253204627247283,0.57342284230087,-0.24230115693860396,-1.4522471093841642,0.15544492870035384,-0.7122703735304572,1.1893609257939286,-0.15362546712844063,1.1767061906931597,0.5071660932633962,0,0.502622682519235,1.385535286160941,-0.7044567776811773,-1.118663099175042
-1.4488776597493296,-1.0253204627247283,-1.4968143533985465,1.0058994130289223,0.08329132732450074,-0.24350244270840246,0.14692187439530519,1.1893609257939286,-0.15362546712844063,0.47698001188652356,-1.6133890005208396,0,-1.4447724495401288,-0.7217427156047488,-0.7044567776811773,-1.118663099175042
-0.4593197817190531,-1.0253204627247283,1.1649191839292747,1.2832773174661503,0.9208577473474087,0.6064289137711215,0.3187603239804574,-1.286325303091959,-1.1873669281796289,-0.5726092563234305,1.214017791191475,0,0.23295981547962488,-0.7217427156047488,1.419533506784684,-1.118663099175042
-0.9540987207341913,0.975304830396693,0.08050922427719942,1.0058994130289223,1.6188297640331655,-0.7812141172158568,-0.5404319239453048,-1.286325303091959,-0.15362546712844063,0.8268431012898416,0.5071660932633962,0,-0.38532002540972815,-0.7217427156047488,1.419533506784684,-1.118663099175042
-0.4593197817190531,-1.0253204627247283,-0.9053180117701417,1.421966269684764,-1.3126527060470128,-0.13942921538437897,0.49059877356561,-0.048482188649015184,0.19095501988862215,-0.9224723457267486,-1.6133890005208396,0,-1.1105775304578185,-0.7217427156047488,-0.7044567776811773,-1.118663099175042
-1.4488776597493296,-1.0253204627247283,0.770588289510338,-0.03426772861068253,1.479235360696014,-0.8332507308778688,1.5216294710765244,-0.048482188649015184,0.19095501988862215,-1.6221985245333848,1.214017791191475,0,0.5515297500298009,-0.7217427156047488,-0.7044567776811773,-1.118663099175042
0.5302380963112234,-1.0253204627247283,0.2283833096843005,0.58983255637308,0.2228857306616519,1.4563602702506462,-1.055947272700762,-1.286325303091959,0.8801159939227476,1.1767061906931597,1.214017791191475,0,-0.14993654590472896,-0.7217427156047488,1.419533506784684,0.8939241856975975
0.5302380963112234,-1.0253204627247283,0.3762573950914016,0.24311017582654504,0.2228857306616519,0.6931566032078081,1.0061141223210675,-0.048482188649015184,1.5692769679568732,0.12711692248320555,0.8605919422274356,0,0.09717875782245362,-0.7217427156047488,-0.7044567776811773,0.8939241856975975
1.5197959743415,0.975304830396693,1.312793269336376,0.10442122360793094,1.6188297640331655,-0.4343033594691118,-1.2277857222859145,1.1893609257939286,-1.5319474151966916,1.5265692800964776,1.214017791191475,0,0.9119072325453937,-0.7217427156047488,1.419533506784684,0.8939241856975975
-0.4593197817190531,0.975304830396693,-1.1024834589796102,-0.5196790613758315,1.479235360696014,-0.34757567003242595,1.5216294710765244,1.1893609257939286,-0.4982059541455034,-1.6221985245333848,-0.5531114536287216,0,-0.8860042302345118,-0.7217427156047488,-0.7044567776811773,-1.118663099175042
0.5302380963112234,-1.0253204627247283,1.3620846311387427,0.9365549369196149,-0.8938694960355587,-1.665836549470056,0.14692187439530519,-0.048482188649015184,-0.8427864411625662,1.5265692800964776,0.15374024429935695,0,0.5064706569211903,-0.7217427156047488,-0.7044567776811773,0.8939241856975975
0.035459157296085175,-1.0253204627247283,-1.4968143533985465,1.075243889138229,-1.4522471093841642,-1.405653481159997,-0.7122703735304572,1.1893609257939286,-0.4982059541455034,0.47698001188652356,-0.19968560466468235,0,-1.4509801785877678,1.385535286160941,-0.7044567776811773,0.8939241856975975
1.0250170353263617,-1.0253204627247283,-1.1517748207819771,0.0350767474986242,0.2228857306616519,1.3869781187012973,-1.3996241718710671,-0.048482188649015184,-1.5319474151966916,0.12711692248320555,-1.2599631515568004,0,-1.0561367766499865,1.385535286160941,-0.7044567776811773,0.8939241856975975
-1.4488776597493296,-1.0253204627247283,0.4748401186961358,0.1737656997172383,-0.1958974793498019,0.1727904665876907,1.1779525719062196,-1.286325303091959,1.5692769679568732,-1.6221985245333848,0.15374024429935695,0,0.20568048730480507,-0.7217427156047488,-0.7044567776811773,-1.118663099175042
1.5197959743415,0.975304830396693,-1.201066182584344,-0.8664014419223665,1.0604521506845601,0.19013600447502835,-1.2277857222859145,-0.048482188649015184,1.2246964809398104,1.1767061906931597,-0.906537302592761,0,-0.8851218000145143,-0.7217427156047488,1.419533506784684,0.8939241856975975
-0.4593197817190531,-1.0253204627247283,-0.018073499327534787,-0.7277124897037524,-0.7542750926984075,1.3349415050392852,1.1779525719062196,-1.286325303091959,-1.5319474151966916,0.8268431012898416,0.5071660932633962,0,0.2382118700420181,-0.7217427156047488,-0.7044567776811773,-1.118663099175042
-1.4488776597493296,0.975304830396693,-0.3138216701417372,-0.4503345852665248,-1.4522471093841642,-0.38226674580710046,0.49059877356561,1.1893609257939286,1.5692769679568732,-0.9224723457267486,-1.6133890005208396,0,-0.1826769162684067,-0.7217427156047488,-0.7044567776811773,-1.118663099175042
-0.9540987207341913,0.975304830396693,0.6227142041032369,-0.9357459180316738,1.2000465540217116,-1.613799935808044,0.8342756727359149,1.1893609257939286,0.535535506905685,-0.2227461669201125,-1.2599631515568004,0,1.0331257752795646,1.385535286160941,-0.7044567776811773,-1.118663099175042
-1.4488776597493296,-1.0253204627247283,1.312793269336376,-1.5598462030154363,1.0604521506845601,-0.5904132004551474,1.0061141223210675,-0.048482188649015184,1.5692769679568732,1.1767061906931597,-0.906537302592761,1,2.542363235914906,-0.7217427156047488,-0.7044567776811773,-1.118663099175042
0.5302380963112234,-1.0253204627247283,-0.8067352881654077,0.7285215085916941,-0.47508628602410485,0.7451932168698195,1.1779525719062196,-0.048482188649015184,-0.15362546712844063,0.12711692248320555,-0.906537302592761,0,-0.9300551468167757,-0.7217427156047488,-0.7044567776811773,0.8939241856975975
0.5302380963112234,0.975304830396693,0.8198796513127053,0.6591770324823872,-1.5918415127213155,0.6758110653204705,0.8342756727359149,-0.048482188649015184,-0.4982059541455034,0.47698001188652356,1.214017791191475,0,0.24999350595225217,1.385535286160941,-0.7044567776811773,0.8939241856975975
1.0250170353263617,-1.0253204627247283,-1.6939798006080147,-1.0744348702502873,1.2000465540217116,-0.9720150339765661,0.49059877356561,-1.286325303091959,1.2246964809398104,0.47698001188652356,0.15374024429935695,0,-1.3542325102330663,-0.7217427156047488,-0.7044567776811773,0.8939241856975975
1.5197959743415,0.975304830396693,0.32696603328903473,-1.4905017269061296,-0.614680689361256,-1.2148525643992876,0.49059877356561,1.1893609257939286,1.5692769679568732,0.8268431012898416,1.5674436401555143,1,1.2215674812473556,1.385535286160941,-0.7044567776811773,0.8939241856975975
-0.4593197817190531,-1.0253204627247283,0.2283833096843005,0.7978659847010008,0.08329132732450074,-0.8159051929905312,0.6624372231507623,-1.286325303091959,-1.5319474151966916,-0.5726092563234305,-0.906537302592761,0,-0.22065184435656526,1.385535286160941,-0.7044567776811773,-1.118663099175042
-1.4488776597493296,-1.0253204627247283,-1.1024834589796102,1.5606552219033774,-0.7542750926984075,0.45031907278508665,0.8342756727359149,-1.286325303091959,1.2246964809398104,1.1767061906931597,-1.6133890005208396,0,-1.2499306244126986,-0.7217427156047488,1.419533506784684,-1.118663099175042
-0.4593197817190531,-1.0253204627247283,0.32696603328903473,-0.5890235374851389,-0.33549188268695335,0.2421726181370397,-1.5714626214562195,-0.048482188649015184,0.535535506905685,1.1767061906931597,-0.5531114536287216,1,0.4873093150012498,-0.7217427156047488,1.419533506784684,-1.118663099175042
-1.4488776597493296,-1.0253204627247283,-0.5109871173512054,1.5606552219033774,-0.47508628602410485,0.8839575199685175,0.49059877356561,-1.286325303091959,1.2246964809398104,-0.5726092563234305,-0.19968560466468235,0,-0.8891688075751916,-0.7217427156047488,-0.7044567776811773,-1.118663099175042
0.035459157296085175,-1.0253204627247283,-0.5109871173512054,-1.5598462030154363,-0.33549188268695335,1.7165433385607045,-1.055947272700762,1.1893609257939286,-1.5319474151966916,0.47698001188652356,-1.2599631515568004,0,0.2382118700420181,-0.7217427156047488,-0.7044567776811773,0.8939241856975975
1.5197959743415,0.975304830396693,1.5592500783482113,-1.5598462030154363,1.2000465540217116,-1.3709624053853224,1.3497910214913722,-0.048482188649015184,0.8801159939227476,1.1767061906931597,-0.5531114536287216,1,2.853735042113945,1.385535286160941,-0.7044567776811773,0.8939241856975975
1.0250170353263617,-1.0253204627247283,-1.2503575443867112,1.4913107457940706,0.6416689406731063,0.9359941336305289,1.5216294710765244,-0.048482188649015184,-1.1873669281796289,-0.2227461669201125,0.8605919422274356,0,-1.3331295705438293,-0.7217427156047488,-0.7044567776811773,0.8939241856975975
-1.4488776597493296,-1.0253204627247283,0.2776746714866674,-1.3518127746875155,1.339640957358863,-0.7812141172158568,0.6624372231507623,-1.286325303091959,-1.1873669281796289,-0.9224723457267486,1.5674436401555143,0,1.0228688216635964,-0.7217427156047488,1.419533506784684,-1.118663099175042
0.035459157296085175,0.975304830396693,-1.2503575443867112,1.0058994130289223,0.9208577473474087,-0.31288459425775145,1.5216294710765244,-0.048482188649015184,1.5692769679568732,0.12711692248320555,0.15374024429935695,0,-1.2792330082697538,1.385535286160941,-0.7044567776811773,0.8939241856975975
-0.4593197817190531,0.975304830396693,0.08050922427719942,1.3526217935754572,0.2228857306616519,1.5777790354620067,-0.024916575189847412,-1.286325303091959,-0.4982059541455034,1.5265692800964776,0.15374024429935695,0,-0.4779432842157712,1.385535286160941,-0.7044567776811773,-1.118663099175042
0.5302380963112234,-1.0253204627247283,1.1649191839292747,-0.24230115693860396,0.9208577473474087,1.3522870429266227,0.14692187439530519,1.1893609257939286,1.2246964809398104,-0.5726092563234305,1.214017791191475,0,1.0171518311235488,-0.7217427156047488,1.419533506784684,0.8939241856975975
1.0250170353263617,0.975304830396693,0.6720055659056042,-1.4211572507968222,1.339640957358863,-1.5617633221460325,1.3497910214913722,-1.286325303091959,-1.5319474151966916,0.12711692248320555,0.15374024429935695,0,1.565788025563375,1.385535286160941,-0.7044567776811773,0.8939241856975975
1.5197959743415,0.975304830396693,-0.9053180117701417,-0.10361220471998989,-0.614680689361256,1.5951245733493442,0.3187603239804574,-1.286325303091959,0.535535506905685,-0.2227461669201125,0.5071660932633962,0,-0.820452271034714,1.385535286160941,-0.7044567776811773,0.8939241856975975
0.035459157296085175,0.975304830396693,1.6578328019529454,1.075243889138229,-0.1958974793498019,0.8319209063065062,0.8342756727359149,-1.286325303091959,-0.8427864411625662,-0.2227461669201125,0.15374024429935695,0,0.6414383590697738,-0.7217427156047488,1.419533506784684,0.8939241856975975
0.035459157296085175,-1.0253204627247283,1.41137599294111,-0.6583680135944456,0.08329132732450074,-1.4923811705966836,-1.2277857222859145,-1.286325303091959,0.535535506905685,1.1767061906931597,1.214017791191475,1,1.5776767672546113,-0.7217427156047488,1.419533506784684,0.8939241856975975
0.5302380963112234,-1.0253204627247283,-1.1024834589796102,-1.0744348702502873,-0.056303076012650735,-1.596454397920707,-1.2277857222859145,1.1893609257939286,-0.8427864411625662,0.47698001188652356,0.5071660932633962,0,-0.7136962231950438,1.385535286160941,-0.7044567776811773,0.8939241856975975
-1.4488776597493296,0.975304830396693,1.2635019075340086,-0.5196790613758315,0.5020745373359549,0.918648595743192,1.1779525719062196,-0.048482188649015184,-1.5319474151966916,-1.6221985245333848,-0.906537302592761,0,1.3165415988786895,-0.7217427156047488,-0.7044567776811773,-1.118663099175042
0.035459157296085175,0.975304830396693,1.1649191839292747,0.24311017582654504,-0.8938694960355587,0.5890833758837847,-0.024916575189847412,1.1893609257939286,0.535535506905685,1.1767061906931597,-0.5531114536287216,0,0.7125959747805545,1.385535286160941,-0.7044567776811773,0.8939241856975975
0.035459157296085175,-1.0253204627247283,0.5241314804985027,1.0058994130289223,0.36248013399880336,1.5951245733493442,-0.7122703735304572,1.1893609257939286,0.535535506905685,-0.9224723457267486,1.5674436401555143,0,-0.08734903112305306,-0.7217427156047488,1.419533506784684,0.8939241856975975
0.035459157296085175,-1.0253204627247283,0.32696603328903473,1.1445883652475357,0.5020745373359549,-0.5557221246804729,1.1779525719062196,1.1893609257939286,1.2246964809398104,1.5265692800964776,1.5674436401555143,0,-0.2622894777001404,-0.7217427156047488,1.419533506784684,0.8939241856975975
0.5302380963112234,0.975304830396693,-0.018073499327534787,-1.0744348702502873,-1.731435916058467,0.779884292644494,0.3187603239804574,1.1893609257939286,-0.15362546712844063,-0.9224723457267486,-1.6133890005208396,0,0.46062030304133156,-0.7217427156047488,-0.7044567776811773,0.8939241856975975
-0.9540987207341913,0.975304830396693,-0.4616957555488383,-1.6985351552340504,-0.47508628602410485,1.4563602702506462,-0.8841088231156097,1.1893609257939286,-1.5319474151966916,-0.2227461669201125,-1.2599631515568004,0,0.41258008151348013,-0.7217427156047488,1.419533506784684,-1.118663099175042
1.5197959743415,0.975304830396693,1.312793269336376,-1.0050903941409806,0.6416689406731063,-0.8505962687652058,-0.5404319239453048,-1.286325303091959,0.19095501988862215,1.1767061906931597,-1.2599631515568004,0,1.8249625944323205,1.385535286160941,-0.7044567776811773,0.8939241856975975
0.5302380963112234,0.975304830396693,0.9184623749174395,1.4913107457940706,0.7812633440102572,-0.7291775035538454,0.49059877356561,-0.048482188649015184,1.2246964809398104,1.5265692800964776,-0.19968560466468235,0,0.005045075632505685,-0.7217427156047488,1.419533506784684,0.8939241856975975
-0.4593197817190531,0.975304830396693,1.2635019075340086,0.0350767474986242,-1.4522471093841642,1.6471611870113556,-1.3996241718710671,1.1893609257939286,-0.4982059541455034,0.47698001188652356,-1.6133890005208396,0,0.9155653069119273,-0.7217427156047488,-0.7044567776811773,-1.118663099175042
1.0250170353263617,0.975304830396693,-1.6446884388056477,-1.6291906791247437,-0.8938694960355587,0.08606277715100485,1.0061141223210675,-0.048482188649015184,-1.5319474151966916,-0.9224723457267486,0.15374024429935695,0,-1.1758717961594705,-0.7217427156047488,-0.7044567776811773,0.8939241856975975
1.5197959743415,0.975304830396693,1.0170450985221733,1.6299996980126852,-1.1730583027098613,1.473705808137983,-1.2277857222859145,-1.286325303091959,1.5692769679568732,1.5265692800964776,0.15374024429935695,0,0.020251605702690755,-0.7217427156047488,1.419533506784684,0.8939241856975975
1.5197959743415,-1.0253204627247283,0.9677537367198064,-0.03426772861068253,-0.8938694960355587,1.2482138156025993,0.3187603239804574,-0.048482188649015184,0.8801159939227476,1.1767061906931597,0.8605919422274356,0,0.7149999482842966,-0.7217427156047488,1.419533506784684,0.8939241856975975
0.035459157296085175,0.975304830396693,-1.2503575443867112,-1.4211572507968222,-1.4522471093841642,-0.5383765867931353,-0.3685934743601522,1.1893609257939286,-1.5319474151966916,-0.5726092563234305,1.5674436401555143,0,-0.752516604227651,-0.7217427156047488,1.419533506784684,0.8939241856975975
-1.4488776597493296,0.975304830396693,-1.003900735374876,-0.7970569658130597,-1.3126527060470128,0.22482708024970283,-1.055947272700762,-1.286325303091959,-0.8427864411625662,-0.2227461669201125,-0.906537302592761,0,-0.7076534280343074,1.385535286160941,-0.7044567776811773,-1.118663099175042
1.5197959743415,0.975304830396693,-1.201066182584344,1.6299996980126852,0.7812633440102572,-1.3362713296106479,0.3187603239804574,-1.286325303091959,-0.15362546712844063,-0.2227461669201125,-0.906537302592761,0,-1.3172318345613625,1.385535286160941,-0.7044567776811773,0.8939241856975975
0.035459157296085175,-1.0253204627247283,1.2635019075340086,1.6299996980126852,0.08329132732450074,1.7338888764480422,-0.3685934743601522,-0.048482188649015184,0.19095501988862215,1.5265692800964776,0.8605919422274356,0,0.1688608768431413,-0.7217427156047488,1.419533506784684,0.8939241856975975
1.5197959743415,-1.0253204627247283,1.1156278221269076,-1.4211572507968222,0.5020745373359549,1.2135227398279247,-1.055947272700762,-1.286325303091959,-0.8427864411625662,-1.2723354351300666,0.8605919422274356,0,2.100781401668996,-0.7217427156047488,-0.7044567776811773,0.8939241856975975
-1.4488776597493296,0.975304830396693,0.32696603328903473,-0.7277124897037524,-1.3126527060470128,-1.041397185525915,1.693467920661677,-0.048482188649015184,0.8801159939227476,-0.9224723457267486,1.5674436401555143,0,0.5772611701254161,-0.7217427156047488,-0.7044567776811773,-1.118663099175042
1.5197959743415,0.975304830396693,1.2142105457316417,-1.3518127746875155,0.7812633440102572,0.46766461067242354,1.1779525719062196,-1.286325303091959,1.2246964809398104,1.5265692800964776,-0.906537302592761,1,2.127200827649521,-0.7217427156047488,1.419533506784684,0.8939241856975975
1.5197959743415,0.975304830396693,1.1156278221269076,1.3526217935754572,0.36248013399880336,-0.6771408898918333,0.8342756727359149,-0.048482188649015184,0.535535506905685,-1.2723354351300666,-1.2599631515568004,0,0.17593750880221024,-0.7217427156047488,1.419533506784684,0.8939241856975975
0.035459157296085175,-1.0253204627247283,-0.36311303194410427,-0.7970569658130597,-0.33549188268695335,-1.6484910115827183,0.8342756727359149,-1.286325303091959,-0.15362546712844063,1.5265692800964776,-0.19968560466468235,0,-0.06611000846949534,-0.7217427156047488,1.419533506784684,0.8939241856975975
-0.9540987207341913,0.975304830396693,-0.8067352881654077,0.5204880802637732,0.36248013399880336,1.6818522627860302,0.8342756727359149,1.1893609257939286,1.2246964809398104,1.5265692800964776,-0.5531114536287216,0,-0.8879161623778392,1.385535286160941,-0.7044567776811773,-1.118663099175042
0.035459157296085175,0.975304830396693,-0.4616957555488383,0.10442122360793094,-1.4522471093841642,-1.2842347159486365,1.5216294710765244,-0.048482188649015184,-0.4982059541455034,-1.6221985245333848,0.8605919422274356,0,-0.5147417704029302,1.385535286160941,-0.7044567776811773,0.8939241856975975
-1.4488776597493296,0.975304830396693,-0.2645303083393701,1.2832773174661503,-1.5918415127213155,1.2482138156025993,-1.5714626214562195,-0.048482188649015184,-1.1873669281796289,0.12711692248320555,-1.6133890005208396,0,-0.6808976783768317,-0.7217427156047488,-0.7044567776811773,-1.118663099175042
0.5302380963112234,-1.0253204627247283,1.460667354743477,-1.2131238224689014,0.5020745373359549,-0.7638685793285199,-1.5714626214562195,-1.286325303091959,-0.8427864411625662,1.1767061906931597,-1.6133890005208396,0,2.232316416125225,-0.7217427156047488,-0.7044567776811773,0.8939241856975975
0.035459157296085175,-1.0253204627247283,0.721296927707971,1.5606552219033774,-0.33549188268695335,1.3349415050392852,-1.5714626214562195,1.1893609257939286,-1.1873669281796289,-0.2227461669201125,-0.5531114536287216,0,-0.1375816891637182,-0.7217427156047488,-0.7044567776811773,0.8939241856975975
0.035459157296085175,-1.0253204627247283,-0.4616957555488383,-0.24230115693860396,1.479235360696014,1.4043236565886341,-1.5714626214562195,-1.286325303091959,-1.1873669281796289,-1.6221985245333848,0.5071660932633962,0,-0.3978033275383134,1.385535286160941,-0.7044567776811773,0.8939241856975975
1.5197959743415,0.975304830396693,0.08050922427719942,1.2139328413568424,-0.7542750926984075,-0.27819351848307694,0.3187603239804574,-1.286325303091959,-0.15362546712844063,1.1767061906931597,1.214017791191475,0,-0.44224944301734465,-0.7217427156047488,-0.7044567776811773,0.8939241856975975
-1.4488776597493296,0.975304830396693,-1.2503575443867112,0.10442122360793094,-1.1730583027098613,0.6064289137711215,0.8342756727359149,-1.286325303091959,-0.15362546712844063,1.1767061906931597,-0.5531114536287216,0,-1.1488079939355187,1.385535286160941,-0.7044567776811773,-1.118663099175042
-1.4488776597493296,0.975304830396693,1.608541440150578,0.5204880802637732,-0.614680689361256,0.5543923001091101,-0.3685934743601522,-1.286325303091959,1.2246964809398104,-1.2723354351300666,-0.5531114536287216,0,0.8920926630599998,-0.7217427156047488,1.419533506784684,-1.118663099175042
1.5197959743415,0.975304830396693,0.6720055659056042,0.6591770324823872,-1.4522471093841642,0.48501014855976116,1.1779525719062196,-1.286325303091959,-1.5319474151966916,1.1767061906931597,1.214017791191475,0,0.14395878276014695,-0.7217427156047488,1.419533506784684,0.8939241856975975
1.5197959743415,0.975304830396693,1.5592500783482113,1.3526217935754572,1.479235360696014,0.7625387547571572,-1.3996241718710671,1.1893609257939286,0.535535506905685,0.12711692248320555,0.15374024429935695,0,0.4561721343813454,-0.7217427156047488,1.419533506784684,0.8939241856975975
-1.4488776597493296,0.975304830396693,-1.1517748207819771,-0.7277124897037524,-0.7542750926984075,-1.1454704128499387,-0.3685934743601522,1.1893609257939286,1.5692769679568732,-0.9224723457267486,-0.5531114536287216,0,-0.875807258803432,-0.7217427156047488,1.419533506784684,-1.118663099175042
1.0250170353263617,-1.0253204627247283,1.5592500783482113,0.7978659847010008,1.6188297640331655,1.4216691944759718,-0.8841088231156097,-1.286325303091959,1.5692769679568732,-0.9224723457267486,0.15374024429935695,0,0.7085471773005669,-0.7217427156047488,1.419533506784684,0.8939241856975975
1.0250170353263617,0.975304830396693,-0.6588612027583065,-0.3116456330479107,-0.33549188268695335,0.641119989545796,0.8342756727359149,-1.286325303091959,1.2246964809398104,0.47698001188652356,1.5674436401555143,0,-0.5464450815795598,1.385535286160941,-0.7044567776811773,0.8939241856975975
0.035459157296085175,0.975304830396693,-1.2503575443867112,0.9365549369196149,-1.731435916058467,-0.31288459425775145,0.6624372231507623,-1.286325303091959,1.5692769679568732,-1.2723354351300666,-0.5531114536287216,0,-1.270743806153324,-0.7217427156047488,1.419533506784684,0.8939241856975975
-0.4593197817190531,-1.0253204627247283,0.8198796513127053,-0.8664014419223665,-1.03346389937271,1.6471611870113556,0.6624372231507623,-0.048482188649015184,-0.15362546712844063,-1.2723354351300666,0.5071660932633962,0,1.1771176241191201,-0.7217427156047488,-0.7044567776811773,-1.118663099175042
1.5197959743415,-1.0253204627247283,-1.053192097177243,1.5606552219033774,-0.1958974793498019,-1.0240516476385781,-1.5714626214562195,1.1893609257939286,-1.1873669281796289,1.1767061906931597,0.5071660932633962,0,-1.2198671396762397,1.385535286160941,-0.7044567776811773,0.8939241856975975
-0.4593197817190531,0.975304830396693,-0.5602784791535724,1.075243889138229,-1.03346389937271,-1.180161488624613,-0.024916575189847412,-1.286325303091959,-0.4982059541455034,0.47698001188652356,0.15374024429935695,0,-0.8297934252206852,-0.7217427156047488,-0.7044567776811773,-1.118663099175042
1.5197959743415,0.975304830396693,0.721296927707971,-1.5598462030154363,-1.1730583027098613,-1.0067061097512406,-0.3685934743601522,1.1893609257939286,0.535535506905685,1.1767061906931597,1.214017791191475,1,1.795070901037213,1.385535286160941,-0.7044567776811773,0.8939241856975975
0.035459157296085175,-1.0253204627247283,0.3762573950914016,-0.5890235374851389,1.0604521506845601,-0.4516488973564494,0.49059877356561,1.1893609257939286,0.535535506905685,1.5265692800964776,-0.5531114536287216,1,0.5340150859311055,-0.7217427156047488,-0.7044567776811773,0.8939241856975975
0.5302380963112234,-1.0253204627247283,0.4748401186961358,-0.10361220471998989,-1.3126527060470128,-0.6944864277791709,1.0061141223210675,-1.286325303091959,0.19095501988862215,0.8268431012898416,0.5071660932633962,0,0.3420024721083646,1.385535286160941,-0.7044567776811773,0.8939241856975975
0.5302380963112234,0.975304830396693,-0.4616957555488383,-0.24230115693860396,1.479235360696014,-1.041397185525915,-0.7122703735304572,-0.048482188649015184,0.19095501988862215,0.8268431012898416,-0.19968560466468235,0,-0.3978033275383134,-0.7217427156047488,-0.7044567776811773,0.8939241856975975
0.5302380963112234,-1.0253204627247283,-0.4124043937464712,-0.10361220471998989,-0.614680689361256,-0.5036855110184608,0.14692187439530519,1.1893609257939286,-1.1873669281796289,0.12711692248320555,1.214017791191475,0,-0.40528986276932877,1.385535286160941,-0.7044567776811773,0.8939241856975975
0.035459157296085175,-1.0253204627247283,1.41137599294111,0.6591770324823872,-1.1730583027098613,1.2308682777152624,0.49059877356561,1.1893609257939286,1.5692769679568732,0.12711692248320555,-1.2599631515568004,0,0.6741323987206728,1.385535286160941,-0.7044567776811773,0.8939241856975975
-1.4488776597493296,0.975304830396693,0.3762573950914016,-0.3116456330479107,-1.03346389937271,-0.12208367749704212,-0.5404319239453048,-1.286325303091959,-0.8427864411625662,0.8268431012898416,-0.19968560466468235,0,0.36898802864561453,1.385535286160941,-0.7044567776811773,-1.118663099175042
1.0250170353263617,-1.0253204627247283,0.1298005860795663,-0.6583680135944456,0.08329132732450074,-0.1567747532717166,-0.7122703735304572,-0.048482188649015184,0.19095501988862215,-1.2723354351300666,-0.19968560466468235,0,0.3412476313660638,1.385535286160941,-0.7044567776811773,0.8939241856975975
-1.4488776597493296,0.975304830396693,-0.5602784791535724,-1.3518127746875155,-1.731435916058467,1.2482138156025993,-0.024916575189847412,1.1893609257939286,-1.5319474151966916,1.5265692800964776,-1.6133890005208396,0,0.03478228999197947,-0.7217427156047488,1.419533506784684,-1.118663099175042
0.5302380963112234,-1.0253204627247283,1.2142105457316417,1.699344174121992,-1.5918415127213155,1.1788316640532503,-1.3996241718710671,1.1893609257939286,1.2246964809398104,-1.2723354351300666,-0.5531114536287216,0,0.11576228333453087,-0.7217427156047488,1.419533506784684,0.8939241856975975
-0.4593197817190531,0.975304830396693,0.4255487568937689,0.5204880802637732,-0.7542750926984075,0.5717378379964471,0.49059877356561,-1.286325303091959,0.535535506905685,0.8268431012898416,-1.6133890005208396,0,0.020251605702691043,1.385535286160941,-0.7044567776811773,-1.118663099175042
0.5302380963112234,0.975304830396693,0.3762573950914016,-0.03426772861068253,1.6188297640331655,-0.9893605718639037,0.14692187439530519,-0.048482188649015184,-0.8427864411625662,0.8268431012898416,-0.906537302592761,0,0.22458935352081005,1.385535286160941,-0.7044567776811773,0.8939241856975975
-0.9540987207341913,0.975304830396693,-1.3489402679914455,-0.9357459180316738,1.339640957358863,0.8319209063065062,-1.3996241718710671,-0.048482188649015184,0.8801159939227476,-0.5726092563234305,0.15374024429935695,0,-1.0182649479141035,-0.7217427156047488,-0.7044567776811773,-1.118663099175042
-0.4593197817190531,0.975304830396693,-0.018073499327534787,-0.1729566808292966,1.479235360696014,-0.4343033594691118,-1.5714626214562195,-1.286325303091959,-1.1873669281796289,-0.9224723457267486,-0.19968560466468235,0,-0.043027180718403904,-0.7217427156047488,1.419533506784684,-1.118663099175042
0.5302380963112234,-1.0253204627247283,0.4255487568937689,0.45114360415446586,1.0604521506845601,-0.5383765867931353,1.0061141223210675,-0.048482188649015184,-0.8427864411625662,-0.2227461669201125,0.5071660932633962,0,0.04788037160485954,-0.7217427156047488,1.419533506784684,0.8939241856975975
-1.4488776597493296,0.975304830396693,-0.4616957555488383,1.4913107457940706,-1.4522471093841642,-0.9893605718639037,-1.3996241718710671,1.1893609257939286,-1.1873669281796289,0.12711692248320555,0.8605919422274356,0,-0.8465206082978893,1.385535286160941,-0.7044567776811773,-1.118663099175042
-0.9540987207341913,-1.0253204627247283,0.57342284230087,1.699344174121992,-1.4522471093841642,-1.4229990190473345,0.49059877356561,-1.286325303091959,1.5692769679568732,-0.5726092563234305,-0.906537302592761,0,-0.266280427192829,1.385535286160941,-0.7044567776811773,-1.118663099175042
-0.4593197817190531,-1.0253204627247283,0.4748401186961358,0.58983255637308,1.0604521506845601,1.1788316640532503,-0.8841088231156097,-0.048482188649015184,-0.4982059541455034,-0.9224723457267486,0.15374024429935695,0,0.029208876839923705,-0.7217427156047488,-0.7044567776811773,-1.118663099175042
-0.9540987207341913,-1.0253204627247283,0.3762573950914016,-1.2131238224689014,-0.8938694960355587,1.1961772019405879,1.3497910214913722,-1.286325303091959,1.5692769679568732,0.8268431012898416,1.5674436401555143,1,1.008028973878791,-0.7217427156047488,-0.7044567776811773,-1.118663099175042
-0.4593197817190531,0.975304830396693,-0.9053180117701417,-0.7277124897037524,-0.1958974793498019,-1.1281248749626016,-1.2277857222859145,-1.286325303091959,-1.1873669281796289,0.12711692248320555,0.8605919422274356,0,-0.6336291873152907,1.385535286160941,-0.7044567776811773,-1.118663099175042
-0.9540987207341913,0.975304830396693,0.9184623749174395,-0.5890235374851389,-1.3126527060470128,1.751234414335379,1.5216294710765244,1.1893609257939286,-0.15362546712844063,-1.6221985245333848,-0.906537302592761,0,1.0477785661595198,1.385535286160941,-0.7044567776811773,-1.118663099175042
0.035459157296085175,0.975304830396693,0.2283833096843005,-0.10361220471998989,1.758424167370317,1.265559353489937,1.0061141223210675,1.1893609257939286,-0.15362546712844063,1.5265692800964776,-0.906537302592761,0,0.13442126797567217,-0.7217427156047488,1.419533506784684,0.8939241856975975
-1.4488776597493296,-1.0253204627247283,-1.003900735374876,-1.2824682985782088,-0.1958974793498019,0.3982824591230753,-0.19675502477499981,1.1893609257939286,0.19095501988862215,-0.5726092563234305,-0.906537302592761,0,-0.5199107885295545,1.385535286160941,-0.7044567776811773,-1.118663099175042
1.0250170353263617,0.975304830396693,-1.1517748207819771,-1.3518127746875155,0.36248013399880336,-0.8679418066525426,-0.3685934743601522,-1.286325303091959,-1.5319474151966916,0.47698001188652356,0.15374024429935695,0,-0.6626905558938675,-0.7217427156047488,-0.7044567776811773,0.8939241856975975
0.035459157296085175,0.975304830396693,-0.2152389465370032,-0.6583680135944456,0.2228857306616519,-0.5904132004551474,0.8342756727359149,-0.048482188649015184,-0.15362546712844063,0.47698001188652356,1.214017791191475,0,0.008362864011454791,-0.7217427156047488,-0.7044567776811773,0.8939241856975975
0.035459157296085175,-1.0253204627247283,-0.8560266499677749,0.6591770324823872,0.36248013399880336,0.710502141095145,1.0061141223210675,-0.048482188649015184,-0.4982059541455034,-1.6221985245333848,-1.6133890005208396,0,-0.9517333568916062,-0.7217427156047488,1.419533506784684,0.8939241856975975
0.5302380963112234,-1.0253204627247283,-1.6939798006080147,1.2139328413568424,1.339640957358863,-0.2608479805957401,-1.3996241718710671,-1.286325303091959,-1.1873669281796289,-0.5726092563234305,-1.6133890005208396,0,-1.59052790880502,-0.7217427156047488,1.419533506784684,0.8939241856975975
-1.4488776597493296,0.975304830396693,1.2142105457316417,-0.5196790613758315,-0.1958974793498019,0.7972298305318316,0.3187603239804574,1.1893609257939286,0.535535506905685,-1.6221985245333848,1.5674436401555143,0,1.2706552274388316,-0.7217427156047488,-0.7044567776811773,-1.118663099175042
1.0250170353263617,0.975304830396693,-0.9546093735725089,1.0058994130289223,0.7812633440102572,-0.9720150339765661,-1.5714626214562195,-1.286325303091959,-0.15362546712844063,-1.6221985245333848,0.15374024429935695,0,-1.0805856787453036,-0.7217427156047488,1.419533506784684,0.8939241856975975
-1.4488776597493296,-1.0253204627247283,-0.9546093735725089,-0.24230115693860396,-0.47508628602410485,-1.527072246371358,-1.055947272700762,-1.286325303091959,0.535535506905685,-0.2227461669201125,1.5674436401555143,0,-0.8265776180419082,-0.7217427156047488,1.419533506784684,-1.118663099175042
-0.9540987207341913,0.975304830396693,-0.5602784791535724,-1.2824682985782088,0.36248013399880336,-1.2495436401739621,1.5216294710765244,-1.286325303091959,0.535535506905685,1.5265692800964776,0.15374024429935695,0,-0.00817799399374278,1.385535286160941,-0.7044567776811773,-1.118663099175042
-0.9540987207341913,0.975304830396693,1.6578328019529454,-0.5196790613758315,-0.1958974793498019,1.1788316640532503,-0.7122703735304572,1.1893609257939286,-0.4982059541455034,-0.9224723457267486,-0.5531114536287216,0,1.683632570397557,1.385535286160941,-0.7044567776811773,-1.118663099175042
-1.4488776597493296,0.975304830396693,0.2776746714866674,-0.7970569658130597,1.2000465540217116,-0.07004706383502998,0.3187603239804574,1.1893609257939286,-1.1873669281796289,0.12711692248320555,1.5674436401555143,0,0.5754334110953171,-0.7217427156047488,1.419533506784684,-1.118663099175042
-1.4488776597493296,-1.0253204627247283,-0.8560266499677749,-0.03426772861068253,-0.47508628602410485,-1.0587427234132527,0.6624372231507623,1.1893609257939286,-0.4982059541455034,0.8268431012898416,1.5674436401555143,0,-0.7970993855697862,-0.7217427156047488,-0.7044567776811773,-1.118663099175042
1.5197959743415,-1.0253204627247283,-0.5602784791535724,-1.4905017269061296,-1.4522471093841642,-1.4229990190473345,-0.5404319239453048,-1.286325303091959,-0.8427864411625662,-1.6221985245333848,-0.5531114536287216,0,0.1266973161939903,-0.7217427156047488,1.419533506784684,0.8939241856975975
1.0250170353263617,0.975304830396693,0.8691710131150722,0.31245465193585237,-1.03346389937271,0.3982824591230753,-0.3685934743601522,1.1893609257939286,-0.4982059541455034,0.12711692248320555,-1.6133890005208396,0,0.4466956011492007,-0.7217427156047488,-0.7044567776811773,0.8939241856975975
0.5302380963112234,-1.0253204627247283,-1.6939798006080147,-1.2824682985782088,1.0604521506845601,1.6298156491240188,-1.2277857222859145,-1.286325303091959,1.5692769679568732,0.12711692248320555,-1.2599631515568004,0,-1.3159395800297062,-0.7217427156047488,1.419533506784684,0.8939241856975975
1.5197959743415,0.975304830396693,-0.36311303194410427,0.45114360415446586,1.0604521506845601,1.4216691944759718,-0.19675502477499981,-0.048482188649015184,0.19095501988862215,1.1767061906931597,-0.5531114536287216,0,-0.54153330097473,1.385535286160941,-0.7044567776811773,0.8939241856975975
-1.4488776597493296,0.975304830396693,-1.201066182584344,-1.6291906791247437,-0.1958974793498019,-1.5097267084840205,1.3497910214913722,-1.286325303091959,1.5692769679568732,1.1767061906931597,0.15374024429935695,0,-0.601732563265633,1.385535286160941,-0.7044567776811773,-1.118663099175042
0.5302380963112234,-1.0253204627247283,0.8198796513127053,-0.24230115693860396,0.9208577473474087,0.10340831503834172,1.3497910214913722,-1.286325303091959,-0.8427864411625662,0.12711692248320555,0.8605919422274356,0,0.7170098277710323,-0.7217427156047488,-0.7044567776811773,0.8939241856975975
1.5197959743415,0.975304830396693,1.1156278221269076,1.3526217935754572,0.5020745373359549,0.27686369391171417,1.693467920661677,1.1893609257939286,-0.4982059541455034,1.5265692800964776,-1.6133890005208396,0,0.17593750880221024,1.385535286160941,-0.7044567776811773,0.8939241856975975
-0.9540987207341913,0.975304830396693,0.32696603328903473,-0.6583680135944456,-0.1958974793498019,0.15544492870035384,-0.8841088231156097,1.1893609257939286,-0.8427864411625662,0.8268431012898416,-1.6133890005208396,0,0.5314674984258404,1.385535286160941,-0.7044567776811773,-1.118663099175042
-0.4593197817190531,0.975304830396693,-0.4124043937464712,-1.6985351552340504,-1.1730583027098613,0.01668062560165587,0.6624372231507623,1.1893609257939286,-1.5319474151966916,0.8268431012898416,1.5674436401555143,0,0.4779681608152784,-0.7217427156047488,-0.7044567776811773,-1.118663099175042
1.5197959743415,0.975304830396693,-1.053192097177243,0.7285215085916941,0.08329132732450074,-1.110779337075264,0.6624372231507623,-0.048482188649015184,-0.8427864411625662,0.8268431012898416,0.15374024429935695,0,-1.1044233582882375,-0.7217427156047488,-0.7044567776811773,0.8939241856975975
-1.4488776597493296,0.975304830396693,-1.201066182584344,-0.4503345852665248,1.339640957358863,1.4563602702506462,1.5216294710765244,-0.048482188649015184,-0.4982059541455034,0.12711692248320555,0.15374024429935695,0,-0.9943910041527978,-0.7217427156047488,1.419533506784684,-1.118663099175042
0.5302380963112234,-1.0253204627247283,-0.9546093735725089,-1.5598462030154363,-1.4522471093841642,0.05137170137633036,1.0061141223210675,-0.048482188649015184,0.535535506905685,-0.5726092563234305,0.5071660932633962,0,-0.3222573811162517,-0.7217427156047488,1.419533506784684,0.8939241856975975
1.5197959743415,0.975304830396693,0.9677537367198064,-0.3116456330479107,-0.33549188268695335,-1.5097267084840205,1.1779525719062196,1.1893609257939286,0.8801159939227476,-0.2227461669201125,0.5071660932633962,0,0.8920926630599998,1.385535286160941,-0.7044567776811773,0.8939241856975975
0.035459157296085175,-1.0253204627247283,-0.5602784791535724,-0.7970569658130597,0.08329132732450074,0.5890833758837847,-1.2277857222859145,-0.048482188649015184,1.2246964809398104,-1.2723354351300666,-0.5531114536287216,0,-0.2635079837202068,1.385535286160941,-0.7044567776811773,0.8939241856975975
0.035459157296085175,0.975304830396693,-1.3982316297938124,-1.4905017269061296,-0.47508628602410485,0.48501014855976116,0.3187603239804574,1.1893609257939286,1.5692769679568732,-0.5726092563234305,1.5674436401555143,0,-0.907346728578632,-0.7217427156047488,-0.7044567776811773,0.8939241856975975
-1.4488776597493296,0.975304830396693,0.5241314804985027,-1.4211572507968222,1.6188297640331655,0.3462458454610632,-0.19675502477499981,1.1893609257939286,0.19095501988862215,-0.9224723457267486,-0.5531114536287216,0,1.387456900194834,-0.7217427156047488,-0.7044567776811773,-1.118663099175042
-0.4593197817190531,-1.0253204627247283,1.7071241637553123,-0.5196790613758315,-0.614680689361256,0.9533396715178665,-1.5714626214562195,-1.286325303091959,1.2246964809398104,0.47698001188652356,-0.19968560466468235,1,1.729518941837415,-0.7217427156047488,-0.7044567776811773,-1.118663099175042
-0.4593197817190531,-1.0253204627247283,0.57342284230087,1.3526217935754572,-0.614680689361256,-0.8852873445398802,-0.19675502477499981,-1.286325303091959,-0.15362546712844063,-1.2723354351300666,-0.5531114536287216,0,-0.16657147801673222,1.385535286160941,-0.7044567776811773,-1.118663099175042
0.035459157296085175,-1.0253204627247283,-0.2645303083393701,-0.7277124897037524,1.339640957358863,-0.19146582904639112,0.3187603239804574,1.1893609257939286,-0.4982059541455034,1.5265692800964776,-1.6133890005208396,0,-0.003966201446123202,-0.7217427156047488,1.419533506784684,0.8939241856975975
-1.4488776597493296,-1.0253204627247283,-0.5109871173512054,-0.7970569658130597,-0.056303076012650735,-1.3709624053853224,-0.3685934743601522,-1.286325303091959,0.19095501988862215,1.5265692800964776,0.8605919422274356,0,-0.21415848990752862,1.385535286160941,-0.7044567776811773,-1.118663099175042
-0.4593197817190531,-1.0253204627247283,-0.1659475847346359,-0.6583680135944456,-0.614680689361256,0.8666119820811806,-0.8841088231156097,-0.048482188649015184,-1.1873669281796289,-0.2227461669201125,-1.2599631515568004,0,0.055917830776399224,-0.7217427156047488,1.419533506784684,-1.118663099175042
1.5197959743415,-1.0253204627247283,-0.3138216701417372,0.6591770324823872,1.0604521506845601,1.3002504292646113,-1.2277857222859145,1.1893609257939286,-0.15362546712844063,0.8268431012898416,-0.906537302592761,0,-0.5629393718538874,-0.7217427156047488,1.419533506784684,0.8939241856975975
0.5302380963112234,-1.0253204627247283,1.0663364603245407,-1.4905017269061296,-1.5918415127213155,1.3349415050392852,-1.7433010710413719,-0.048482188649015184,-1.1873669281796289,-1.6221985245333848,0.5071660932633962,0,2.133959285458493,1.385535286160941,-0.7044567776811773,0.8939241856975975
-0.4593197817190531,0.975304830396693,1.0663364603245407,-1.4905017269061296,0.08329132732450074,1.2135227398279247,-0.5404319239453048,-1.286325303091959,-1.1873669281796289,0.8268431012898416,0.5071660932633962,0,2.133959285458493,-0.7217427156047488,-0.7044567776811773,-1.118663099175042
-0.9540987207341913,-1.0253204627247283,-0.5602784791535724,-0.5890235374851389,-0.056303076012650735,0.6758110653204705,-1.2277857222859145,-1.286325303091959,1.2246964809398104,-0.9224723457267486,-1.6133890005208396,0,-0.35339456173615547,1.385535286160941,-0.7044567776811773,-1.118663099175042
0.035459157296085175,0.975304830396693,0.2283833096843005,-1.4905017269061296,-1.4522471093841642,1.1961772019405879,0.3187603239804574,-0.048482188649015184,0.19095501988862215,-1.2723354351300666,-0.5531114536287216,0,1.0999152406858703,-0.7217427156047488,1.419533506784684,0.8939241856975975
1.0250170353263617,-1.0253204627247283,-0.36311303194410427,-0.3809901091572174,-1.03346389937271,-1.3362713296106479,-0.7122703735304572,-0.048482188649015184,1.2246964809398104,1.5265692800964776,1.214017791191475,0,-0.2568165269320471,1.385535286160941,-0.7044567776811773,0.8939241856975975
-0.4593197817190531,-1.0253204627247283,1.3620846311387427,0.58983255637308,1.479235360696014,-0.9199784203145548,-1.2277857222859145,-0.048482188649015184,-1.1873669281796289,0.47698001188652356,-0.19968560466468235,0,0.6741323987206728,-0.7217427156047488,1.419533506784684,-1.118663099175042
1.0250170353263617,-1.0253204627247283,1.312793269336376,-1.0050903941409806,-0.47508628602410485,1.1441405882785758,0.14692187439530519,-0.048482188649015184,0.8801159939227476,0.8268431012898416,-0.5531114536287216,1,1.8249625944323205,-0.7217427156047488,1.419533506784684,0.8939241856975975
-0.4593197817190531,-1.0253204627247283,-0.7081525645606735,-1.5598462030154363,0.5020745373359549,0.3809369212357377,0.14692187439530519,1.1893609257939286,0.8801159939227476,-1.2723354351300666,1.5674436401555143,0,-0.010885574917212737,-0.7217427156047488,-0.7044567776811773,-1.118663099175042
-0.4593197817190531,-1.0253204627247283,1.7071241637553123,-1.4211572507968222,-1.4522471093841642,-0.6424498141171587,1.0061141223210675,-1.286325303091959,0.19095501988862215,0.47698001188652356,-1.2599631515568004,0,2.814105903143158,1.385535286160941,-0.7044567776811773,-1.118663099175042
-0.4593197817190531,0.975304830396693,-0.11665622293226899,0.7285215085916941,-0.8938694960355587,-1.613799935808044,1.3497910214913722,1.1893609257939286,-0.15362546712844063,0.47698001188652356,-1.2599631515568004,0,-0.4418241546966826,1.385535286160941,-0.7044567776811773,-1.118663099175042
-0.9540987207341913,-1.0253204627247283,-0.2645303083393701,-0.9357459180316738,-0.8938694960355587,1.7165433385607045,0.49059877356561,1.1893609257939286,-0.15362546712844063,-0.5726092563234305,1.214017791191475,0,0.10999994984241429,-0.7217427156047488,1.419533506784684,-1.118663099175042
-0.4593197817190531,0.975304830396693,1.1649191839292747,-0.5890235374851389,-0.47508628602410485,-1.5617633221460325,-0.5404319239453048,-0.048482188649015184,1.2246964809398104,-0.2227461669201125,1.214017791191475,0,1.281307420808799,-0.7217427156047488,1.419533506784684,-1.118663099175042
-1.4488776597493296,0.975304830396693,1.2142105457316417,-1.4211572507968222,-1.1730583027098613,1.1788316640532503,-1.055947272700762,-0.048482188649015184,-0.15362546712844063,-0.9224723457267486,0.15374024429935695,0,2.2196688185813565,-0.7217427156047488,1.419533506784684,-1.118663099175042
-1.4488776597493296,0.975304830396693,0.8198796513127053,1.4913107457940706,0.08329132732450074,-1.38830794327266,-0.5404319239453048,-1.286325303091959,0.8801159939227476,-0.5726092563234305,0.5071660932633962,0,-0.05578104464823691,1.385535286160941,-0.7044567776811773,-1.118663099175042
-0.4593197817190531,0.975304830396693,1.5592500783482113,1.075243889138229,-0.614680689361256,1.3696325808139596,0.14692187439530519,1.1893609257939286,-1.5319474151966916,0.12711692248320555,-0.19968560466468235,0,0.5760502797679755,1.385535286160941,-0.7044567776811773,-1.118663099175042
1.5197959743415,-1.0253204627247283,0.2776746714866674,-0.10361220471998989,0.7812633440102572,-0.7638685793285199,1.693467920661677,1.1893609257939286,0.19095501988862215,1.1767061906931597,0.5071660932633962,0,0.17593750880221054,-0.7217427156047488,-0.7044567776811773,0.8939241856975975
-0.4593197817190531,0.975304830396693,-1.7432711624103818,1.421966269684764,0.36248013399880336,1.3522870429266227,1.5216294710765244,-1.286325303091959,-0.4982059541455034,-1.6221985245333848,0.5071660932633962,0,-1.6336821648722037,-0.7217427156047488,1.419533506784684,-1.118663099175042
-0.4593197817190531,-1.0253204627247283,-1.6939798006080147,-1.2824682985782088,0.08329132732450074,-1.110779337075264,0.14692187439530519,1.1893609257939286,1.5692769679568732,0.12711692248320555,0.15374024429935695,0,-1.3159395800297062,1.385535286160941,-0.7044567776811773,-1.118663099175042
-1.4488776597493296,-1.0253204627247283,1.2142105457316417,-1.0744348702502873,-0.7542750926984075,1.0747584367292269,-1.3996241718710671,1.1893609257939286,-1.1873669281796289,-0.9224723457267486,-0.19968560466468235,0,1.7950709010372123,1.385535286160941,-0.7044567776811773,-1.118663099175042
-0.4593197817190531,-1.0253204627247283,-0.9053180117701417,0.9365549369196149,0.08329132732450074,1.5777790354620067,0.6624372231507623,-0.048482188649015184,-0.15362546712844063,0.8268431012898416,1.214017791191475,0,-1.0360173676340485,-0.7217427156047488,-0.7044567776811773,-1.118663099175042
1.0250170353263617,0.975304830396693,-1.003900735374876,-1.5598462030154363,-0.47508628602410485,1.5777790354620067,-0.5404319239453048,-1.286325303091959,-0.15362546712844063,-1.2723354351300666,-0.906537302592761,0,-0.3845317423560596,1.385535286160941,-0.7044567776811773,0.8939241856975975
1.0250170353263617,-1.0253204627247283,-1.1024834589796102,-1.4905017269061296,-1.1730583027098613,0.48501014855976116,-1.5714626214562195,-1.286325303091959,-0.15362546712844063,1.1767061906931597,1.5674436401555143,0,-0.542390006894177,-0.7217427156047488,1.419533506784684,0.8939241856975975
0.5302380963112234,-1.0253204627247283,-0.9053180117701417,0.10442122360793094,-0.1958974793498019,0.641119989545796,1.0061141223210675,-1.286325303091959,-0.8427864411625662,-1.6221985245333848,-1.2599631515568004,0,-0.8714040211400113,-0.7217427156047488,1.419533506784684,0.8939241856975975
-0.9540987207341913,0.975304830396693,-0.6588612027583065,-0.7277124897037524,1.2000465540217116,0.32890030757372635,-0.19675502477499981,-0.048482188649015184,1.2246964809398104,-1.6221985245333848,0.5071660932633962,0,-0.39145111582714937,1.385535286160941,-0.7044567776811773,-1.118663099175042
1.0250170353263617,-1.0253204627247283,-0.36311303194410427,-0.7970569658130597,0.7812633440102572,0.7451932168698195,-1.055947272700762,-0.048482188649015184,-0.4982059541455034,0.8268431012898416,-1.2599631515568004,0,-0.06611000846949534,-0.7217427156047488,-0.7044567776811773,0.8939241856975975
-0.9540987207341913,-1.0253204627247283,-0.2152389465370032,-0.7277124897037524,0.9208577473474087,-0.4863399731311239,0.49059877356561,-0.048482188649015184,1.2246964809398104,-0.2227461669201125,1.5674436401555143,0,0.044469412851505,-0.7217427156047488,1.419533506784684,-1.118663099175042
-1.4488776597493296,-1.0253204627247283,-1.1024834589796102,0.10442122360793094,-0.47508628602410485,1.3002504292646113,0.8342756727359149,1.1893609257939286,0.19095501988862215,1.5265692800964776,-1.6133890005208396,0,-1.0299205770231585,-0.7217427156047488,1.419533506784684,-1.118663099175042
-0.4593197817190531,0.975304830396693,1.7071241637553123,-1.2131238224689014,-1.5918415127213155,0.03402616348899273,1.3497910214913722,1.1893609257939286,-1.1873669281796289,1.1767061906931597,1.5674436401555143,0,2.5105635620903235,1.385535286160941,-0.7044567776811773,-1.118663099175042
-0.4593197817190531,-1.0253204627247283,-0.8067352881654077,-0.03426772861068253,-1.4522471093841642,0.7278476789824826,1.0061141223210675,-0.048482188649015184,-0.8427864411625662,1.5265692800964776,0.5071660932633962,0,-0.7562318360061624,-0.7217427156047488,1.419533506784684,-1.118663099175042
1.5197959743415,-1.0253204627247283,-0.06736486112990167,-1.0050903941409806,1.479235360696014,-0.5210310489057984,-1.055947272700762,-1.286325303091959,-0.8427864411625662,0.8268431012898416,0.8605919422274356,0,0.36026961807204183,-0.7217427156047488,-0.7044567776811773,0.8939241856975975
1.0250170353263617,-1.0253204627247283,-0.7081525645606735,0.24311017582654504,0.36248013399880336,1.3522870429266227,0.6624372231507623,-0.048482188649015184,-1.5319474151966916,-0.9224723457267486,-0.5531114536287216,0,-0.7490199154949344,-0.7217427156047488,-0.7044567776811773,0.8939241856975975
1.0250170353263617,0.975304830396693,1.6578328019529454,0.7285215085916941,0.36248013399880336,-0.38226674580710046,-0.19675502477499981,-0.048482188649015184,1.5692769679568732,-0.5726092563234305,-0.5531114536287216,0,0.8136269678978425,-0.7217427156047488,1.419533506784684,0.8939241856975975
-0.9540987207341913,-1.0253204627247283,-1.6446884388056477,0.3817991280451591,0.6416689406731063,1.4563602702506462,-0.3685934743601522,-0.048482188649015184,0.19095501988862215,1.5265692800964776,-0.19968560466468235,0,-1.493015372424638,-0.7217427156047488,-0.7044567776811773,-1.118663099175042
1.5197959743415,-1.0253204627247283,-0.2645303083393701,0.6591770324823872,1.339640957358863,0.7278476789824826,0.6624372231507623,1.1893609257939286,1.2246964809398104,-0.5726092563234305,0.5071660932633962,0,-0.5275944641231858,-0.7217427156047488,-0.7044567776811773,0.8939241856975975
1.0250170353263617,0.975304830396693,-1.7432711624103818,0.45114360415446586,-1.3126527060470128,-0.9026328824272171,1.5216294710765244,-1.286325303091959,-0.4982059541455034,-1.2723354351300666,-0.5531114536287216,0,-1.5730072279890108,1.385535286160941,-0.7044567776811773,0.8939241856975975
1.5197959743415,-1.0253204627247283,1.6578328019529454,-0.5196790613758315,0.9208577473474087,1.0400673609545523,1.5216294710765244,-1.286325303091959,-1.5319474151966916,1.1767061906931597,1.214017791191475,0,1.683632570397557,1.385535286160941,-0.7044567776811773,0.8939241856975975
-0.9540987207341913,0.975304830396693,0.8198796513127053,-1.4211572507968222,-1.4522471093841642,0.7972298305318316,-0.8841088231156097,1.1893609257939286,1.2246964809398104,1.5265692800964776,-0.906537302592761,1,1.7441191509319152,-0.7217427156047488,1.419533506784684,-1.118663099175042
0.035459157296085175,-1.0253204627247283,-1.003900735374876,-0.7277124897037524,0.7812633440102572,0.7625387547571572,-0.8841088231156097,-1.286325303091959,1.2246964809398104,-1.6221985245333848,-1.2599631515568004,0,-0.7305004159105474,1.385535286160941,-0.7044567776811773,0.8939241856975975
0.035459157296085175,0.975304830396693,0.08050922427719942,1.2139328413568424,1.2000465540217116,0.10340831503834172,-0.024916575189847412,1.1893609257939286,-0.4982059541455034,0.47698001188652356,-1.2599631515568004,0,-0.44224944301734465,-0.7217427156047488,-0.7044567776811773,0.8939241856975975
0.035459157296085175,0.975304830396693,0.8691710131150722,0.0350767474986242,-1.03346389937271,-0.8159051929905312,-1.055947272700762,-0.048482188649015184,-1.5319474151966916,1.5265692800964776,0.15374024429935695,0,0.5936547626569212,1.385535286160941,-0.7044567776811773,0.8939241856975975
0.5302380963112234,-1.0253204627247283,1.460667354743477,-0.7277124897037524,0.7812633440102572,0.779884292644494,-1.055947272700762,1.1893609257939286,0.535535506905685,1.1767061906931597,0.5071660932633962,1,1.6912802989708664,-0.7217427156047488,1.419533506784684,0.8939241856975975
1.0250170353263617,0.975304830396693,-1.2503575443867112,1.3526217935754572,-0.33549188268695335,-0.27819351848307694,0.3187603239804574,-0.048482188649015184,1.2246964809398104,-0.5726092563234305,-0.19968560466468235,0,-1.3186471609531762,-0.7217427156047488,1.419533506784684,0.8939241856975975
-1.4488776597493296,-1.0253204627247283,0.8691710131150722,1.3526217935754572,-0.1958974793498019,-1.665836549470056,0.8342756727359149,1.1893609257939286,-0.15362546712844063,-0.9224723457267486,1.214017791191475,0,0.020251605702691043,1.385535286160941,-0.7044567776811773,-1.118663099175042
0.035459157296085175,0.975304830396693,1.0170450985221733,1.699344174121992,0.36248013399880336,0.779884292644494,1.1779525719062196,-0.048482188649015184,1.5692769679568732,1.1767061906931597,-0.906537302592761,0,-0.0017893199046568537,-0.7217427156047488,-0.7044567776811773,0.8939241856975975
1.5197959743415,-1.0253204627247283,-0.4616957555488383,-0.5890235374851389,-0.056303076012650735,1.0053762851798778,0.8342756727359149,-0.048482188649015184,1.5692769679568732,-0.5726092563234305,-0.906537302592761,0,-0.25998301987644384,-0.7217427156047488,-0.7044567776811773,0.8939241856975975
0.035459157296085175,-1.0253204627247283,-0.6588612027583065,-1.2824682985782088,1.0604521506845601,-0.6424498141171587,1.3497910214913722,-0.048482188649015184,1.2246964809398104,-0.2227461669201125,-1.6133890005208396,0,-0.12189639277947865,-0.7217427156047488,-0.7044567776811773,0.8939241856975975
-1.4488776597493296,-1.0253204627247283,-0.7081525645606735,-0.03426772861068253,-0.1958974793498019,1.2135227398279247,-0.19675502477499981,1.1893609257939286,-1.5319474151966916,-1.2723354351300666,-1.6133890005208396,0,-0.6744967368789145,1.385535286160941,-0.7044567776811773,-1.118663099175042
1.0250170353263617,0.975304830396693,1.0663364603245407,1.6299996980126852,0.2228857306616519,-0.7638685793285199,-0.024916575189847412,-0.048482188649015184,-0.15362546712844063,0.8268431012898416,-0.906537302592761,0,0.049973459930781096,1.385535286160941,-0.7044567776811773,0.8939241856975975
0.5302380963112234,0.975304830396693,1.0170450985221733,1.2139328413568424,-1.4522471093841642,-0.19146582904639112,-0.3685934743601522,-0.048482188649015184,-1.5319474151966916,0.47698001188652356,0.5071660932633962,0,0.16378641392615056,-0.7217427156047488,1.419533506784684,0.8939241856975975
-0.9540987207341913,-1.0253204627247283,1.2142105457316417,-1.3518127746875155,-0.1958974793498019,-0.27819351848307694,-1.055947272700762,1.1893609257939286,0.8801159939227476,-1.6221985245333848,0.5071660932633962,0,2.127200827649521,1.385535286160941,-0.7044567776811773,-1.118663099175042
0.035459157296085175,-1.0253204627247283,0.1298005860795663,-0.9357459180316738,0.5020745373359549,-0.8679418066525426,1.0061141223210675,-0.048482188649015184,-0.4982059541455034,1.1767061906931597,-1.6133890005208396,0,0.5202780944811476,-0.7217427156047488,-0.7044567776811773,0.8939241856975975
-1.4488776597493296,-1.0253204627247283,0.6227142041032369,-0.10361220471998989,-0.8938694960355587,0.1727904665876907,-0.19675502477499981,1.1893609257939286,0.8801159939227476,-0.5726092563234305,1.214017791191475,0,0.46655119458798,1.385535286160941,-0.7044567776811773,-1.118663099175042
1.5197959743415,-1.0253204627247283,0.721296927707971,-0.10361220471998989,1.479235360696014,1.7165433385607045,1.693467920661677,1.1893609257939286,-1.1873669281796289,0.12711692248320555,-1.2599631515568004,0,0.5495836762410573,-0.7217427156047488,-0.7044567776811773,0.8939241856975975
-0.4593197817190531,0.975304830396693,-0.2645303083393701,-0.8664014419223665,0.08329132732450074,0.5370467622217725,-0.5404319239453048,1.1893609257939286,1.5692769679568732,-0.2227461669201125,-1.6133890005208396,0,0.07055012824253562,-0.7217427156047488,-0.7044567776811773,-1.118663099175042
-0.9540987207341913,-1.0253204627247283,0.6227142041032369,-1.1437793463595947,1.2000465540217116,-1.5791088600333694,-0.3685934743601522,1.1893609257939286,0.19095501988862215,-0.5726092563234305,1.214017791191475,0,1.2190330595689907,-0.7217427156047488,-0.7044567776811773,-1.118663099175042
1.5197959743415,0.975304830396693,0.32696603328903473,0.7978659847010008,-0.614680689361256,1.5604334975746696,0.8342756727359149,-1.286325303091959,-0.4982059541455034,-0.2227461669201125,0.8605919422274356,0,-0.1518222871967778,1.385535286160941,-0.7044567776811773,0.8939241856975975
0.5302380963112234,0.975304830396693,-0.8067352881654077,0.1737656997172383,-0.33549188268695335,1.0921039746165644,-0.3685934743601522,1.1893609257939286,1.5692769679568732,0.12711692248320555,-0.5531114536287216,0,-0.809298654096241,-0.7217427156047488,-0.7044567776811773,0.8939241856975975
1.0250170353263617,-1.0253204627247283,1.460667354743477,0.7285215085916941,-0.47508628602410485,0.25951815602437733,1.693467920661677,-0.048482188649015184,-1.1873669281796289,1.1767061906931597,-1.2599631515568004,0,0.6741323987206728,-0.7217427156047488,1.419533506784684,0.8939241856975975
-1.4488776597493296,-1.0253204627247283,0.6227142041032369,-0.24230115693860396,-0.7542750926984075,1.4216691944759718,1.3497910214913722,1.1893609257939286,0.19095501988862215,1.5265692800964776,0.15374024429935695,0,0.5455001115695945,1.385535286160941,-0.7044567776811773,-1.118663099175042
-0.9540987207341913,0.975304830396693,1.509958716545844,-0.4503345852665248,0.2228857306616519,0.8666119820811806,1.1779525719062196,-1.286325303091959,1.5692769679568732,-1.6221985245333848,-0.906537302592761,0,1.4858464866050638,1.385535286160941,-0.7044567776811773,-1.118663099175042
-0.4593197817190531,-1.0253204627247283,-1.5953970770032808,0.7978659847010008,-1.5918415127213155,0.8145753684191684,1.5216294710765244,-0.048482188649015184,-1.5319474151966916,-1.6221985245333848,-0.5531114536287216,0,-1.4939986518126351,-0.7217427156047488,1.419533506784684,-1.118663099175042
-0.4593197817190531,0.975304830396693,-0.4124043937464712,-0.5196790613758315,-0.614680689361256,0.4329735348977498,-1.3996241718710671,-0.048482188649015184,-0.4982059541455034,1.1767061906931597,1.5674436401555143,0,-0.24359503007649452,-0.7217427156047488,-0.7044567776811773,-1.118663099175042
1.0250170353263617,0.975304830396693,-0.4616957555488383,-1.2131238224689014,1.0604521506845601,-0.4516488973564494,0.3187603239804574,1.1893609257939286,1.2246964809398104,0.47698001188652356,0.15374024429935695,0,0.06198867759745582,1.385535286160941,-0.7044567776811773,0.8939241856975975
-0.4593197817190531,0.975304830396693,0.9184623749174395,0.31245465193585237,1.6188297640331655,-0.8852873445398802,-0.19675502477499981,-0.048482188649015184,0.8801159939227476,-0.5726092563234305,0.8605919422274356,0,0.48460173407777957,-0.7217427156047488,1.419533506784684,-1.118663099175042
-1.4488776597493296,0.975304830396693,0.721296927707971,-1.1437793463595947,1.2000465540217116,-0.4343033594691118,1.0061141223210675,-1.286325303091959,0.19095501988862215,1.5265692800964776,0.8605919422274356,0,1.3280131917386544,-0.7217427156047488,1.419533506784684,-1.118663099175042
-0.9540987207341913,-1.0253204627247283,-1.5953970770032808,0.8672104608103081,0.2228857306616519,-1.2495436401739621,0.8342756727359149,-0.048482188649015184,0.535535506905685,-1.2723354351300666,-1.2599631515568004,0,-1.4998089391053446,-0.7217427156047488,1.419533506784684,-1.118663099175042
1.0250170353263617,0.975304830396693,-0.4124043937464712,0.3817991280451591,-0.47508628602410485,-1.6311454736953814,-1.055947272700762,1.1893609257939286,1.5692769679568732,1.1767061906931597,-0.19968560466468235,0,-0.5588999538275213,1.385535286160941,-0.7044567776811773,0.8939241856975975
1.0250170353263617,-1.0253204627247283,1.7071241637553123,-1.4905017269061296,-1.3126527060470128,0.779884292644494,-0.3685934743601522,1.1893609257939286,-0.8427864411625662,-0.5726092563234305,-0.5531114536287216,0,2.9246988491081445,-0.7217427156047488,1.419533506784684,0.8939241856975975
1.5197959743415,-1.0253204627247283,-0.2152389465370032,0.7285215085916941,1.339640957358863,-0.5730676625678098,1.0061141223210675,-1.286325303091959,-0.15362546712844063,1.5265692800964776,-0.19968560466468235,0,-0.5115714392852675,-0.7217427156047488,-0.7044567776811773,0.8939241856975975
-1.4488776597493296,0.975304830396693,-0.3138216701417372,1.5606552219033774,-0.33549188268695335,-0.4863399731311239,-0.5404319239453048,-0.048482188649015184,0.535535506905685,-1.6221985245333848,-0.5531114536287216,0,-0.7689148686293559,-0.7217427156047488,-0.7044567776811773,-1.118663099175042
-0.4593197817190531,-1.0253204627247283,0.9184623749174395,-0.3809901091572174,-0.1958974793498019,1.6991978006733677,-0.024916575189847412,-1.286325303091959,1.5692769679568732,-1.2723354351300666,0.15374024429935695,0,0.8957869048284631,1.385535286160941,-0.7044567776811773,-1.118663099175042
1.5197959743415,-1.0253204627247283,-1.5953970770032808,0.0350767474986242,0.5020745373359549,1.1961772019405879,0.14692187439530519,-1.286325303091959,0.535535506905685,-1.6221985245333848,1.214017791191475,0,-1.4182861389368688,-0.7217427156047488,1.419533506784684,0.8939241856975975
1.0250170353263617,-1.0253204627247283,0.2283833096843005,0.10442122360793094,0.08329132732450074,1.5257424217999953,0.3187603239804574,-1.286325303091959,-0.8427864411625662,-0.5726092563234305,-1.2599631515568004,0,0.04006617518808441,1.385535286160941,-0.7044567776811773,0.8939241856975975
1.0250170353263617,0.975304830396693,0.4748401186961358,-0.8664014419223665,-0.47508628602410485,0.4329735348977498,-0.19675502477499981,1.1893609257939286,1.5692769679568732,-0.2227461669201125,0.5071660932633962,0,0.825027966340207,-0.7217427156047488,-0.7044567776811773,0.8939241856975975
-1.4488776597493296,-1.0253204627247283,1.509958716545844,1.0058994130289223,1.758424167370317,-0.7812141172158568,0.3187603239804574,-1.286325303091959,0.8801159939227476,0.8268431012898416,-1.6133890005208396,0,0.5748087339584474,1.385535286160941,-0.7044567776811773,-1.118663099175042
1.5197959743415,-1.0253204627247283,0.8691710131150722,-0.5196790613758315,0.7812633440102572,-1.4403445569346713,1.5216294710765244,-1.286325303091959,0.19095501988862215,-0.9224723457267486,0.15374024429935695,0,0.9494506273598227,-0.7217427156047488,-0.7044567776811773,0.8939241856975975
1.0250170353263617,-1.0253204627247283,-1.2503575443867112,-0.3809901091572174,1.6188297640331655,0.918648595743192,0.14692187439530519,-1.286325303091959,0.8801159939227476,0.12711692248320555,1.5674436401555143,0,-1.0547727489200924,1.385535286160941,-0.7044567776811773,0.8939241856975975
-0.4593197817190531,0.975304830396693,-0.2645303083393701,-1.3518127746875155,0.2228857306616519,0.3982824591230753,-1.3996241718710671,1.1893609257939286,-0.4982059541455034,-0.2227461669201125,-0.906537302592761,0,0.38351871293490297,-0.7217427156047488,1.419533506784684,-1.118663099175042
-0.9540987207341913,0.975304830396693,0.1790919478819336,-0.6583680135944456,-0.1958974793498019,-0.24350244270840246,-1.055947272700762,-0.048482188649015184,0.8801159939227476,-1.6221985245333848,0.8605919422274356,0,0.3888025981310082,1.385535286160941,-0.7044567776811773,-1.118663099175042
-0.9540987207341913,-1.0253204627247283,1.1649191839292747,1.075243889138229,-0.1958974793498019,-0.6077587383424843,-1.5714626214562195,1.1893609257939286,-0.8427864411625662,-0.9224723457267486,-0.906537302592761,0,0.31449796256078294,-0.7217427156047488,1.419533506784684,-1.118663099175042
-0.4593197817190531,0.975304830396693,0.4255487568937689,-1.5598462030154363,0.08329132732450074,-1.457690094822009,-1.2277857222859145,1.1893609257939286,-1.5319474151966916,1.5265692800964776,-0.19968560466468235,0,1.4214247335983665,-0.7217427156047488,1.419533506784684,-1.118663099175042
-1.4488776597493296,-1.0253204627247283,-0.36311303194410427,1.699344174121992,1.0604521506845601,-1.2148525643992876,-0.7122703735304572,-1.286325303091959,1.2246964809398104,1.1767061906931597,0.5071660932633962,0,-0.8246505425789707,-0.7217427156047488,-0.7044567776811773,-1.118663099175042
-0.4593197817190531,0.975304830396693,1.608541440150578,0.24311017582654504,-1.5918415127213155,0.3635913833484008,1.1779525719062196,1.1893609257939286,-1.5319474151966916,0.47698001188652356,-0.19968560466468235,0,1.0587681593194853,-0.7217427156047488,-0.7044567776811773,-1.118663099175042
-0.4593197817190531,0.975304830396693,-0.5109871173512054,1.6299996980126852,0.08329132732450074,0.8839575199685175,-0.3685934743601522,-0.048482188649015184,-0.8427864411625662,0.12711692248320555,-0.906537302592761,0,-0.9011258753681014,-0.7217427156047488,-0.7044567776811773,-1.118663099175042
1.5197959743415,-1.0253204627247283,0.4255487568937689,0.58983255637308,0.36248013399880336,1.7165433385607045,-0.19675502477499981,1.1893609257939286,0.19095501988862215,0.12711692248320555,-1.6133890005208396,0,-0.006620207709006652,1.385535286160941,-0.7044567776811773,0.8939241856975975
0.5302380963112234,0.975304830396693,-0.36311303194410427,-0.5196790613758315,0.36248013399880336,0.03402616348899273,-0.024916575189847412,-0.048482188649015184,-1.5319474151966916,-0.9224723457267486,-1.6133890005208396,0,-0.1977086586366363,-0.7217427156047488,-0.7044567776811773,0.8939241856975975
0.5302380963112234,0.975304830396693,1.7071241637553123,0.31245465193585237,0.6416689406731063,-1.0934337991879273,1.0061141223210675,-0.048482188649015184,-0.4982059541455034,-1.2723354351300666,0.8605919422274356,0,1.091099860935038,1.385535286160941,-0.7044567776811773,0.8939241856975975
-0.9540987207341913,-1.0253204627247283,-0.4124043937464712,-0.5196790613758315,-0.056303076012650735,-0.19146582904639112,-1.3996241718710671,-0.048482188649015184,1.2246964809398104,1.5265692800964776,-0.906537302592761,0,-0.24359503007649452,-0.7217427156047488,1.419533506784684,-1.118663099175042
1.5197959743415,-1.0253204627247283,0.2283833096843005,-0.10361220471998989,1.6188297640331655,-1.6484910115827183,-0.8841088231156097,1.1893609257939286,-0.15362546712844063,-1.2723354351300666,-1.2599631515568004,0,0.13442126797567217,1.385535286160941,-0.7044567776811773,0.8939241856975975
1.5197959743415,-1.0253204627247283,-0.1659475847346359,0.45114360415446586,1.0604521506845601,1.5951245733493442,0.8342756727359149,-1.286325303091959,0.19095501988862215,0.8268431012898416,1.214017791191475,0,-0.39417988282983235,1.385535286160941,-0.7044567776811773,0.8939241856975975
0.035459157296085175,0.975304830396693,0.031217862474832096,1.2139328413568424,-0.33549188268695335,-1.4923811705966836,-0.024916575189847412,-0.048482188649015184,-0.8427864411625662,-1.2723354351300666,-1.2599631515568004,0,-0.4741460670670023,1.385535286160941,-0.7044567776811773,0.8939241856975975
1.0250170353263617,0.975304830396693,0.4748401186961358,-1.0050903941409806,-1.1730583027098613,-0.10473813960970448,0.14692187439530519,-0.048482188649015184,-0.4982059541455034,1.5265692800964776,1.5674436401555143,0,0.9356847159278657,1.385535286160941,-0.7044567776811773,0.8939241856975975
1.5197959743415,-1.0253204627247283,-1.3489402679914455,-1.3518127746875155,1.479235360696014,0.3982824591230753,1.0061141223210675,1.1893609257939286,-0.15362546712844063,-0.9224723457267486,1.5674436401555143,0,-0.8951815045224834,1.385535286160941,-0.7044567776811773,0.8939241856975975
-0.9540987207341913,-1.0253204627247283,1.0170450985221733,-0.1729566808292966,0.08329132732450074,-1.0934337991879273,1.1779525719062196,-1.286325303091959,-0.4982059541455034,-1.6221985245333848,0.8605919422274356,0,0.8428758291769259,-0.7217427156047488,1.419533506784684,-1.118663099175042
-0.4593197817190531,-1.0253204627247283,-0.06736486112990167,-0.7970569658130597,-1.1730583027098613,1.3175959671519484,-0.8841088231156097,-1.286325303091959,1.5692769679568732,-0.2227461669201125,-0.19968560466468235,0,0.22998695440657235,-0.7217427156047488,1.419533506784684,-1.118663099175042
-0.9540987207341913,-1.0253204627247283,0.08050922427719942,-1.4211572507968222,0.5020745373359549,1.612470111236681,-0.19675502477499981,-0.048482188649015184,1.5692769679568732,-1.6221985245333848,-0.5531114536287216,0,0.8524635240892131,-0.7217427156047488,1.419533506784684,-1.118663099175042
1.0250170353263617,-1.0253204627247283,1.2635019075340086,-0.5196790613758315,-1.5918415127213155,-0.1567747532717166,1.1779525719062196,1.1893609257939286,-0.8427864411625662,-1.6221985245333848,0.15374024429935695,0,1.3165415988786895,1.385535286160941,-0.7044567776811773,0.8939241856975975
0.5302380963112234,0.975304830396693,-0.2645303083393701,1.421966269684764,-1.03346389937271,-1.4403445569346713,-1.5714626214562195,-0.048482188649015184,-1.5319474151966916,0.47698001188652356,-0.19968560466468235,0,-0.7105563394350533,-0.7217427156047488,-0.7044567776811773,0.8939241856975975
1.0250170353263617,-1.0253204627247283,0.4748401186961358,-0.7970569658130597,1.2000465540217116,0.1727904665876907,1.693467920661677,-0.048482188649015184,0.8801159939227476,0.12711692248320555,-0.906537302592761,0,0.7728313863460284,1.385535286160941,-0.7044567776811773,0.8939241856975975
1.5197959743415,0.975304830396693,0.5241314804985027,0.0350767474986242,-0.47508628602410485,0.3462458454610632,-1.7433010710413719,-1.286325303091959,1.2246964809398104,1.1767061906931597,0.5071660932633962,0,0.31198303643379044,-0.7217427156047488,1.419533506784684,0.8939241856975975
-0.9540987207341913,-1.0253204627247283,-0.4124043937464712,0.45114360415446586,-0.056303076012650735,-0.8505962687652058,1.3497910214913722,1.1893609257939286,1.5692769679568732,-0.5726092563234305,-0.19968560466468235,0,-0.5783716555109539,-0.7217427156047488,-0.7044567776811773,-1.118663099175042
0.035459157296085175,0.975304830396693,-1.3489402679914455,0.6591770324823872,0.7812633440102572,1.3349415050392852,-0.3685934743601522,-0.048482188649015184,1.2246964809398104,-0.2227461669201125,0.8605919422274356,0,-1.3051824341986233,-0.7217427156047488,1.419533506784684,0.8939241856975975
0.035459157296085175,-1.0253204627247283,1.509958716545844,-1.5598462030154363,1.479235360696014,1.5257424217999953,-0.5404319239453048,-1.286325303091959,1.5692769679568732,-1.2723354351300666,1.214017791191475,0,2.791460680874137,-0.7217427156047488,1.419533506784684,0.8939241856975975
1.0250170353263617,0.975304830396693,0.57342284230087,1.075243889138229,1.0604521506845601,0.710502141095145,-1.5714626214562195,-0.048482188649015184,-0.15362546712844063,-1.2723354351300666,-1.6133890005208396,0,-0.07783051325000616,-0.7217427156047488,1.419533506784684,0.8939241856975975
-0.9540987207341913,-1.0253204627247283,0.770588289510338,0.3817991280451591,1.339640957358863,1.6991978006733677,-0.024916575189847412,1.1893609257939286,-1.5319474151966916,0.8268431012898416,0.8605919422274356,0,0.33785084802571047,1.385535286160941,-0.7044567776811773,-1.118663099175042
-1.4488776597493296,-1.0253204627247283,0.721296927707971,0.5204880802637732,-1.5918415127213155,-1.527072246371358,0.14692187439530519,-0.048482188649015184,-1.5319474151966916,-0.9224723457267486,0.15374024429935695,0,0.2382118700420181,1.385535286160941,-0.7044567776811773,-1.118663099175042
-0.4593197817190531,-1.0253204627247283,-0.7081525645606735,-1.5598462030154363,0.9208577473474087,0.7278476789824826,-1.3996241718710671,-0.048482188649015184,-0.8427864411625662,0.47698001188652356,-0.19968560466468235,0,-0.010885574917212737,-0.7217427156047488,1.419533506784684,-1.118663099175042
0.5302380963112234,0.975304830396693,1.509958716545844,-0.3116456330479107,0.36248013399880336,1.4390147323633087,0.8342756727359149,-0.048482188649015184,0.8801159939227476,1.1767061906931597,0.5071660932633962,0,1.37160524460652,1.385535286160941,-0.7044567776811773,0.8939241856975975
0.5302380963112234,0.975304830396693,0.721296927707971,-0.7970569658130597,1.339640957358863,0.3635913833484008,0.6624372231507623,1.1893609257939286,0.8801159939227476,-1.2723354351300666,-0.5531114536287216,0,1.0195788554094178,-0.7217427156047488,-0.7044567776811773,0.8939241856975975
-1.4488776597493296,-1.0253204627247283,-0.5109871173512054,-0.7970569658130597,1.339640957358863,1.2308682777152624,-0.8841088231156097,-0.048482188649015184,-0.8427864411625662,0.47698001188652356,-1.2599631515568004,0,-0.21415848990752862,1.385535286160941,-0.7044567776811773,-1.118663099175042
-0.9540987207341913,-1.0253204627247283,-1.5953970770032808,0.7285215085916941,-0.47508628602410485,1.4910513460253207,1.0061141223210675,1.1893609257939286,1.5692769679568732,0.8268431012898416,0.5071660932633962,0,-1.4880334235254535,-0.7217427156047488,1.419533506784684,-1.118663099175042
1.0250170353263617,-1.0253204627247283,-0.8560266499677749,0.3817991280451591,1.6188297640331655,1.5951245733493442,0.14692187439530519,1.1893609257939286,1.2246964809398104,1.1767061906931597,-1.6133890005208396,0,-0.8951815045224835,-0.7217427156047488,1.419533506784684,0.8939241856975975
-0.9540987207341913,0.975304830396693,-0.3138216701417372,-1.1437793463595947,-1.3126527060470128,0.5717378379964471,-1.2277857222859145,-1.286325303091959,-0.15362546712844063,-1.2723354351300666,-0.19968560466468235,0,0.18372180395718649,-0.7217427156047488,-0.7044567776811773,-1.118663099175042
1.5197959743415,0.975304830396693,-0.3138216701417372,-1.1437793463595947,1.479235360696014,1.7165433385607045,1.5216294710765244,1.1893609257939286,0.535535506905685,-0.2227461669201125,-0.906537302592761,0,0.18372180395718649,-0.7217427156047488,-0.7044567776811773,0.8939241856975975
-0.9540987207341913,0.975304830396693,1.41137599294111,1.699344174121992,0.9208577473474087,-1.2148525643992876,0.14692187439530519,-0.048482188649015184,1.5692769679568732,-0.5726092563234305,0.8605919422274356,0,0.23331388657371888,1.385535286160941,-0.7044567776811773,-1.118663099175042
1.5197959743415,-1.0253204627247283,0.4255487568937689,0.6591770324823872,-0.056303076012650735,-0.19146582904639112,-0.7122703735304572,-0.048482188649015184,0.19095501988862215,1.5265692800964776,1.214017791191475,0,-0.032765755893361566,-0.7217427156047488,1.419533506784684,0.8939241856975975
1.5197959743415,-1.0253204627247283,1.0170450985221733,0.24311017582654504,-1.3126527060470128,-0.6077587383424843,0.8342756727359149,-0.048482188649015184,-0.15362546712844063,-0.5726092563234305,0.15374024429935695,0,0.5972052466009102,-0.7217427156047488,-0.7044567776811773,0.8939241856975975
0.5302380963112234,0.975304830396693,0.6720055659056042,0.6591770324823872,-0.056303076012650735,-0.8505962687652058,-0.5404319239453048,-1.286325303091959,0.19095501988862215,0.47698001188652356,-1.6133890005208396,0,0.14395878276014695,1.385535286160941,-0.7044567776811773,0.8939241856975975
0.5302380963112234,0.975304830396693,-0.6095698409559396,-0.8664014419223665,0.08329132732450074,-1.5444177842586948,0.3187603239804574,-0.048482188649015184,-1.1873669281796289,-0.9224723457267486,1.214017791191475,0,-0.2815395295363775,-0.7217427156047488,-0.7044567776811773,0.8939241856975975
-0.4593197817190531,-1.0253204627247283,-0.8560266499677749,0.8672104608103081,-1.03346389937271,1.2829048913772738,-0.8841088231156097,1.1893609257939286,0.19095501988862215,1.5265692800964776,-1.6133890005208396,0,-0.9902914380523717,1.385535286160941,-0.7044567776811773,-1.118663099175042
-0.9540987207341913,-1.0253204627247283,1.3620846311387427,1.6299996980126852,1.0604521506845601,-1.5097267084840205,-0.8841088231156097,-1.286325303091959,1.5692769679568732,1.5265692800964776,-1.6133890005208396,0,0.2283045852993214,-0.7217427156047488,1.419533506784684,-1.118663099175042
1.0250170353263617,0.975304830396693,-0.8560266499677749,0.31245465193585237,0.7812633440102572,0.2074815423623652,-1.5714626214562195,1.1893609257939286,0.535535506905685,-1.6221985245333848,1.214017791191475,0,-0.880019051351052,1.385535286160941,-0.7044567776811773,0.8939241856975975
1.0250170353263617,-1.0253204627247283,1.312793269336376,0.8672104608103081,-0.7542750926984075,1.2308682777152624,-1.5714626214562195,-0.048482188649015184,0.19095501988862215,-0.9224723457267486,1.214017791191475,0,0.5042932317030151,-0.7217427156047488,1.419533506784684,0.8939241856975975
1.5197959743415,-1.0253204627247283,1.2635019075340086,-0.10361220471998989,-1.3126527060470128,1.1614861261659135,-0.8841088231156097,-1.286325303091959,-0.8427864411625662,0.47698001188652356,0.5071660932633962,0,1.006262325332981,-0.7217427156047488,1.419533506784684,0.8939241856975975
-1.4488776597493296,-1.0253204627247283,-0.11665622293226899,-1.4211572507968222,-1.1730583027098613,-1.110779337075264,0.8342756727359149,-1.286325303091959,-0.8427864411625662,-1.6221985245333848,0.5071660932633962,0,0.6146886902644924,-0.7217427156047488,1.419533506784684,-1.118663099175042
1.5197959743415,0.975304830396693,-1.4475229915961794,-1.4211572507968222,-0.47508628602410485,-1.665836549470056,0.14692187439530519,-1.286325303091959,-1.1873669281796289,1.1767061906931597,-0.19968560466468235,0,-0.9902914380523716,-0.7217427156047488,-0.7044567776811773,0.8939241856975975
1.5197959743415,-1.0253204627247283,-1.5461057152009137,1.075243889138229,1.0604521506845601,0.9533396715178665,1.3497910214913722,-0.048482188649015184,-0.4982059541455034,0.8268431012898416,-0.906537302592761,0,-1.4836742182386669,-0.7217427156047488,-0.7044567776811773,0.8939241856975975
1.0250170353263617,-1.0253204627247283,-0.6588612027583065,0.24311017582654504,0.7812633440102572,0.29420923179905184,1.3497910214913722,-0.048482188649015184,-0.4982059541455034,0.8268431012898416,-0.19968560466468235,0,-0.7105563394350531,1.385535286160941,-0.7044567776811773,0.8939241856975975
0.5302380963112234,0.975304830396693,-1.4968143533985465,1.075243889138229,-1.731435916058467,0.03402616348899273,-1.055947272700762,1.1893609257939286,1.5692769679568732,-1.2723354351300666,-0.906537302592761,0,-1.4509801785877678,-0.7217427156047488,-0.7044567776811773,0.8939241856975975
1.0250170353263617,0.975304830396693,1.460667354743477,-0.9357459180316738,1.2000465540217116,1.4390147323633087,-0.5404319239453048,-0.048482188649015184,0.535535506905685,-0.9224723457267486,0.8605919422274356,0,1.904966832636874,-0.7217427156047488,1.419533506784684,0.8939241856975975
-0.9540987207341913,-1.0253204627247283,-0.5109871173512054,-1.2824682985782088,-1.4522471093841642,-0.4343033594691118,-0.024916575189847412,-0.048482188649015184,-1.1873669281796289,0.47698001188652356,0.8605919422274356,0,0.04868120539912516,1.385535286160941,-0.7044567776811773,-1.118663099175042
0.5302380963112234,0.975304830396693,-0.06736486112990167,1.2139328413568424,1.339640957358863,0.2421726181370397,-1.2277857222859145,1.1893609257939286,-0.8427864411625662,-1.6221985245333848,-1.2599631515568004,0,-0.5379393151663173,-0.7217427156047488,-0.7044567776811773,0.8939241856975975
0.5302380963112234,0.975304830396693,0.031217862474832096,-0.9357459180316738,1.0604521506845601,-1.4923811705966836,-0.024916575189847412,1.1893609257939286,-1.1873669281796289,-0.2227461669201125,0.15374024429935695,0,0.4177085583214643,-0.7217427156047488,1.419533506784684,0.8939241856975975
-1.4488776597493296,0.975304830396693,0.6720055659056042,0.10442122360793094,1.2000465540217116,1.0227218230672155,1.0061141223210675,1.1893609257939286,0.535535506905685,0.47698001188652356,1.5674436401555143,0,0.3967284259251656,-0.7217427156047488,1.419533506784684,-1.118663099175042
0.035459157296085175,-1.0253204627247283,1.608541440150578,-1.2131238224689014,-0.8938694960355587,0.9359941336305289,1.693467920661677,1.1893609257939286,1.2246964809398104,-0.9224723457267486,0.8605919422274356,0,2.399264703704284,-0.7217427156047488,1.419533506784684,0.8939241856975975
-0.4593197817190531,-1.0253204627247283,0.1298005860795663,0.58983255637308,0.2228857306616519,-0.3996122836944381,-0.19675502477499981,-1.286325303091959,-1.1873669281796289,1.5265692800964776,-1.6133890005208396,0,-0.22159471500258995,-0.7217427156047488,1.419533506784684,-1.118663099175042
0.035459157296085175,-1.0253204627247283,1.41137599294111,-1.2824682985782088,-1.03346389937271,-1.318925791723311,0.14692187439530519,-0.048482188649015184,-1.1873669281796289,-0.5726092563234305,-0.19968560466468235,0,2.2661899817209767,-0.7217427156047488,1.419533506784684,0.8939241856975975
1.0250170353263617,0.975304830396693,-0.9053180117701417,1.0058994130289223,-0.7542750926984075,-0.4169578215817749,1.5216294710765244,1.1893609257939286,-0.15362546712844063,0.8268431012898416,-0.906537302592761,0,-1.0474777904912285,1.385535286160941,-0.7044567776811773,0.8939241856975975
-1.4488776597493296,-1.0253204627247283,0.3762573950914016,-0.03426772861068253,-0.8938694960355587,0.5717378379964471,1.5216294710765244,1.1893609257939286,0.8801159939227476,-0.2227461669201125,1.5674436401555143,0,0.22458935352081005,-0.7217427156047488,1.419533506784684,-1.118663099175042
0.035459157296085175,-1.0253204627247283,-0.4616957555488383,-1.4211572507968222,0.9208577473474087,-0.7985596551031944,-0.5404319239453048,1.1893609257939286,-1.5319474151966916,0.47698001188652356,-0.19968560466468235,0,0.19858273107123137,-0.7217427156047488,-0.7044567776811773,0.8939241856975975
1.0250170353263617,0.975304830396693,-1.003900735374876,-0.5196790613758315,0.5020745373359549,0.5890833758837847,-0.7122703735304572,-0.048482188649015184,0.8801159939227476,-0.5726092563234305,0.15374024429935695,0,-0.794231487354795,-0.7217427156047488,-0.7044567776811773,0.8939241856975975
-0.4593197817190531,0.975304830396693,-0.018073499327534787,0.3817991280451591,-0.33549188268695335,0.29420923179905184,1.1779525719062196,1.1893609257939286,-0.4982059541455034,0.47698001188652356,1.5674436401555143,0,-0.25998301987644384,-0.7217427156047488,-0.7044567776811773,-1.118663099175042
1.0250170353263617,-1.0253204627247283,-1.2996489061890784,-0.9357459180316738,1.6188297640331655,-0.6424498141171587,-0.024916575189847412,-0.048482188649015184,-0.4982059541455034,-0.9224723457267486,-1.2599631515568004,0,-0.9669801798342618,-0.7217427156047488,-0.7044567776811773,0.8939241856975975
0.5302380963112234,0.975304830396693,-0.36311303194410427,0.8672104608103081,-1.4522471093841642,0.7972298305318316,-0.024916575189847412,-0.048482188649015184,-1.1873669281796289,0.8268431012898416,1.214017791191475,0,-0.6506131040170566,1.385535286160941,-0.7044567776811773,0.8939241856975975
1.0250170353263617,-1.0253204627247283,-0.3138216701417372,-1.6985351552340504,0.08329132732450074,-1.38830794327266,0.6624372231507623,-1.286325303091959,-1.5319474151966916,-1.2723354351300666,-0.19968560466468235,0,0.6087443194188745,-0.7217427156047488,-0.7044567776811773,0.8939241856975975
0.5302380963112234,-1.0253204627247283,-1.6939798006080147,1.5606552219033774,0.5020745373359549,0.03402616348899273,-0.5404319239453048,1.1893609257939286,-1.5319474151966916,-1.6221985245333848,-0.906537302592761,0,-1.610692441250206,-0.7217427156047488,-0.7044567776811773,0.8939241856975975
-0.4593197817190531,-1.0253204627247283,-0.3138216701417372,1.5606552219033774,-0.8938694960355587,-0.2955390563704146,-1.2277857222859145,-1.286325303091959,-0.15362546712844063,1.5265692800964776,0.15374024429935695,0,-0.7689148686293559,-0.7217427156047488,-0.7044567776811773,-1.118663099175042
0.035459157296085175,0.975304830396693,1.7071241637553123,1.1445883652475357,1.0604521506845601,-0.5036855110184608,1.1779525719062196,1.1893609257939286,-0.4982059541455034,-0.2227461669201125,0.5071660932633962,0,0.6418419891889208,1.385535286160941,-0.7044567776811773,0.8939241856975975
-0.9540987207341913,-1.0253204627247283,-1.6446884388056477,1.421966269684764,0.7812633440102572,1.5951245733493442,1.3497910214913722,-1.286325303091959,-1.5319474151966916,0.8268431012898416,-1.6133890005208396,0,-1.5721404431763941,-0.7217427156047488,1.419533506784684,-1.118663099175042
-0.4593197817190531,0.975304830396693,-1.1517748207819771,-0.24230115693860396,-1.1730583027098613,1.4216691944759718,-1.5714626214562195,-1.286325303091959,-1.1873669281796289,0.47698001188652356,-0.906537302592761,0,-0.998087334243346,1.385535286160941,-0.7044567776811773,-1.118663099175042
-0.4593197817190531,-1.0253204627247283,-0.1659475847346359,0.24311017582654504,-0.47508628602410485,-1.7005276252447306,-0.024916575189847412,-0.048482188649015184,0.19095501988862215,0.12711692248320555,-0.5531114536287216,0,-0.32592057883624037,-0.7217427156047488,1.419533506784684,-1.118663099175042
1.5197959743415,0.975304830396693,0.721296927707971,-0.5890235374851389,-0.8938694960355587,-0.9720150339765661,1.1779525719062196,1.1893609257939286,-1.5319474151966916,-0.9224723457267486,-0.906537302592761,0,0.860955482440096,-0.7217427156047488,-0.7044567776811773,0.8939241856975975
1.5197959743415,0.975304830396693,0.4255487568937689,-1.0744348702502873,-1.5918415127213155,0.3115547696863887,-1.7433010710413719,-0.048482188649015184,-0.15362546712844063,0.12711692248320555,1.5674436401555143,0,0.9410225183198487,1.385535286160941,-0.7044567776811773,0.8939241856975975
-0.4593197817190531,-1.0253204627247283,-0.9053180117701417,0.7978659847010008,1.0604521506845601,-1.0760882613005895,1.5216294710765244,-1.286325303091959,-1.5319474151966916,0.8268431012898416,0.5071660932633962,0,-1.0121917516941221,-0.7217427156047488,1.419533506784684,-1.118663099175042
1.5197959743415,-1.0253204627247283,-1.2996489061890784,-0.1729566808292966,-1.1730583027098613,-0.9026328824272171,0.6624372231507623,-0.048482188649015184,-0.15362546712844063,0.12711692248320555,0.5071660932633962,0,-1.1398594786840508,-0.7217427156047488,-0.7044567776811773,0.8939241856975975
-0.9540987207341913,0.975304830396693,-1.4968143533985465,0.24311017582654504,-1.3126527060470128,0.25951815602437733,-1.7433010710413719,1.1893609257939286,-0.4982059541455034,-0.2227461669201125,0.8605919422274356,0,-1.3644371324530349,-0.7217427156047488,-0.7044567776811773,-1.118663099175042
0.5302380963112234,-1.0253204627247283,-0.9546093735725089,-1.1437793463595947,-1.4522471093841642,-0.8159051929905312,1.3497910214913722,1.1893609257939286,1.2246964809398104,0.12711692248320555,0.15374024429935695,0,-0.5246490551456269,-0.7217427156047488,1.419533506784684,0.8939241856975975
0.035459157296085175,0.975304830396693,-1.6446884388056477,0.58983255637308,-1.03346389937271,-1.0934337991879273,0.14692187439530519,1.1893609257939286,-0.15362546712844063,-0.9224723457267486,0.15374024429935695,0,-1.511441758764088,1.385535286160941,-0.7044567776811773,0.8939241856975975
1.0250170353263617,-1.0253204627247283,-1.3489402679914455,0.9365549369196149,0.36248013399880336,-0.5557221246804729,-0.3685934743601522,-0.048482188649015184,-0.4982059541455034,0.12711692248320555,-0.906537302592761,0,-1.337808502873117,-0.7217427156047488,-0.7044567776811773,0.8939241856975975
1.5197959743415,0.975304830396693,0.1298005860795663,0.7285215085916941,-1.03346389937271,-0.5383765867931353,0.8342756727359149,-0.048482188649015184,1.2246964809398104,-0.5726092563234305,0.15374024429935695,0,-0.26745594322522087,-0.7217427156047488,-0.7044567776811773,0.8939241856975975
1.5197959743415,0.975304830396693,-1.201066182584344,-0.5890235374851389,0.9208577473474087,0.9880307472925409,-0.024916575189847412,-1.286325303091959,1.2246964809398104,-0.9224723457267486,-0.5531114536287216,0,-0.9605695838242814,-0.7217427156047488,-0.7044567776811773,0.8939241856975975
-0.4593197817190531,0.975304830396693,-0.06736486112990167,-0.3116456330479107,-1.731435916058467,0.5890833758837847,-0.5404319239453048,1.1893609257939286,-1.5319474151966916,0.12711692248320555,1.5674436401555143,0,-0.02334044716517425,1.385535286160941,-0.7044567776811773,-1.118663099175042
-0.9540987207341913,0.975304830396693,-0.8560266499677749,-1.4905017269061296,1.758424167370317,-1.475035632709346,1.5216294710765244,1.1893609257939286,1.2246964809398104,-0.9224723457267486,0.5071660932633962,0,-0.2382594054904647,-0.7217427156047488,-0.7044567776811773,-1.118663099175042
-0.4593197817190531,0.975304830396693,-0.5109871173512054,-1.3518127746875155,1.339640957358863,-0.9026328824272171,0.6624372231507623,-0.048482188649015184,-1.5319474151966916,-0.2227461669201125,1.5674436401555143,0,0.09290502714913348,-0.7217427156047488,1.419533506784684,-1.118663099175042
-0.4593197817190531,0.975304830396693,1.1156278221269076,0.10442122360793094,0.5020745373359549,0.7625387547571572,1.1779525719062196,-0.048482188649015184,1.5692769679568732,1.5265692800964776,0.8605919422274356,0,0.7533906766622462,-0.7217427156047488,-0.7044567776811773,-1.118663099175042
-0.9540987207341913,0.975304830396693,1.2142105457316417,-0.8664014419223665,-0.47508628602410485,0.48501014855976116,1.1779525719062196,1.1893609257939286,-0.15362546712844063,0.47698001188652356,0.8605919422274356,0,1.579505804437878,1.385535286160941,-0.7044567776811773,-1.118663099175042
0.5302380963112234,-1.0253204627247283,1.460667354743477,1.1445883652475357,1.479235360696014,-0.7118319656665077,-0.8841088231156097,1.1893609257939286,-1.1873669281796289,-1.2723354351300666,-0.906537302592761,0,0.4803899415301597,-0.7217427156047488,-0.7044567776811773,0.8939241856975975
0.5302380963112234,-1.0253204627247283,-1.003900735374876,-1.4211572507968222,0.36248013399880336,0.5197012243344357,-0.5404319239453048,-0.048482188649015184,-0.4982059541455034,0.12711692248320555,-0.19968560466468235,0,-0.4552980619467504,1.385535286160941,-0.7044567776811773,0.8939241856975975
-0.4593197817190531,0.975304830396693,0.9677537367198064,-0.7277124897037524,0.5020745373359549,0.779884292644494,1.3497910214913722,-0.048482188649015184,0.535535506905685,-0.9224723457267486,0.15374024429935695,0,1.2069241559945838,-0.7217427156047488,1.419533506784684,-1.118663099175042
-1.4488776597493296,0.975304830396693,1.5592500783482113,-1.4211572507968222,0.36248013399880336,0.1727904665876907,-0.024916575189847412,-1.286325303091959,0.8801159939227476,0.47698001188652356,0.8605919422274356,1,2.635774777774618,1.385535286160941,-0.7044567776811773,-1.118663099175042
1.0250170353263617,-1.0253204627247283,-0.6588612027583065,0.9365549369196149,-1.4522471093841642,0.8145753684191684,0.49059877356561,-0.048482188649015184,-0.15362546712844063,1.5265692800964776,0.15374024429935695,0,-0.868355625834566,-0.7217427156047488,-0.7044567776811773,0.8939241856975975
0.035459157296085175,-1.0253204627247283,0.3762573950914016,-1.4905017269061296,-0.33549188268695335,-0.7812141172158568,-1.2277857222859145,-1.286325303091959,0.535535506905685,0.47698001188652356,1.5674436401555143,1,1.2823936015280974,-0.7217427156047488,1.419533506784684,0.8939241856975975
-0.9540987207341913,0.975304830396693,0.2283833096843005,-0.8664014419223665,-1.731435916058467,0.9706852094052033,-1.055947272700762,-0.048482188649015184,1.5692769679568732,0.12711692248320555,0.8605919422274356,0,0.5735353536409831,-0.7217427156047488,1.419533506784684,-1.118663099175042
1.5197959743415,0.975304830396693,0.770588289510338,0.45114360415446586,0.7812633440102572,0.3982824591230753,-0.8841088231156097,-0.048482188649015184,-0.4982059541455034,-0.9224723457267486,0.5071660932633962,0,0.30574885335842944,1.385535286160941,-0.7044567776811773,0.8939241856975975
0.5302380963112234,0.975304830396693,-0.1659475847346359,0.58983255637308,1.2000465540217116,0.3635913833484008,-1.3996241718710671,-1.286325303091959,0.535535506905685,-1.6221985245333848,-0.906537302592761,0,-0.4365692222961727,-0.7217427156047488,1.419533506784684,0.8939241856975975
-0.4593197817190531,0.975304830396693,0.08050922427719942,1.2139328413568424,0.7812633440102572,0.6237744516584591,-0.7122703735304572,-0.048482188649015184,0.19095501988862215,-1.2723354351300666,-0.19968560466468235,0,-0.44224944301734465,1.385535286160941,-0.7044567776811773,-1.118663099175042
1.0250170353263617,0.975304830396693,-1.4475229915961794,-0.4503345852665248,-1.5918415127213155,1.1094495125039012,0.14692187439530519,-1.286325303091959,0.19095501988862215,1.1767061906931597,0.5071660932633962,0,-1.2198671396762397,-0.7217427156047488,1.419533506784684,0.8939241856975975
-0.9540987207341913,-1.0253204627247283,-1.3982316297938124,0.0350767474986242,1.339640957358863,-1.613799935808044,-1.5714626214562195,1.1893609257939286,1.2246964809398104,-0.2227461669201125,1.214017791191475,0,-1.2573308668093655,-0.7217427156047488,1.419533506784684,-1.118663099175042
1.0250170353263617,0.975304830396693,0.031217862474832096,-1.6291906791247437,-0.47508628602410485,-1.2321981022866253,-1.055947272700762,1.1893609257939286,-0.4982059541455034,1.5265692800964776,1.5674436401555143,0,0.9930986392172495,1.385535286160941,-0.7044567776811773,0.8939241856975975
-1.4488776597493296,-1.0253204627247283,-1.003900735374876,0.24311017582654504,1.479235360696014,-0.38226674580710046,-0.8841088231156097,-0.048482188649015184,-1.1873669281796289,0.12711692248320555,1.5674436401555143,0,-0.9798013718542221,-0.7217427156047488,1.419533506784684,-1.118663099175042
0.035459157296085175,-1.0253204627247283,-0.1659475847346359,-0.10361220471998989,-0.7542750926984075,1.265559353489937,1.5216294710765244,-0.048482188649015184,-0.15362546712844063,-0.9224723457267486,0.5071660932633962,0,-0.197708658636636,-0.7217427156047488,1.419533506784684,0.8939241856975975
1.5197959743415,-1.0253204627247283,-1.6446884388056477,-1.1437793463595947,-0.056303076012650735,-1.4403445569346713,-0.7122703735304572,1.1893609257939286,1.5692769679568732,1.5265692800964776,1.5674436401555143,0,-1.2875099803332724,-0.7217427156047488,1.419533506784684,0.8939241856975975
-0.4593197817190531,0.975304830396693,-0.9053180117701417,0.5204880802637732,1.6188297640331655,0.48501014855976116,-0.3685934743601522,1.1893609257939286,-0.15362546712844063,-1.2723354351300666,1.214017791191475,0,-0.9605695838242816,1.385535286160941,-0.7044567776811773,-1.118663099175042
-1.4488776597493296,0.975304830396693,-1.4968143533985465,-0.8664014419223665,-1.3126527060470128,-1.4403445569346713,-0.19675502477499981,1.1893609257939286,1.5692769679568732,0.12711692248320555,0.8605919422274356,0,-1.186912935253583,-0.7217427156047488,-0.7044567776811773,-1.118663099175042
-0.4593197817190531,0.975304830396693,-0.6588612027583065,-0.5890235374851389,-1.4522471093841642,0.19013600447502835,0.8342756727359149,-1.286325303091959,0.19095501988862215,-0.9224723457267486,-1.6133890005208396,0,-0.44680610359586714,1.385535286160941,-0.7044567776811773,-1.118663099175042
1.5197959743415,-1.0253204627247283,1.3620846311387427,0.6591770324823872,-0.33549188268695335,-0.2608479805957401,-0.024916575189847412,1.1893609257939286,1.2246964809398104,0.8268431012898416,-0.19968560466468235,0,0.6387874909899708,-0.7217427156047488,-0.7044567776811773,0.8939241856975975
0.035459157296085175,0.975304830396693,-1.2503575443867112,1.2139328413568424,-1.03346389937271,0.27686369391171417,-0.19675502477499981,1.1893609257939286,1.2246964809398104,0.47698001188652356,1.5674436401555143,0,-1.3034582923581013,1.385535286160941,-0.7044567776811773,0.8939241856975975
1.5197959743415,0.975304830396693,-1.003900735374876,0.45114360415446586,0.2228857306616519,-1.110779337075264,0.14692187439530519,-0.048482188649015184,-0.4982059541455034,-0.5726092563234305,0.8605919422274356,0,-1.020431909945646,-0.7217427156047488,1.419533506784684,0.8939241856975975
0.035459157296085175,-1.0253204627247283,1.5592500783482113,-1.2131238224689014,1.6188297640331655,-1.4229990190473345,0.3187603239804574,1.1893609257939286,-0.15362546712844063,0.47698001188652356,0.15374024429935695,0,2.3436152745112646,1.385535286160941,-0.7044567776811773,0.8939241856975975
1.5197959743415,-1.0253204627247283,-0.3138216701417372,1.0058994130289223,0.5020745373359549,0.918648595743192,-0.7122703735304572,-1.286325303091959,-0.8427864411625662,-1.2723354351300666,-0.5531114536287216,0,-0.6501831314423283,-0.7217427156047488,-0.7044567776811773,0.8939241856975975
0.035459157296085175,-1.0253204627247283,-0.5109871173512054,-0.24230115693860396,1.339640957358863,1.4563602702506462,-1.5714626214562195,1.1893609257939286,-0.4982059541455034,-0.2227461669201125,1.5674436401555143,0,-0.4406807565886729,-0.7217427156047488,1.419533506784684,0.8939241856975975
0.5302380963112234,0.975304830396693,0.1790919478819336,-0.03426772861068253,1.0604521506845601,-0.6077587383424843,1.5216294710765244,1.1893609257939286,0.19095501988862215,-1.2723354351300666,1.5674436401555143,0,0.0611191552663149,1.385535286160941,-0.7044567776811773,0.8939241856975975
-0.9540987207341913,0.975304830396693,-0.5602784791535724,-0.4503345852665248,1.758424167370317,0.5717378379964471,-0.7122703735304572,1.1893609257939286,-1.5319474151966916,-0.5726092563234305,-0.5531114536287216,0,-0.40815305179184885,-0.7217427156047488,-0.7044567776811773,-1.118663099175042
1.0250170353263617,0.975304830396693,-1.003900735374876,-1.2824682985782088,0.6416689406731063,-1.6311454736953814,-0.5404319239453048,1.1893609257939286,1.2246964809398104,-0.2227461669201125,1.5674436401555143,0,-0.5199107885295545,-0.7217427156047488,1.419533506784684,0.8939241856975975
0.035459157296085175,0.975304830396693,0.1298005860795663,-0.7277124897037524,-1.1730583027098613,-1.613799935808044,1.5216294710765244,-0.048482188649015184,0.8801159939227476,-0.9224723457267486,-1.2599631515568004,0,0.38351871293490297,-0.7217427156047488,-0.7044567776811773,0.8939241856975975
1.5197959743415,0.975304830396693,1.41137599294111,-0.24230115693860396,-0.8938694960355587,-1.457690094822009,1.0061141223210675,-1.286325303091959,-0.4982059541455034,-0.5726092563234305,-1.6133890005208396,0,1.2315389763753464,-0.7217427156047488,1.419533506784684,0.8939241856975975
0.035459157296085175,-1.0253204627247283,-1.201066182584344,-1.1437793463595947,-0.614680689361256,-1.2148525643992876,1.3497910214913722,-1.286325303091959,0.19095501988862215,1.1767061906931597,-1.2599631515568004,0,-0.797099385569786,1.385535286160941,-0.7044567776811773,0.8939241856975975
1.5197959743415,0.975304830396693,-1.201066182584344,0.24311017582654504,0.6416689406731063,-1.1454704128499387,-0.024916575189847412,1.1893609257939286,0.535535506905685,0.12711692248320555,0.5071660932633962,0,-1.1336556760937473,-0.7217427156047488,1.419533506784684,0.8939241856975975
0.035459157296085175,0.975304830396693,-1.3489402679914455,-1.0744348702502873,0.7812633440102572,-0.5557221246804729,0.6624372231507623,1.1893609257939286,-0.8427864411625662,0.8268431012898416,0.15374024429935695,0,-0.9805863427942199,1.385535286160941,-0.7044567776811773,0.8939241856975975
1.0250170353263617,0.975304830396693,1.1156278221269076,-0.7277124897037524,-1.1730583027098613,-0.6077587383424843,-1.2277857222859145,-1.286325303091959,1.2246964809398104,-1.6221985245333848,0.8605919422274356,0,1.3522309988874681,-0.7217427156047488,-0.7044567776811773,0.8939241856975975
1.0250170353263617,0.975304830396693,1.6578328019529454,-1.6291906791247437,1.479235360696014,0.45031907278508665,0.6624372231507623,-1.286325303091959,-0.4982059541455034,-1.2723354351300666,-0.5531114536287216,0,3.098275826494654,1.385535286160941,-0.7044567776811773,0.8939241856975975
-0.4593197817190531,0.975304830396693,1.509958716545844,-0.3116456330479107,1.6188297640331655,-0.4689944352437863,1.3497910214913722,-1.286325303091959,-1.5319474151966916,1.1767061906931597,0.15374024429935695,0,1.37160524460652,-0.7217427156047488,-0.7044567776811773,-1.118663099175042
1.0250170353263617,0.975304830396693,0.770588289510338,-0.4503345852665248,0.08329132732450074,1.0400673609545523,-1.3996241718710671,-0.048482188649015184,-1.1873669281796289,-0.2227461669201125,-0.5531114536287216,0,0.8094180800347379,-0.7217427156047488,1.419533506784684,0.8939241856975975
0.035459157296085175,-1.0253204627247283,-1.5461057152009137,-0.5196790613758315,0.08329132732450074,-1.7178731631320674,0.6624372231507623,-0.048482188649015184,-0.4982059541455034,0.8268431012898416,0.5071660932633962,0,-1.298981573193237,-0.7217427156047488,-0.7044567776811773,0.8939241856975975
1.5197959743415,0.975304830396693,0.8691710131150722,-0.5196790613758315,-0.47508628602410485,-1.665836549470056,0.14692187439530519,-0.048482188649015184,-0.4982059541455034,0.12711692248320555,-1.6133890005208396,0,0.9494506273598227,-0.7217427156047488,1.419533506784684,0.8939241856975975
-1.4488776597493296,0.975304830396693,-1.5953970770032808,-0.5196790613758315,-0.8938694960355587,1.3002504292646113,0.49059877356561,-0.048482188649015184,1.2246964809398104,-0.2227461669201125,1.5674436401555143,0,-1.3448679446330953,1.385535286160941,-0.7044567776811773,-1.118663099175042
0.5302380963112234,0.975304830396693,0.2776746714866674,-0.9357459180316738,1.6188297640331655,1.7338888764480422,-0.7122703735304572,1.1893609257939286,-0.4982059541455034,-1.2723354351300666,1.214017791191475,0,0.6741323987206728,-0.7217427156047488,1.419533506784684,0.8939241856975975
1.5197959743415,-1.0253204627247283,-0.2645303083393701,1.2139328413568424,-0.47508628602410485,1.1094495125039012,0.49059877356561,-0.048482188649015184,-0.15362546712844063,-0.9224723457267486,1.5674436401555143,0,-0.6655258113649483,1.385535286160941,-0.7044567776811773,0.8939241856975975
0.5302380963112234,-1.0253204627247283,1.509958716545844,0.58983255637308,0.2228857306616519,0.10340831503834172,0.14692187439530519,1.1893609257939286,1.5692769679568732,0.8268431012898416,-1.6133890005208396,0,0.7816196523674641,1.385535286160941,-0.7044567776811773,0.8939241856975975
1.5197959743415,0.975304830396693,-0.36311303194410427,0.6591770324823872,1.2000465540217116,-1.2842347159486365,-0.8841088231156097,-0.048482188649015184,0.535535506905685,-0.5726092563234305,0.8605919422274356,0,-0.5982842795845891,-0.7217427156047488,1.419533506784684,0.8939241856975975
0.5302380963112234,0.975304830396693,0.32696603328903473,-1.2131238224689014,0.9208577473474087,-0.38226674580710046,0.49059877356561,-1.286325303091959,1.2246964809398104,0.12711692248320555,1.214017791191475,0,0.9523795446857715,1.385535286160941,-0.7044567776811773,0.8939241856975975
-1.4488776597493296,0.975304830396693,0.2283833096843005,1.4913107457940706,-1.4522471093841642,-0.0006649122856809947,0.8342756727359149,-0.048482188649015184,-0.8427864411625662,0.8268431012898416,-0.906537302592761,0,-0.4207377663326919,-0.7217427156047488,-0.7044567776811773,-1.118663099175042
1.5197959743415,-1.0253204627247283,1.41137599294111,1.2832773174661503,-0.47508628602410485,1.126795050391239,-1.055947272700762,-0.048482188649015184,0.19095501988862215,1.1767061906931597,0.15374024429935695,0,0.39052145235142766,-0.7217427156047488,-0.7044567776811773,0.8939241856975975
0.035459157296085175,0.975304830396693,0.770588289510338,0.24311017582654504,-1.3126527060470128,-0.6597953520044965,-0.19675502477499981,-0.048482188649015184,1.5692769679568732,1.5265692800964776,-0.5531114536287216,0,0.4048873663015036,-0.7217427156047488,1.419533506784684,0.8939241856975975
-1.4488776597493296,-1.0253204627247283,1.41137599294111,0.1737656997172383,0.36248013399880336,-0.9893605718639037,0.8342756727359149,-0.048482188649015184,1.5692769679568732,-1.6221985245333848,-1.6133890005208396,0,0.9473960137132623,-0.7217427156047488,-0.7044567776811773,-1.118663099175042
0.035459157296085175,0.975304830396693,-0.5109871173512054,-1.4211572507968222,-0.33549188268695335,-0.5036855110184608,-0.3685934743601522,-1.286325303091959,-1.1873669281796289,1.5265692800964776,0.8605919422274356,0,0.13913902261505126,-0.7217427156047488,-0.7044567776811773,0.8939241856975975
-0.9540987207341913,0.975304830396693,0.2776746714866674,-0.10361220471998989,-0.1958974793498019,-0.5036855110184608,-1.5714626214562195,1.1893609257939286,0.535535506905685,-1.2723354351300666,0.5071660932633962,0,0.17593750880221054,1.385535286160941,-0.7044567776811773,-1.118663099175042
0.5302380963112234,0.975304830396693,0.1298005860795663,-0.3116456330479107,0.5020745373359549,-1.041397185525915,1.3497910214913722,-1.286325303091959,-0.15362546712844063,0.8268431012898416,0.5071660932633962,0,0.15102776430628723,-0.7217427156047488,1.419533506784684,0.8939241856975975
-0.9540987207341913,0.975304830396693,1.460667354743477,0.7978659847010008,1.479235360696014,0.19013600447502835,-0.5404319239453048,1.1893609257939286,-0.8427864411625662,-1.6221985245333848,-1.2599631515568004,0,0.6397176201407792,-0.7217427156047488,-0.7044567776811773,-1.118663099175042
1.5197959743415,0.975304830396693,0.08050922427719942,1.5606552219033774,0.36248013399880336,0.4156279970104122,1.1779525719062196,-0.048482188649015184,-0.4982059541455034,1.5265692800964776,-0.906537302592761,0,-0.5284069907376842,-0.7217427156047488,-0.7044567776811773,0.8939241856975975
1.5197959743415,0.975304830396693,-0.6095698409559396,1.421966269684764,-0.7542750926984075,0.5197012243344357,-0.8841088231156097,1.1893609257939286,0.19095501988862215,-1.2723354351300666,1.214017791191475,0,-0.9259523653703885,-0.7217427156047488,1.419533506784684,0.8939241856975975
0.035459157296085175,-1.0253204627247283,1.1649191839292747,-0.4503345852665248,-1.5918415127213155,1.1441405882785758,-0.8841088231156097,-1.286325303091959,1.5692769679568732,0.8268431012898416,1.5674436401555143,1,1.1701798968722452,1.385535286160941,-0.7044567776811773,0.8939241856975975
-0.4593197817190531,0.975304830396693,0.4255487568937689,-1.5598462030154363,-0.33549188268695335,-0.4689944352437863,-1.055947272700762,-1.286325303091959,-1.5319474151966916,0.12711692248320555,-0.19968560466468235,0,1.4214247335983665,1.385535286160941,-0.7044567776811773,-1.118663099175042
-1.4488776597493296,-1.0253204627247283,0.32696603328903473,0.8672104608103081,1.339640957358863,-0.2608479805957401,-0.3685934743601522,-1.286325303091959,-1.1873669281796289,-0.2227461669201125,-0.19968560466468235,0,-0.17506343636761518,-0.7217427156047488,-0.7044567776811773,-1.118663099175042
-0.4593197817190531,-1.0253204627247283,-0.6095698409559396,0.0350767474986242,-0.614680689361256,-0.9546694960892292,-1.2277857222859145,1.1893609257939286,0.535535506905685,0.12711692248320555,0.5071660932633962,0,-0.6135097782993528,1.385535286160941,-0.7044567776811773,-1.118663099175042
-0.4593197817190531,-1.0253204627247283,1.3620846311387427,0.7978659847010008,0.2228857306616519,-1.180161488624613,-0.3685934743601522,1.1893609257939286,0.8801159939227476,0.47698001188652356,-0.19968560466468235,0,0.5708880629809914,-0.7217427156047488,-0.7044567776811773,-1.118663099175042
0.5302380963112234,0.975304830396693,1.509958716545844,-1.0744348702502873,-1.5918415127213155,-0.7465230414411823,-0.3685934743601522,-0.048482188649015184,-0.4982059541455034,-1.6221985245333848,1.214017791191475,0,2.1153390445562237,-0.7217427156047488,-0.7044567776811773,0.8939241856975975
0.5302380963112234,0.975304830396693,-1.3982316297938124,0.3817991280451591,-1.3126527060470128,0.6931566032078081,-0.19675502477499981,-1.286325303091959,0.535535506905685,0.47698001188652356,1.5674436401555143,0,-1.3061922887052146,-0.7217427156047488,-0.7044567776811773,0.8939241856975975
1.0250170353263617,0.975304830396693,-1.4968143533985465,-0.5890235374851389,1.6188297640331655,-0.7291775035538454,-0.7122703735304572,-1.286325303091959,-0.15362546712844063,0.8268431012898416,-0.5531114536287216,0,-1.2408042094034166,-0.7217427156047488,-0.7044567776811773,0.8939241856975975
0.5302380963112234,0.975304830396693,1.3620846311387427,1.421966269684764,-0.33549188268695335,0.9533396715178665,0.3187603239804574,-0.048482188649015184,-0.8427864411625662,-0.9224723457267486,0.5071660932633962,0,0.30488206854581235,-0.7217427156047488,-0.7044567776811773,0.8939241856975975
-0.9540987207341913,0.975304830396693,-0.8560266499677749,-0.1729566808292966,-0.7542750926984075,0.3809369212357377,-0.024916575189847412,-0.048482188649015184,-0.8427864411625662,1.5265692800964776,0.15374024429935695,0,-0.7601867601574809,-0.7217427156047488,-0.7044567776811773,-1.118663099175042
-0.4593197817190531,0.975304830396693,-1.6446884388056477,0.6591770324823872,1.339640957358863,-0.12208367749704212,0.6624372231507623,-0.048482188649015184,-0.8427864411625662,0.47698001188652356,-0.5531114536287216,0,-1.5172518805828334,-0.7217427156047488,-0.7044567776811773,-1.118663099175042
0.035459157296085175,-1.0253204627247283,-1.003900735374876,1.699344174121992,-0.7542750926984075,0.5890833758837847,0.8342756727359149,-1.286325303091959,-0.4982059541455034,-0.5726092563234305,1.5674436401555143,0,-1.206693253106331,-0.7217427156047488,1.419533506784684,0.8939241856975975
0.5302380963112234,0.975304830396693,0.1298005860795663,-0.5890235374851389,-0.1958974793498019,-1.7178731631320674,0.49059877356561,-0.048482188649015184,-0.8427864411625662,0.8268431012898416,-0.5531114536287216,0,0.3004862312818262,-0.7217427156047488,1.419533506784684,0.8939241856975975
1.0250170353263617,-1.0253204627247283,0.9184623749174395,-1.5598462030154363,-0.8938694960355587,-0.5383765867931353,-1.2277857222859145,-1.286325303091959,1.5692769679568732,1.1767061906931597,-0.5531114536287216,1,2.044168345996444,-0.7217427156047488,-0.7044567776811773,0.8939241856975975
0.035459157296085175,-1.0253204627247283,1.0170450985221733,-0.24230115693860396,-0.056303076012650735,-0.5557221246804729,1.3497910214913722,-0.048482188649015184,1.5692769679568732,0.8268431012898416,-1.2599631515568004,0,0.8885195439724703,1.385535286160941,-0.7044567776811773,0.8939241856975975
-0.9540987207341913,-1.0253204627247283,-0.5109871173512054,-0.5196790613758315,0.9208577473474087,0.8145753684191684,-0.19675502477499981,-0.048482188649015184,0.8801159939227476,-0.5726092563234305,1.5674436401555143,0,-0.33536777295621123,-0.7217427156047488,-0.7044567776811773,-1.118663099175042
-0.9540987207341913,-1.0253204627247283,-1.053192097177243,-0.10361220471998989,1.479235360696014,-1.0067061097512406,-0.5404319239453048,-0.048482188649015184,1.2246964809398104,-0.2227461669201125,-1.2599631515568004,0,-0.9450009935143296,-0.7217427156047488,1.419533506784684,-1.118663099175042
-1.4488776597493296,0.975304830396693,0.6720055659056042,-1.4905017269061296,-1.3126527060470128,0.7278476789824826,0.14692187439530519,1.1893609257939286,-0.4982059541455034,-0.9224723457267486,-1.2599631515568004,0,1.647350323212553,1.385535286160941,-0.7044567776811773,-1.118663099175042
1.5197959743415,-1.0253204627247283,1.41137599294111,-1.0050903941409806,0.36248013399880336,-0.5383765867931353,0.3187603239804574,-0.048482188649015184,-1.5319474151966916,0.12711692248320555,0.8605919422274356,0,1.9295835213151977,1.385535286160941,-0.7044567776811773,0.8939241856975975
-0.4593197817190531,-1.0253204627247283,0.031217862474832096,-0.7970569658130597,1.758424167370317,0.45031907278508665,-1.3996241718710671,-0.048482188649015184,-1.5319474151966916,0.8268431012898416,0.5071660932633962,0,0.32868594203192747,-0.7217427156047488,1.419533506784684,-1.118663099175042
0.5302380963112234,0.975304830396693,1.3620846311387427,-0.4503345852665248,1.6188297640331655,1.6298156491240188,-0.19675502477499981,1.1893609257939286,0.19095501988862215,-1.2723354351300666,1.214017791191475,0,1.3505608052909985,1.385535286160941,-0.7044567776811773,0.8939241856975975
0.5302380963112234,-1.0253204627247283,-0.8067352881654077,-1.3518127746875155,-1.1730583027098613,1.2482138156025993,-1.5714626214562195,-0.048482188649015184,-1.5319474151966916,0.12711692248320555,-0.5531114536287216,0,-0.25583139579379033,-0.7217427156047488,1.419533506784684,0.8939241856975975
1.5197959743415,0.975304830396693,0.3762573950914016,1.3526217935754572,-1.5918415127213155,0.15544492870035384,-1.055947272700762,1.1893609257939286,1.2246964809398104,-0.5726092563234305,0.15374024429935695,0,-0.2911202004963479,-0.7217427156047488,1.419533506784684,0.8939241856975975
0.5302380963112234,-1.0253204627247283,1.312793269336376,1.2139328413568424,1.6188297640331655,1.2135227398279247,-0.024916575189847412,-1.286325303091959,0.19095501988862215,-1.2723354351300666,-0.19968560466468235,0,0.35516615822409664,-0.7217427156047488,1.419533506784684,0.8939241856975975
-0.4593197817190531,-1.0253204627247283,-0.9546093735725089,1.0058994130289223,0.08329132732450074,1.5951245733493442,-0.8841088231156097,1.1893609257939286,-0.4982059541455034,-0.2227461669201125,0.15374024429935695,0,-1.0805856787453036,-0.7217427156047488,-0.7044567776811773,-1.118663099175042
-0.4593197817190531,0.975304830396693,-0.4616957555488383,-1.1437793463595947,-1.03346389937271,1.2482138156025993,0.14692187439530519,1.1893609257939286,-0.15362546712844063,0.47698001188652356,-0.5531114536287216,0,0.020251605702691043,1.385535286160941,-0.7044567776811773,-1.118663099175042
1.5197959743415,0.975304830396693,-0.4616957555488383,0.0350767474986242,-0.8938694960355587,1.1441405882785758,0.14692187439530519,-0.048482188649015184,-0.15362546712844063,1.1767061906931597,1.5674436401555143,0,-0.4927933242037253,1.385535286160941,-0.7044567776811773,0.8939241856975975
-0.4593197817190531,-1.0253204627247283,-1.3489402679914455,-0.6583680135944456,-0.1958974793498019,0.5197012243344357,0.49059877356561,1.1893609257939286,0.19095501988862215,-0.2227461669201125,1.214017791191475,0,-1.08540137158226,1.385535286160941,-0.7044567776811773,-1.118663099175042
-0.9540987207341913,-1.0253204627247283,-1.3489402679914455,0.7978659847010008,-0.7542750926984075,-0.2608479805957401,0.14692187439530519,-1.286325303091959,1.5692769679568732,-1.6221985245333848,-0.906537302592761,0,-1.321924758913166,1.385535286160941,-0.7044567776811773,-1.118663099175042
-0.4593197817190531,-1.0253204627247283,1.41137599294111,1.3526217935754572,0.2228857306616519,1.2829048913772738,-0.3685934743601522,-1.286325303091959,1.2246964809398104,1.1767061906931597,-0.5531114536287216,0,0.3627605925216338,-0.7217427156047488,-0.7044567776811773,-1.118663099175042
-0.4593197817190531,0.975304830396693,0.1298005860795663,-1.4905017269061296,0.6416689406731063,-0.8505962687652058,-1.7433010710413719,1.1893609257939286,-0.4982059541455034,-1.6221985245333848,-0.5531114536287216,0,0.9782630001243852,-0.7217427156047488,-0.7044567776811773,-1.118663099175042
1.0250170353263617,0.975304830396693,-1.053192097177243,0.24311017582654504,-1.03346389937271,-0.2261569048210656,0.8342756727359149,-1.286325303091959,1.2246964809398104,1.5265692800964776,0.8605919422274356,0,-1.0182649479141035,-0.7217427156047488,-0.7044567776811773,0.8939241856975975
-0.4593197817190531,0.975304830396693,0.4255487568937689,-0.8664014419223665,-1.5918415127213155,1.1441405882785758,0.8342756727359149,-0.048482188649015184,0.535535506905685,1.1767061906931597,1.5674436401555143,1,0.7747294438003625,-0.7217427156047488,1.419533506784684,-1.118663099175042
0.5302380963112234,-1.0253204627247283,-0.5109871173512054,1.421966269684764,0.6416689406731063,-1.527072246371358,0.49059877356561,1.1893609257939286,0.8801159939227476,0.8268431012898416,-1.2599631515568004,0,-0.8644106436745784,-0.7217427156047488,-0.7044567776811773,0.8939241856975975
1.0250170353263617,-1.0253204627247283,-0.7574439263630407,-1.0050903941409806,0.36248013399880336,-0.9373239582018916,0.3187603239804574,1.1893609257939286,-1.5319474151966916,1.5265692800964776,0.5071660932633962,0,-0.37207687010809803,1.385535286160941,-0.7044567776811773,0.8939241856975975
-1.4488776597493296,-1.0253204627247283,-0.6095698409559396,0.6591770324823872,-1.1730583027098613,-0.7985596551031944,-1.3996241718710671,1.1893609257939286,-0.4982059541455034,1.5265692800964776,0.15374024429935695,0,-0.7750088182380976,-0.7217427156047488,-0.7044567776811773,-1.118663099175042
1.5197959743415,0.975304830396693,0.4748401186961358,-0.9357459180316738,1.339640957358863,-0.7465230414411823,0.6624372231507623,-0.048482188649015184,-1.1873669281796289,-0.9224723457267486,0.5071660932633962,0,0.87927147104004,-0.7217427156047488,1.419533506784684,0.8939241856975975
-0.4593197817190531,0.975304830396693,-0.36311303194410427,1.2832773174661503,1.2000465540217116,0.3462458454610632,1.693467920661677,1.1893609257939286,-1.5319474151966916,-1.2723354351300666,-1.2599631515568004,0,-0.7439223331255529,-0.7217427156047488,-0.7044567776811773,-1.118663099175042
0.5302380963112234,0.975304830396693,0.57342284230087,1.5606552219033774,0.36248013399880336,0.25951815602437733,1.1779525719062196,-0.048482188649015184,-1.5319474151966916,1.1767061906931597,0.8605919422274356,0,-0.2277721433730949,-0.7217427156047488,1.419533506784684,0.8939241856975975
-1.4488776597493296,-1.0253204627247283,0.08050922427719942,1.075243889138229,-0.8938694960355587,-1.0760882613005895,-1.3996241718710671,-0.048482188649015184,-0.15362546712844063,1.5265692800964776,0.15374024429935695,0,-0.40477090975899704,-0.7217427156047488,1.419533506784684,-1.118663099175042
0.5302380963112234,-1.0253204627247283,-0.2645303083393701,0.1737656997172383,-1.5918415127213155,-0.8332507308778688,0.8342756727359149,-1.286325303091959,1.2246964809398104,0.8268431012898416,-0.19968560466468235,0,-0.37988440196502926,1.385535286160941,-0.7044567776811773,0.8939241856975975
0.035459157296085175,0.975304830396693,0.3762573950914016,0.24311017582654504,-1.4522471093841642,1.5777790354620067,0.8342756727359149,-0.048482188649015184,-0.15362546712844063,0.8268431012898416,-0.906537302592761,0,0.09717875782245362,-0.7217427156047488,1.419533506784684,0.8939241856975975
0.5302380963112234,0.975304830396693,-0.36311303194410427,-1.2131238224689014,-0.7542750926984075,1.2308682777152624,0.6624372231507623,-1.286325303091959,-1.1873669281796289,-1.2723354351300666,-0.19968560466468235,0,0.17328753598349514,1.385535286160941,-0.7044567776811773,0.8939241856975975
0.035459157296085175,-1.0253204627247283,0.721296927707971,-1.6291906791247437,0.9208577473474087,-0.6597953520044965,0.14692187439530519,-1.286325303091959,-1.5319474151966916,0.12711692248320555,-0.906537302592761,0,1.8862041126076639,-0.7217427156047488,-0.7044567776811773,0.8939241856975975
-0.4593197817190531,0.975304830396693,-1.1517748207819771,-1.3518127746875155,-0.614680689361256,-0.6251042762298219,1.1779525719062196,-0.048482188649015184,1.5692769679568732,-1.2723354351300666,0.15374024429935695,0,-0.6626905558938675,-0.7217427156047488,-0.7044567776811773,-1.118663099175042
1.0250170353263617,0.975304830396693,-0.11665622293226899,1.3526217935754572,0.5020745373359549,-0.5210310489057984,-1.3996241718710671,-0.048482188649015184,-1.5319474151966916,1.5265692800964776,0.8605919422274356,0,-0.6024920066953869,-0.7217427156047488,1.419533506784684,0.8939241856975975
1.5197959743415,-1.0253204627247283,1.460667354743477,-1.3518127746875155,1.339640957358863,-1.0067061097512406,-0.024916575189847412,-1.286325303091959,-0.8427864411625662,-1.2723354351300666,0.15374024429935695,0,2.417814513435291,-0.7217427156047488,1.419533506784684,0.8939241856975975
-0.9540987207341913,0.975304830396693,0.3762573950914016,0.24311017582654504,1.6188297640331655,-1.405653481159997,-0.3685934743601522,1.1893609257939286,1.5692769679568732,-1.6221985245333848,0.15374024429935695,0,0.09717875782245362,1.385535286160941,-0.7044567776811773,-1.118663099175042
-0.9540987207341913,-1.0253204627247283,1.2142105457316417,0.31245465193585237,0.5020745373359549,0.7451932168698195,0.14692187439530519,-1.286325303091959,1.5692769679568732,-0.9224723457267486,0.15374024429935695,0,0.712038531649251,1.385535286160941,-0.7044567776811773,-1.118663099175042
0.035459157296085175,-1.0253204627247283,-1.201066182584344,-1.2824682985782088,0.36248013399880336,-0.7638685793285199,1.3497910214913722,-1.286325303091959,-0.15362546712844063,-0.5726092563234305,-0.5531114536287216,0,-0.7473475861010266,-0.7217427156047488,-0.7044567776811773,0.8939241856975975
1.0250170353263617,-1.0253204627247283,1.3620846311387427,0.58983255637308,1.479235360696014,0.5370467622217725,-1.055947272700762,-0.048482188649015184,-1.5319474151966916,0.8268431012898416,-1.6133890005208396,0,0.6741323987206728,-0.7217427156047488,-0.7044567776811773,0.8939241856975975
0.5302380963112234,-1.0253204627247283,-0.9546093735725089,0.0350767474986242,-0.33549188268695335,1.4043236565886341,-1.3996241718710671,-1.286325303091959,0.8801159939227476,0.12711692248320555,-1.6133890005208396,0,-0.8951815045224834,1.385535286160941,-0.7044567776811773,0.8939241856975975
0.5302380963112234,0.975304830396693,0.4255487568937689,-1.0744348702502873,-0.33549188268695335,0.710502141095145,-1.7433010710413719,1.1893609257939286,-1.1873669281796289,-1.2723354351300666,-1.6133890005208396,0,0.9410225183198487,-0.7217427156047488,-0.7044567776811773,0.8939241856975975
-0.4593197817190531,0.975304830396693,1.1649191839292747,-0.1729566808292966,-1.5918415127213155,-1.0760882613005895,-1.3996241718710671,-0.048482188649015184,-0.8427864411625662,-1.6221985245333848,-0.5531114536287216,0,0.9694334020191164,1.385535286160941,-0.7044567776811773,-1.118663099175042
1.5197959743415,-1.0253204627247283,-0.7574439263630407,-0.6583680135944456,0.5020745373359549,0.15544492870035384,-0.5404319239453048,-0.048482188649015184,1.2246964809398104,-0.9224723457267486,-0.19968560466468235,0,-0.5147417704029305,1.385535286160941,-0.7044567776811773,0.8939241856975975
1.0250170353263617,0.975304830396693,-1.5953970770032808,-1.3518127746875155,0.7812633440102572,-1.2321981022866253,-0.024916575189847412,-0.048482188649015184,-1.1873669281796289,0.47698001188652356,0.8605919422274356,0,-1.1857951903082529,1.385535286160941,-0.7044567776811773,0.8939241856975975
-0.4593197817190531,0.975304830396693,0.8198796513127053,-0.03426772861068253,-0.47508628602410485,0.6064289137711215,-0.19675502477499981,-1.286325303091959,0.8801159939227476,1.1767061906931597,1.214017791191475,0,0.592397299593425,-0.7217427156047488,-0.7044567776811773,-1.118663099175042
-0.4593197817190531,0.975304830396693,-0.4616957555488383,-0.6583680135944456,-0.7542750926984075,-0.8679418066525426,1.5216294710765244,-0.048482188649015184,-1.5319474151966916,-0.5726092563234305,1.214017791191475,0,-0.22941196981326561,1.385535286160941,-0.7044567776811773,-1.118663099175042
1.0250170353263617,-1.0253204627247283,0.9677537367198064,0.1737656997172383,1.0604521506845601,-0.018010450173018628,-1.5714626214562195,-1.286325303091959,1.2246964809398104,0.47698001188652356,0.5071660932633962,0,0.5960570801513616,-0.7217427156047488,-0.7044567776811773,0.8939241856975975
0.5302380963112234,-1.0253204627247283,0.3762573950914016,0.10442122360793094,-1.5918415127213155,0.08606277715100485,-1.5714626214562195,-1.286325303091959,-0.8427864411625662,0.47698001188652356,-1.6133890005208396,0,0.1589535921004449,1.385535286160941,-0.7044567776811773,0.8939241856975975
0.035459157296085175,0.975304830396693,0.031217862474832096,-0.7970569658130597,-0.614680689361256,1.3349415050392852,-0.8841088231156097,1.1893609257939286,-0.8427864411625662,0.8268431012898416,0.8605919422274356,0,0.32868594203192747,-0.7217427156047488,-0.7044567776811773,0.8939241856975975
1.0250170353263617,0.975304830396693,1.5592500783482113,0.10442122360793094,-0.1958974793498019,1.751234414335379,1.5216294710765244,-1.286325303091959,-0.8427864411625662,-0.9224723457267486,1.214017791191475,0,1.1100529273993274,-0.7217427156047488,-0.7044567776811773,0.8939241856975975
1.5197959743415,0.975304830396693,1.2635019075340086,1.3526217935754572,0.08329132732450074,-0.10473813960970448,0.49059877356561,1.1893609257939286,-1.5319474151966916,0.12711692248320555,0.8605919422274356,0,0.2693490506619219,-0.7217427156047488,1.419533506784684,0.8939241856975975
0.035459157296085175,0.975304830396693,-0.3138216701417372,0.7285215085916941,0.5020745373359549,0.4329735348977498,-0.19675502477499981,-0.048482188649015184,-0.4982059541455034,-0.9224723457267486,-1.2599631515568004,0,-0.5813187238738521,-0.7217427156047488,1.419533506784684,0.8939241856975975
1.5197959743415,-1.0253204627247283,1.460667354743477,1.4913107457940706,-1.1730583027098613,-1.2842347159486365,1.0061141223210675,-1.286325303091959,1.2246964809398104,0.8268431012898416,-0.5531114536287216,0,0.3395887371765891,-0.7217427156047488,1.419533506784684,0.8939241856975975
1.0250170353263617,0.975304830396693,0.6227142041032369,0.7285215085916941,0.6416689406731063,1.1441405882785758,0.6624372231507623,1.1893609257939286,-0.4982059541455034,-0.5726092563234305,0.8605919422274356,0,0.08128047971770262,-0.7217427156047488,1.419533506784684,0.8939241856975975
0.5302380963112234,-1.0253204627247283,1.509958716545844,0.58983255637308,1.6188297640331655,-0.0006649122856809947,0.3187603239804574,-1.286325303091959,-0.4982059541455034,0.8268431012898416,1.5674436401555143,0,0.7816196523674641,1.385535286160941,-0.7044567776811773,0.8939241856975975
1.5197959743415,-1.0253204627247283,-0.06736486112990167,0.6591770324823872,1.479235360696014,0.502355686447098,0.8342756727359149,1.1893609257939286,0.535535506905685,-0.2227461669201125,-0.5531114536287216,0,-0.3862148332003786,1.385535286160941,-0.7044567776811773,0.8939241856975975
1.5197959743415,0.975304830396693,0.031217862474832096,-1.2824682985782088,1.0604521506845601,-1.0240516476385781,-0.024916575189847412,-1.286325303091959,1.5692769679568732,1.5265692800964776,0.8605919422274356,0,0.6741323987206728,-0.7217427156047488,-0.7044567776811773,0.8939241856975975
1.0250170353263617,-1.0253204627247283,1.2142105457316417,1.699344174121992,-1.4522471093841642,-0.34757567003242595,-1.055947272700762,1.1893609257939286,-1.1873669281796289,1.5265692800964776,0.8605919422274356,0,0.11576228333453087,-0.7217427156047488,-0.7044567776811773,0.8939241856975975
0.035459157296085175,-1.0253204627247283,-0.4616957555488383,1.6299996980126852,-0.7542750926984075,-1.1628159507372762,-0.8841088231156097,-0.048482188649015184,-1.1873669281796289,-0.5726092563234305,-0.19968560466468235,0,-0.8714040211400114,-0.7217427156047488,1.419533506784684,0.8939241856975975
-0.4593197817190531,-1.0253204627247283,-0.7574439263630407,0.10442122360793094,-1.1730583027098613,-0.5210310489057984,1.3497910214913722,1.1893609257939286,-1.5319474151966916,-1.2723354351300666,-1.2599631515568004,0,-0.7525166042276509,-0.7217427156047488,1.419533506784684,-1.118663099175042
1.5197959743415,-1.0253204627247283,1.312793269336376,-0.03426772861068253,1.6188297640331655,1.4390147323633087,-0.024916575189847412,1.1893609257939286,-0.15362546712844063,-0.5726092563234305,-0.19968560466468235,0,1.0010727952296636,1.385535286160941,-0.7044567776811773,0.8939241856975975
-0.4593197817190531,-1.0253204627247283,0.5241314804985027,-0.3809901091572174,0.36248013399880336,-0.03535598806035549,-0.7122703735304572,-0.048482188649015184,1.2246964809398104,-0.9224723457267486,-0.906537302592761,0,0.5411396950559983,-0.7217427156047488,-0.7044567776811773,-1.118663099175042
-0.9540987207341913,-1.0253204627247283,-1.2503575443867112,-1.2131238224689014,-0.8938694960355587,-0.8332507308778688,-1.7433010710413719,-1.286325303091959,-1.1873669281796289,1.1767061906931597,-0.5531114536287216,0,-0.8284021894908598,1.385535286160941,-0.7044567776811773,-1.118663099175042
-0.9540987207341913,-1.0253204627247283,-0.06736486112990167,-0.9357459180316738,1.479235360696014,-1.3362713296106479,-0.8841088231156097,-1.286325303091959,-0.15362546712844063,-0.5726092563234305,-1.6133890005208396,0,0.31513902216178125,-0.7217427156047488,1.419533506784684,-1.118663099175042
-1.4488776597493296,0.975304830396693,-0.5109871173512054,-0.4503345852665248,-0.7542750926984075,-0.9546694960892292,0.8342756727359149,1.1893609257939286,-0.4982059541455034,-1.6221985245333848,0.8605919422274356,0,-0.36305782468716036,-0.7217427156047488,1.419533506784684,-1.118663099175042
-1.4488776597493296,0.975304830396693,0.9677537367198064,0.0350767474986242,-0.33549188268695335,-1.6311454736953814,-0.8841088231156097,-0.048482188649015184,-0.8427864411625662,1.1767061906931597,-0.5531114536287216,0,0.6741323987206728,1.385535286160941,-0.7044567776811773,-1.118663099175042
-0.9540987207341913,0.975304830396693,-0.06736486112990167,1.6299996980126852,0.7812633440102572,-0.4516488973564494,-1.2277857222859145,1.1893609257939286,1.2246964809398104,-1.2723354351300666,-1.2599631515568004,0,-0.6336291873152907,1.385535286160941,-0.7044567776811773,-1.118663099175042
0.5302380963112234,-1.0253204627247283,-0.7081525645606735,-1.5598462030154363,-1.3126527060470128,-1.2321981022866253,1.0061141223210675,1.1893609257939286,-0.4982059541455034,1.1767061906931597,0.15374024429935695,0,-0.010885574917212737,-0.7217427156047488,1.419533506784684,0.8939241856975975
-0.4593197817190531,0.975304830396693,1.608541440150578,-1.5598462030154363,0.5020745373359549,0.7451932168698195,-1.7433010710413719,-0.048482188649015184,1.5692769679568732,0.47698001188652356,1.214017791191475,1,2.9160094033537525,-0.7217427156047488,-0.7044567776811773,-1.118663099175042
1.5197959743415,-1.0253204627247283,-1.201066182584344,-1.4211572507968222,0.6416689406731063,-0.9026328824272171,-0.5404319239453048,-1.286325303091959,1.2246964809398104,-0.2227461669201125,0.15374024429935695,0,-0.6930728957714709,-0.7217427156047488,-0.7044567776811773,0.8939241856975975
-0.9540987207341913,-1.0253204627247283,0.4748401186961358,-0.5196790613758315,0.7812633440102572,0.10340831503834172,0.49059877356561,1.1893609257939286,0.535535506905685,0.8268431012898416,-0.19968560466468235,1,0.5823596558409561,-0.7217427156047488,-0.7044567776811773,-1.118663099175042
-0.4593197817190531,-1.0253204627247283,0.57342284230087,0.5204880802637732,0.9208577473474087,-1.405653481159997,1.0061141223210675,1.1893609257939286,-0.15362546712844063,-1.6221985245333848,0.5071660932633962,0,0.12923173787235456,1.385535286160941,-0.7044567776811773,-1.118663099175042
-0.4593197817190531,-1.0253204627247283,0.2283833096843005,-0.10361220471998989,-0.33549188268695335,-0.5557221246804729,0.14692187439530519,-1.286325303091959,0.19095501988862215,-1.2723354351300666,-0.19968560466468235,0,0.13442126797567217,-0.7217427156047488,1.419533506784684,-1.118663099175042
0.035459157296085175,-1.0253204627247283,1.460667354743477,-1.6985351552340504,-1.731435916058467,1.265559353489937,0.14692187439530519,1.1893609257939286,-0.4982059541455034,-0.2227461669201125,0.5071660932633962,0,2.9627151742836086,-0.7217427156047488,-0.7044567776811773,0.8939241856975975
0.5302380963112234,0.975304830396693,-1.1517748207819771,0.45114360415446586,-0.8938694960355587,-0.8505962687652058,0.8342756727359149,-0.048482188649015184,-1.1873669281796289,-1.6221985245333848,-1.2599631515568004,0,-1.130946973554319,-0.7217427156047488,1.419533506784684,0.8939241856975975
-0.4593197817190531,-1.0253204627247283,1.3620846311387427,-1.6291906791247437,0.5020745373359549,-0.20881136693372795,-1.055947272700762,-0.048482188649015184,1.5692769679568732,1.5265692800964776,-1.6133890005208396,1,2.7155163378987623,1.385535286160941,-0.7044567776811773,-1.118663099175042
0.5302380963112234,0.975304830396693,-0.9053180117701417,0.7285215085916941,-0.33549188268695335,0.4156279970104122,0.6624372231507623,-0.048482188649015184,-0.15362546712844063,0.47698001188652356,-0.906537302592761,0,-0.9998024314053603,1.385535286160941,-0.7044567776811773,0.8939241856975975
1.0250170353263617,0.975304830396693,-1.4475229915961794,1.4913107457940706,1.2000465540217116,0.9359941336305289,-1.5714626214562195,1.1893609257939286,0.8801159939227476,0.8268431012898416,1.5674436401555143,0,-1.4547818111053143,1.385535286160941,-0.7044567776811773,0.8939241856975975
-0.9540987207341913,0.975304830396693,-0.2645303083393701,-1.0744348702502873,1.339640957358863,-1.1975070265119507,-0.8841088231156097,-1.286325303091959,0.535535506905685,0.8268431012898416,0.15374024429935695,0,0.19373018344215534,-0.7217427156047488,1.419533506784684,-1.118663099175042
1.0250170353263617,-1.0253204627247283,0.8691710131150722,-1.2131238224689014,0.9208577473474087,-1.1975070265119507,-0.19675502477499981,1.1893609257939286,0.19095501988862215,-1.6221985245333848,0.15374024429935695,0,1.5645232658089878,-0.7217427156047488,-0.7044567776811773,0.8939241856975975
0.035459157296085175,-1.0253204627247283,1.1156278221269076,0.45114360415446586,1.6188297640331655,0.46766461067242354,-0.7122703735304572,-0.048482188649015184,0.19095501988862215,1.5265692800964776,-0.5531114536287216,0,0.563617335112,-0.7217427156047488,1.419533506784684,0.8939241856975975
1.0250170353263617,-1.0253204627247283,1.0170450985221733,1.1445883652475357,0.36248013399880336,1.0400673609545523,1.0061141223210675,-0.048482188649015184,1.2246964809398104,-0.5726092563234305,-0.906537302592761,0,0.1897762557443899,-0.7217427156047488,-0.7044567776811773,0.8939241856975975
-1.4488776597493296,0.975304830396693,-0.2645303083393701,-1.5598462030154363,-1.1730583027098613,-0.4169578215817749,-0.024916575189847412,-1.286325303091959,-0.15362546712844063,-0.5726092563234305,0.8605919422274356,0,0.5495836762410571,1.385535286160941,-0.7044567776811773,-1.118663099175042
-1.4488776597493296,0.975304830396693,-1.4475229915961794,-1.0050903941409806,1.339640957358863,-1.180161488624613,1.5216294710765244,-0.048482188649015184,0.8801159939227476,1.1767061906931597,-0.19968560466468235,0,-1.1044233582882375,-0.7217427156047488,1.419533506784684,-1.118663099175042
1.0250170353263617,0.975304830396693,0.3762573950914016,1.2139328413568424,0.2228857306616519,1.5257424217999953,1.5216294710765244,-0.048482188649015184,-1.1873669281796289,1.1767061906931597,0.8605919422274356,0,-0.2508696987193989,-0.7217427156047488,-0.7044567776811773,0.8939241856975975
1.5197959743415,-1.0253204627247283,1.41137599294111,-1.4211572507968222,-0.47508628602410485,1.3696325808139596,0.14692187439530519,-0.048482188649015184,1.2246964809398104,0.47698001188652356,-0.19968560466468235,1,2.457443652406077,-0.7217427156047488,-0.7044567776811773,0.8939241856975975
1.0250170353263617,-1.0253204627247283,-1.1024834589796102,1.5606552219033774,-1.5918415127213155,-0.3996122836944381,1.5216294710765244,-1.286325303091959,-0.4982059541455034,0.8268431012898416,0.5071660932633962,0,-1.2499306244126986,1.385535286160941,-0.7044567776811773,0.8939241856975975
0.035459157296085175,0.975304830396693,1.509958716545844,-0.24230115693860396,-1.3126527060470128,0.1727904665876907,0.49059877356561,-0.048482188649015184,0.8801159939227476,-0.5726092563234305,-0.5531114536287216,0,1.3172938344760647,-0.7217427156047488,-0.7044567776811773,0.8939241856975975
0.035459157296085175,-1.0253204627247283,1.509958716545844,0.7978659847010008,0.9208577473474087,-1.3015802538359733,0.14692187439530519,1.1893609257939286,-1.5319474151966916,-0.2227461669201125,-0.19968560466468235,0,0.6741323987206728,-0.7217427156047488,1.419533506784684,0.8939241856975975
0.5302380963112234,-1.0253204627247283,-0.5602784791535724,-1.2131238224689014,-1.731435916058467,-0.13942921538437897,1.693467920661677,-1.286325303091959,-1.1873669281796289,0.8268431012898416,-1.6133890005208396,0,-0.049310180788583784,-0.7217427156047488,-0.7044567776811773,0.8939241856975975
1.0250170353263617,-1.0253204627247283,-1.1024834589796102,-1.5598462030154363,-1.1730583027098613,1.473705808137983,0.49059877356561,-1.286325303091959,0.19095501988862215,0.12711692248320555,1.5674436401555143,0,-0.5090804648356753,1.385535286160941,-0.7044567776811773,0.8939241856975975
1.0250170353263617,0.975304830396693,0.2283833096843005,-1.4905017269061296,-0.8938694960355587,-1.3362713296106479,-1.5714626214562195,-1.286325303091959,0.535535506905685,-1.2723354351300666,-1.2599631515568004,0,1.0999152406858703,1.385535286160941,-0.7044567776811773,0.8939241856975975
-0.4593197817190531,0.975304830396693,-0.36311303194410427,0.45114360415446586,-1.731435916058467,0.15544492870035384,-1.3996241718710671,1.1893609257939286,-1.1873669281796289,1.1767061906931597,0.5071660932633962,0,-0.54153330097473,-0.7217427156047488,1.419533506784684,-1.118663099175042
0.035459157296085175,0.975304830396693,-0.4124043937464712,0.7978659847010008,-0.7542750926984075,0.3635913833484008,-0.024916575189847412,1.1893609257939286,-0.4982059541455034,0.8268431012898416,0.15374024429935695,0,-0.6680439658951842,1.385535286160941,-0.7044567776811773,0.8939241856975975
-1.4488776597493296,0.975304830396693,-1.5461057152009137,1.4913107457940706,0.9208577473474087,0.5543923001091101,-0.5404319239453048,-0.048482188649015184,-1.1873669281796289,0.12711692248320555,-1.2599631515568004,0,-1.5156079313860569,-0.7217427156047488,-0.7044567776811773,-1.118663099175042
1.0250170353263617,0.975304830396693,-1.3489402679914455,-1.0744348702502873,1.339640957358863,-1.5097267084840205,-1.3996241718710671,-0.048482188649015184,-1.5319474151966916,-0.9224723457267486,0.8605919422274356,0,-0.9805863427942199,-0.7217427156047488,-0.7044567776811773,0.8939241856975975
1.5197959743415,0.975304830396693,-1.4968143533985465,-0.4503345852665248,-0.8938694960355587,0.5197012243344357,1.1779525719062196,-1.286325303091959,0.19095501988862215,-0.5726092563234305,-1.2599631515568004,0,-1.2649623667809282,-0.7217427156047488,1.419533506784684,0.8939241856975975
1.0250170353263617,-1.0253204627247283,0.4748401186961358,-0.6583680135944456,0.08329132732450074,-1.3015802538359733,-1.7433010710413719,-1.286325303091959,-0.8427864411625662,-0.5726092563234305,1.5674436401555143,0,0.6741323987206728,-0.7217427156047488,-0.7044567776811773,0.8939241856975975
-0.4593197817190531,0.975304830396693,0.1790919478819336,-0.8664014419223665,-1.4522471093841642,-0.7638685793285199,-1.5714626214562195,-0.048482188649015184,1.5692769679568732,0.12711692248320555,-0.5531114536287216,0,0.5232368311011385,-0.7217427156047488,-0.7044567776811773,-1.118663099175042
-0.9540987207341913,-1.0253204627247283,1.312793269336376,0.3817991280451591,0.7812633440102572,1.3002504292646113,-0.5404319239453048,-0.048482188649015184,0.8801159939227476,-0.5726092563234305,0.5071660932633962,0,0.7488616322084424,-0.7217427156047488,-0.7044567776811773,-1.118663099175042
0.035459157296085175,-1.0253204627247283,1.1156278221269076,0.5204880802637732,-0.8938694960355587,-1.2148525643992876,1.5216294710765244,-0.048482188649015184,0.8801159939227476,-0.2227461669201125,1.214017791191475,0,0.5288255558277879,1.385535286160941,-0.7044567776811773,0.8939241856975975
-1.4488776597493296,-1.0253204627247283,-1.1517748207819771,0.8672104608103081,0.5020745373359549,-1.1454704128499387,1.1779525719062196,-0.048482188649015184,-1.1873669281796289,0.8268431012898416,0.5071660932633962,0,-1.1940984384735607,-0.7217427156047488,-0.7044567776811773,-1.118663099175042
0.035459157296085175,-1.0253204627247283,0.6720055659056042,0.3817991280451591,-1.3126527060470128,-1.2148525643992876,1.0061141223210675,-0.048482188649015184,0.19095501988862215,0.8268431012898416,-1.6133890005208396,0,0.2631216145379414,-0.7217427156047488,1.419533506784684,0.8939241856975975
-0.4593197817190531,-1.0253204627247283,-1.1517748207819771,0.7285215085916941,-0.47508628602410485,0.3462458454610632,1.3497910214913722,-0.048482188649015184,0.19095501988862215,-1.6221985245333848,0.5071660932633962,0,-1.1741706428768222,1.385535286160941,-0.7044567776811773,-1.118663099175042
1.5197959743415,-1.0253204627247283,-1.053192097177243,-1.5598462030154363,-0.7542750926984075,1.5257424217999953,0.49059877356561,-0.048482188649015184,-1.5319474151966916,1.1767061906931597,-0.19968560466468235,0,-0.4468061035958674,1.385535286160941,-0.7044567776811773,0.8939241856975975
-0.4593197817190531,0.975304830396693,-0.2152389465370032,0.7978659847010008,-1.03346389937271,-1.4229990190473345,0.14692187439530519,-0.048482188649015184,-0.4982059541455034,-0.2227461669201125,-1.6133890005208396,0,-0.5303848515756093,1.385535286160941,-0.7044567776811773,-1.118663099175042
1.0250170353263617,-1.0253204627247283,-0.018073499327534787,0.3817991280451591,1.339640957358863,-0.17412029115905348,1.3497910214913722,-1.286325303091959,-1.5319474151966916,-1.6221985245333848,-1.2599631515568004,0,-0.25998301987644384,1.385535286160941,-0.7044567776811773,0.8939241856975975
-0.9540987207341913,-1.0253204627247283,0.031217862474832096,-0.3809901091572174,-0.47508628602410485,-1.457690094822009,-1.2277857222859145,-1.286325303091959,-0.8427864411625662,1.5265692800964776,-1.2599631515568004,0,0.09783068284041749,1.385535286160941,-0.7044567776811773,-1.118663099175042
0.5302380963112234,-1.0253204627247283,-0.018073499327534787,-0.24230115693860396,1.479235360696014,0.6758110653204705,0.3187603239804574,-0.048482188649015184,1.5692769679568732,-0.5726092563234305,-1.2599631515568004,0,-0.01190646608507844,-0.7217427156047488,-0.7044567776811773,0.8939241856975975
-1.4488776597493296,0.975304830396693,0.2283833096843005,-0.8664014419223665,1.2000465540217116,-1.6484910115827183,1.1779525719062196,1.1893609257939286,-0.4982059541455034,-0.5726092563234305,-0.19968560466468235,0,0.5735353536409831,1.385535286160941,-0.7044567776811773,-1.118663099175042
1.5197959743415,-1.0253204627247283,-0.2152389465370032,-0.03426772861068253,-0.47508628602410485,-1.2668891780612996,1.0061141223210675,-1.286325303091959,-1.1873669281796289,-0.9224723457267486,0.15374024429935695,0,-0.26582124124267625,-0.7217427156047488,-0.7044567776811773,0.8939241856975975
1.0250170353263617,0.975304830396693,1.460667354743477,0.7978659847010008,0.08329132732450074,0.3462458454610632,1.1779525719062196,-1.286325303091959,-1.1873669281796289,0.12711692248320555,0.15374024429935695,0,0.6397176201407792,-0.7217427156047488,1.419533506784684,0.8939241856975975
1.0250170353263617,0.975304830396693,-0.1659475847346359,-0.6583680135944456,0.08329132732450074,1.4563602702506462,1.5216294710765244,-0.048482188649015184,-0.8427864411625662,0.8268431012898416,0.8605919422274356,0,0.055917830776399224,1.385535286160941,-0.7044567776811773,0.8939241856975975
-0.9540987207341913,-1.0253204627247283,1.312793269336376,-1.0050903941409806,1.6188297640331655,1.3349415050392852,-1.055947272700762,1.1893609257939286,0.535535506905685,-0.5726092563234305,-1.2599631515568004,0,1.8249625944323205,-0.7217427156047488,-0.7044567776811773,-1.118663099175042
-1.4488776597493296,0.975304830396693,0.1298005860795663,-0.3116456330479107,-1.5918415127213155,-1.0067061097512406,-1.7433010710413719,-1.286325303091959,-0.8427864411625662,0.12711692248320555,1.214017791191475,0,0.15102776430628723,1.385535286160941,-0.7044567776811773,-1.118663099175042
0.5302380963112234,-1.0253204627247283,1.3620846311387427,0.1737656997172383,-1.03346389937271,0.7278476789824826,1.1779525719062196,1.1893609257939286,0.19095501988862215,-0.2227461669201125,-1.2599631515568004,0,0.9083583544286066,1.385535286160941,-0.7044567776811773,0.8939241856975975
-1.4488776597493296,0.975304830396693,-0.3138216701417372,-1.3518127746875155,-0.1958974793498019,-1.6831820873573928,-0.7122703735304572,-1.286325303091959,0.19095501988862215,0.12711692248320555,-0.19968560466468235,0,0.32539597577774926,-0.7217427156047488,-0.7044567776811773,-1.118663099175042
-0.4593197817190531,-1.0253204627247283,0.4748401186961358,-1.6985351552340504,0.9208577473474087,0.03402616348899273,-0.19675502477499981,-0.048482188649015184,1.5692769679568732,-0.9224723457267486,-1.2599631515568004,0,1.6549535882476454,-0.7217427156047488,-0.7044567776811773,-1.118663099175042
-0.4593197817190531,0.975304830396693,1.460667354743477,-0.10361220471998989,1.479235360696014,0.08606277715100485,1.3497910214913722,-0.048482188649015184,-1.5319474151966916,-0.2227461669201125,0.8605919422274356,0,1.172327288639135,-0.7217427156047488,-0.7044567776811773,-1.118663099175042
0.5302380963112234,0.975304830396693,-1.3489402679914455,0.31245465193585237,1.339640957358863,-0.7985596551031944,1.1779525719062196,-1.286325303091959,-1.1873669281796289,-1.2723354351300666,0.5071660932633962,0,-1.2590803806368385,1.385535286160941,-0.7044567776811773,0.8939241856975975
0.035459157296085175,0.975304830396693,-0.9546093735725089,-0.9357459180316738,-1.1730583027098613,-0.7291775035538454,0.6624372231507623,1.1893609257939286,0.8801159939227476,-0.2227461669201125,0.8605919422274356,0,-0.6079868032753696,1.385535286160941,-0.7044567776811773,0.8939241856975975
0.5302380963112234,-1.0253204627247283,0.4748401186961358,-0.3116456330479107,1.479235360696014,0.710502141095145,-1.7433010710413719,1.1893609257939286,-1.1873669281796289,-0.9224723457267486,0.8605919422274356,0,0.4561721343813454,-0.7217427156047488,-0.7044567776811773,0.8939241856975975
-0.4593197817190531,-1.0253204627247283,-0.4616957555488383,0.45114360415446586,-1.1730583027098613,-0.2608479805957401,-1.2277857222859145,-0.048482188649015184,-1.5319474151966916,1.1767061906931597,-0.5531114536287216,0,-0.6152100100471786,-0.7217427156047488,1.419533506784684,-1.118663099175042
1.5197959743415,-1.0253204627247283,1.509958716545844,-0.7277124897037524,0.2228857306616519,-0.7465230414411823,0.6624372231507623,-0.048482188649015184,-1.1873669281796289,0.47698001188652356,1.214017791191475,0,1.7397159132684943,-0.7217427156047488,-0.7044567776811773,0.8939241856975975
-1.4488776597493296,0.975304830396693,1.6578328019529454,0.45114360415446586,-1.4522471093841642,-0.33023013214508906,-1.2277857222859145,1.1893609257939286,0.19095501988862215,0.8268431012898416,0.8605919422274356,0,0.9688392350104675,1.385535286160941,-0.7044567776811773,-1.118663099175042
-0.4593197817190531,0.975304830396693,-0.9546093735725089,0.24311017582654504,-0.056303076012650735,-1.613799935808044,-1.055947272700762,1.1893609257939286,0.8801159939227476,0.12711692248320555,0.15374024429935695,0,-0.9413377957943408,-0.7217427156047488,-0.7044567776811773,-1.118663099175042
1.5197959743415,0.975304830396693,0.57342284230087,-0.03426772861068253,-1.1730583027098613,1.0053762851798778,0.8342756727359149,-1.286325303091959,-0.8427864411625662,0.47698001188652356,-1.2599631515568004,0,0.38805955177530577,-0.7217427156047488,1.419533506784684,0.8939241856975975
-1.4488776597493296,-1.0253204627247283,1.2635019075340086,-0.5196790613758315,-0.7542750926984075,1.4563602702506462,1.693467920661677,1.1893609257939286,-1.1873669281796289,0.8268431012898416,0.5071660932633962,0,1.3165415988786895,1.385535286160941,-0.7044567776811773,-1.118663099175042
-1.4488776597493296,-1.0253204627247283,-1.5953970770032808,1.5606552219033774,-1.1730583027098613,1.751234414335379,-1.5714626214562195,-0.048482188649015184,1.5692769679568732,1.1767061906931597,1.214017791191475,0,-1.5505654717772879,-0.7217427156047488,1.419533506784684,-1.118663099175042
-1.4488776597493296,-1.0253204627247283,-1.6939798006080147,0.1737656997172383,0.36248013399880336,1.1094495125039012,-1.3996241718710671,1.1893609257939286,-0.8427864411625662,1.5265692800964776,-0.19968560466468235,0,-1.5119765212200422,-0.7217427156047488,-0.7044567776811773,-1.118663099175042
-1.4488776597493296,-1.0253204627247283,-0.6095698409559396,1.7686886502312988,-1.4522471093841642,-0.8679418066525426,-0.7122703735304572,1.1893609257939286,-0.8427864411625662,0.12711692248320555,-0.5531114536287216,0,-0.9823656102582143,-0.7217427156047488,1.419533506784684,-1.118663099175042
0.035459157296085175,0.975304830396693,1.41137599294111,0.5204880802637732,0.08329132732450074,-1.527072246371358,0.6624372231507623,1.1893609257939286,-0.8427864411625662,0.47698001188652356,-0.906537302592761,0,0.7467858201671155,-0.7217427156047488,-0.7044567776811773,0.8939241856975975
-1.4488776597493296,0.975304830396693,0.6227142041032369,1.2832773174661503,1.479235360696014,-0.6251042762298219,-0.7122703735304572,-1.286325303091959,-0.15362546712844063,-0.9224723457267486,0.5071660932633962,0,-0.11367578563834158,-0.7217427156047488,1.419533506784684,-1.118663099175042
1.0250170353263617,-1.0253204627247283,0.031217862474832096,0.24311017582654504,-0.33549188268695335,-1.0240516476385781,0.6624372231507623,1.1893609257939286,-0.15362546712844063,1.5265692800964776,-1.2599631515568004,0,-0.17206627459671553,-0.7217427156047488,1.419533506784684,0.8939241856975975
1.0250170353263617,-1.0253204627247283,-1.003900735374876,0.45114360415446586,-0.1958974793498019,1.6991978006733677,-0.5404319239453048,1.1893609257939286,1.5692769679568732,0.47698001188652356,-0.906537302592761,0,-1.020431909945646,-0.7217427156047488,1.419533506784684,0.8939241856975975
1.0250170353263617,0.975304830396693,-0.2645303083393701,1.075243889138229,0.36248013399880336,0.08606277715100485,0.6624372231507623,-1.286325303091959,-0.8427864411625662,-1.6221985245333848,0.8605919422274356,0,-0.6336291873152907,-0.7217427156047488,-0.7044567776811773,0.8939241856975975
0.5302380963112234,-1.0253204627247283,1.0170450985221733,1.075243889138229,0.2228857306616519,-0.2261569048210656,-1.055947272700762,1.1893609257939286,-0.4982059541455034,0.8268431012898416,-0.19968560466468235,0,0.21641584360808544,-0.7217427156047488,-0.7044567776811773,0.8939241856975975
-0.9540987207341913,-1.0253204627247283,-0.8067352881654077,-0.4503345852665248,-0.1958974793498019,0.6064289137711215,0.14692187439530519,1.1893609257939286,0.19095501988862215,1.5265692800964776,-0.906537302592761,0,-0.6336291873152907,-0.7217427156047488,1.419533506784684,-1.118663099175042
-0.9540987207341913,0.975304830396693,1.312793269336376,-0.5196790613758315,1.339640957358863,-0.3996122836944381,-1.055947272700762,-0.048482188649015184,0.535535506905685,-0.9224723457267486,0.5071660932633962,0,1.362427970318548,-0.7217427156047488,1.419533506784684,-1.118663099175042
-1.4488776597493296,-1.0253204627247283,-0.8067352881654077,-0.7970569658130597,-1.03346389937271,1.5604334975746696,1.1779525719062196,-1.286325303091959,1.2246964809398104,-1.2723354351300666,-0.5531114536287216,0,-0.5102554527835961,1.385535286160941,-0.7044567776811773,-1.118663099175042
-0.4593197817190531,-1.0253204627247283,1.3620846311387427,-0.5196790613758315,1.6188297640331655,0.849266444193843,1.3497910214913722,1.1893609257939286,-1.1873669281796289,0.47698001188652356,0.8605919422274356,0,1.4083143417584065,-0.7217427156047488,-0.7044567776811773,-1.118663099175042
0.035459157296085175,-1.0253204627247283,-0.4124043937464712,1.7686886502312988,-0.33549188268695335,0.6584655274331337,1.5216294710765244,-0.048482188649015184,-0.4982059541455034,-0.9224723457267486,-1.6133890005208396,0,-0.8661201359439064,-0.7217427156047488,1.419533506784684,0.8939241856975975
0.035459157296085175,0.975304830396693,1.2142105457316417,-1.1437793463595947,-0.056303076012650735,-0.1567747532717166,-1.2277857222859145,-0.048482188649015184,-0.4982059541455034,-1.6221985245333848,0.8605919422274356,0,1.872913852586973,1.385535286160941,-0.7044567776811773,0.8939241856975975
-0.4593197817190531,0.975304830396693,-0.2645303083393701,1.3526217935754572,0.7812633440102572,-0.8159051929905312,-0.19675502477499981,-0.048482188649015184,-0.4982059541455034,-0.2227461669201125,-0.906537302592761,0,-0.6959035485550985,-0.7217427156047488,1.419533506784684,-1.118663099175042
0.035459157296085175,0.975304830396693,-0.9053180117701417,0.7285215085916941,1.479235360696014,0.9359941336305289,-0.19675502477499981,1.1893609257939286,-0.8427864411625662,-1.6221985245333848,-0.19968560466468235,0,-0.9998024314053603,-0.7217427156047488,-0.7044567776811773,0.8939241856975975
-0.4593197817190531,0.975304830396693,1.312793269336376,-0.5196790613758315,-1.4522471093841642,1.5604334975746696,-0.024916575189847412,1.1893609257939286,-1.5319474151966916,-0.9224723457267486,0.15374024429935695,0,1.362427970318548,-0.7217427156047488,-0.7044567776811773,-1.118663099175042
1.0250170353263617,0.975304830396693,1.6578328019529454,0.3817991280451591,1.339640957358863,1.5777790354620067,-0.024916575189847412,1.1893609257939286,-1.5319474151966916,-1.2723354351300666,1.5674436401555143,0,1.0104139494156348,-0.7217427156047488,-0.7044567776811773,0.8939241856975975
-0.9540987207341913,-1.0253204627247283,0.2776746714866674,-0.7970569658130597,0.7812633440102572,-1.180161488624613,-1.3996241718710671,-1.286325303091959,-0.8427864411625662,-0.9224723457267486,0.15374024429935695,0,0.5754334110953171,1.385535286160941,-0.7044567776811773,-1.118663099175042
-0.4593197817190531,-1.0253204627247283,0.9184623749174395,0.8672104608103081,-1.4522471093841642,1.5083968839126576,0.8342756727359149,-1.286325303091959,1.5692769679568732,-1.2723354351300666,0.5071660932633962,0,0.2325505644747632,-0.7217427156047488,-0.7044567776811773,-1.118663099175042
0.035459157296085175,-1.0253204627247283,-0.06736486112990167,-1.5598462030154363,0.36248013399880336,1.5604334975746696,0.14692187439530519,1.1893609257939286,-1.1873669281796289,1.1767061906931597,0.8605919422274356,0,0.7986811212002884,-0.7217427156047488,-0.7044567776811773,0.8939241856975975
0.035459157296085175,0.975304830396693,1.2142105457316417,0.6591770324823872,1.2000465540217116,-0.12208367749704212,-0.024916575189847412,1.1893609257939286,1.5692769679568732,0.12711692248320555,-0.906537302592761,0,0.532752767797866,-0.7217427156047488,1.419533506784684,0.8939241856975975
0.5302380963112234,-1.0253204627247283,1.608541440150578,-0.5196790613758315,-0.7542750926984075,1.265559353489937,0.3187603239804574,-1.286325303091959,1.5692769679568732,-1.2723354351300666,0.15374024429935695,0,1.6377461989576985,-0.7217427156047488,1.419533506784684,0.8939241856975975
-0.9540987207341913,-1.0253204627247283,0.2283833096843005,-0.1729566808292966,-1.03346389937271,-1.7178731631320674,0.8342756727359149,-0.048482188649015184,-0.15362546712844063,0.12711692248320555,-1.6133890005208396,0,0.1679021073519126,1.385535286160941,-0.7044567776811773,-1.118663099175042
0.5302380963112234,0.975304830396693,1.0170450985221733,-0.7970569658130597,-0.8938694960355587,0.8839575199685175,1.1779525719062196,1.1893609257939286,-1.5319474151966916,1.5265692800964776,0.5071660932633962,0,1.3156758182854849,-0.7217427156047488,1.419533506784684,0.8939241856975975
1.0250170353263617,0.975304830396693,-0.9546093735725089,1.4913107457940706,1.339640957358863,0.502355686447098,-0.3685934743601522,-1.286325303091959,-0.15362546712844063,-0.5726092563234305,0.15374024429935695,0,-1.1506512097016017,-0.7217427156047488,-0.7044567776811773,0.8939241856975975
-1.4488776597493296,-1.0253204627247283,0.6227142041032369,-1.4211572507968222,0.08329132732450074,1.4043236565886341,-0.024916575189847412,-1.286325303091959,-1.1873669281796289,-1.2723354351300666,-1.6133890005208396,0,1.5063443171071949,1.385535286160941,-0.7044567776811773,-1.118663099175042
-0.9540987207341913,-1.0253204627247283,0.5241314804985027,0.24311017582654504,0.7812633440102572,-0.5730676625678098,0.14692187439530519,-1.286325303091959,0.535535506905685,0.12711692248320555,-1.2599631515568004,0,0.21256948600209732,-0.7217427156047488,1.419533506784684,-1.118663099175042
1.0250170353263617,0.975304830396693,0.031217862474832096,-1.4905017269061296,1.6188297640331655,-0.07004706383502998,-0.7122703735304572,1.1893609257939286,0.535535506905685,1.1767061906931597,0.8605919422274356,0,0.8566107595629,-0.7217427156047488,-0.7044567776811773,0.8939241856975975
1.5197959743415,0.975304830396693,-1.5461057152009137,-1.2131238224689014,-1.731435916058467,1.0053762851798778,1.1779525719062196,-1.286325303091959,-1.5319474151966916,-0.2227461669201125,0.15374024429935695,0,-1.162298764648978,-0.7217427156047488,-0.7044567776811773,0.8939241856975975
-1.4488776597493296,-1.0253204627247283,-0.8067352881654077,1.2139328413568424,0.7812633440102572,-0.8852873445398802,-0.19675502477499981,-0.048482188649015184,-0.15362546712844063,0.8268431012898416,1.214017791191475,0,-1.0163886759111824,-0.7217427156047488,-0.7044567776811773,-1.118663099175042
0.035459157296085175,-1.0253204627247283,1.6578328019529454,-0.10361220471998989,1.339640957358863,-0.19146582904639112,-1.3996241718710671,-1.286325303091959,-1.1873669281796289,0.47698001188652356,-0.19968560466468235,0,1.338392251945289,1.385535286160941,-0.7044567776811773,0.8939241856975975
-1.4488776597493296,0.975304830396693,-0.5109871173512054,0.24311017582654504,0.7812633440102572,-1.2321981022866253,-0.024916575189847412,-0.048482188649015184,0.535535506905685,-1.2723354351300666,0.15374024429935695,0,-0.5951656112554092,-0.7217427156047488,-0.7044567776811773,-1.118663099175042
-0.9540987207341913,-1.0253204627247283,-0.36311303194410427,1.0058994130289223,-0.7542750926984075,0.4329735348977498,1.0061141223210675,-1.286325303091959,0.19095501988862215,1.5265692800964776,-0.19968560466468235,0,-0.6832910196964034,1.385535286160941,-0.7044567776811773,-1.118663099175042
1.5197959743415,0.975304830396693,-0.8067352881654077,1.5606552219033774,-1.1730583027098613,-0.0006649122856809947,-0.3685934743601522,1.1893609257939286,0.535535506905685,0.8268431012898416,-1.2599631515568004,0,-1.069549715993945,1.385535286160941,-0.7044567776811773,0.8939241856975975
0.5302380963112234,0.975304830396693,-0.5109871173512054,-1.2824682985782088,-1.4522471093841642,1.5777790354620067,-0.7122703735304572,-1.286325303091959,0.535535506905685,-0.9224723457267486,-1.6133890005208396,0,0.04868120539912516,-0.7217427156047488,-0.7044567776811773,0.8939241856975975
0.035459157296085175,0.975304830396693,0.1298005860795663,1.4913107457940706,0.08329132732450074,-0.9546694960892292,1.1779525719062196,-1.286325303091959,0.8801159939227476,0.47698001188652356,-0.906537302592761,0,-0.48156388661343447,1.385535286160941,-0.7044567776811773,0.8939241856975975
-1.4488776597493296,0.975304830396693,0.6227142041032369,0.5204880802637732,-0.8938694960355587,-0.5210310489057984,-1.055947272700762,-0.048482188649015184,0.535535506905685,-0.9224723457267486,0.5071660932633962,0,0.16555844859557564,-0.7217427156047488,1.419533506784684,-1.118663099175042
0.035459157296085175,-1.0253204627247283,0.770588289510338,0.7285215085916941,1.0604521506845601,0.25951815602437733,-0.8841088231156097,-0.048482188649015184,1.2246964809398104,0.12711692248320555,1.5674436401555143,0,0.18590140660057952,-0.7217427156047488,-0.7044567776811773,0.8939241856975975
-0.9540987207341913,-1.0253204627247283,-0.11665622293226899,0.9365549369196149,-1.731435916058467,1.612470111236681,-0.5404319239453048,-1.286325303091959,-0.8427864411625662,-0.5726092563234305,0.8605919422274356,0,-0.4994997938757046,-0.7217427156047488,-0.7044567776811773,-1.118663099175042
-0.4593197817190531,-1.0253204627247283,1.608541440150578,-1.2824682985782088,1.758424167370317,-0.9546694960892292,0.6624372231507623,1.1893609257939286,0.8801159939227476,1.5265692800964776,0.15374024429935695,1,2.4936267792924487,1.385535286160941,-0.7044567776811773,-1.118663099175042
-0.4593197817190531,-1.0253204627247283,0.32696603328903473,0.7285215085916941,-0.8938694960355587,1.0747584367292269,-1.5714626214562195,-0.048482188649015184,-0.4982059541455034,0.12711692248320555,0.5071660932633962,0,-0.1279613740480514,-0.7217427156047488,1.419533506784684,-1.118663099175042
0.5302380963112234,0.975304830396693,-0.5109871173512054,-1.4905017269061296,0.6416689406731063,0.3462458454610632,-0.024916575189847412,-1.286325303091959,-0.4982059541455034,-0.2227461669201125,1.214017791191475,0,0.18752343647473288,1.385535286160941,-0.7044567776811773,0.8939241856975975
0.035459157296085175,-1.0253204627247283,0.9677537367198064,-1.2824682985782088,0.08329132732450074,-1.3709624053853224,0.3187603239804574,-0.048482188649015184,0.535535506905685,-0.5726092563234305,-0.5531114536287216,0,1.7544571871851644,-0.7217427156047488,1.419533506784684,0.8939241856975975
0.5302380963112234,0.975304830396693,0.08050922427719942,0.5204880802637732,1.339640957358863,-1.613799935808044,0.6624372231507623,-0.048482188649015184,-0.8427864411625662,-1.6221985245333848,-0.5531114536287216,0,-0.2340353693598574,-0.7217427156047488,1.419533506784684,0.8939241856975975
-1.4488776597493296,0.975304830396693,-1.003900735374876,-0.10361220471998989,0.08329132732450074,-1.3709624053853224,-1.5714626214562195,-1.286325303091959,1.2246964809398104,-0.9224723457267486,1.214017791191475,0,-0.9034847526877909,1.385535286160941,-0.7044567776811773,-1.118663099175042
1.5197959743415,-1.0253204627247283,0.4748401186961358,0.6591770324823872,0.36248013399880336,-0.33023013214508906,1.3497910214913722,-1.286325303091959,1.2246964809398104,0.8268431012898416,1.5674436401555143,0,0.0025791518373400766,-0.7217427156047488,1.419533506784684,0.8939241856975975
-0.4593197817190531,-1.0253204627247283,-0.5109871173512054,1.075243889138229,0.2228857306616519,0.7972298305318316,0.8342756727359149,-1.286325303091959,1.5692769679568732,-0.5726092563234305,-1.6133890005208396,0,-0.7970993855697861,1.385535286160941,-0.7044567776811773,-1.118663099175042
-0.9540987207341913,-1.0253204627247283,0.031217862474832096,0.3817991280451591,-0.1958974793498019,-0.4343033594691118,-0.19675502477499981,-0.048482188649015184,-0.8427864411625662,-1.2723354351300666,1.214017791191475,0,-0.22261840313255932,-0.7217427156047488,1.419533506784684,-1.118663099175042
-1.4488776597493296,-1.0253204627247283,-0.5109871173512054,0.31245465193585237,-0.1958974793498019,-1.5791088600333694,-0.5404319239453048,-0.048482188649015184,1.2246964809398104,1.1767061906931597,1.214017791191475,0,-0.6146761208510015,1.385535286160941,-0.7044567776811773,-1.118663099175042
1.5197959743415,0.975304830396693,-1.4475229915961794,1.4913107457940706,-0.47508628602410485,-0.5210310489057984,1.0061141223210675,1.1893609257939286,-0.4982059541455034,-0.9224723457267486,-0.5531114536287216,0,-1.4547818111053143,-0.7217427156047488,1.419533506784684,0.8939241856975975
-1.4488776597493296,-1.0253204627247283,-0.6588612027583065,-0.3809901091572174,-1.4522471093841642,1.7165433385607045,-0.3685934743601522,-0.048482188649015184,0.19095501988862215,0.8268431012898416,-1.6133890005208396,0,-0.5228019342613954,-0.7217427156047488,-0.7044567776811773,-1.118663099175042
1.5197959743415,-1.0253204627247283,-1.3982316297938124,0.3817991280451591,1.339640957358863,-1.596454397920707,-0.8841088231156097,-1.286325303091959,0.19095501988862215,-0.5726092563234305,1.5674436401555143,0,-1.3061922887052146,-0.7217427156047488,-0.7044567776811773,0.8939241856975975
-0.9540987207341913,0.975304830396693,0.9184623749174395,-1.4905017269061296,0.7812633440102572,1.7338888764480422,0.14692187439530519,-0.048482188649015184,0.535535506905685,-0.5726092563234305,-0.906537302592761,0,1.9514809246162654,1.385535286160941,-0.7044567776811773,-1.118663099175042
-1.4488776597493296,-1.0253204627247283,-0.6095698409559396,-0.03426772861068253,-1.03346389937271,-0.8679418066525426,-0.024916575189847412,-0.048482188649015184,1.2246964809398104,-1.2723354351300666,-0.5531114536287216,0,-0.5927616377516671,-0.7217427156047488,1.419533506784684,-1.118663099175042
1.0250170353263617,0.975304830396693,-1.6446884388056477,0.24311017582654504,1.2000465540217116,-0.24350244270840246,1.3497910214913722,1.1893609257939286,-0.4982059541455034,-0.9224723457267486,1.214017791191475,0,-1.4798278606326787,-0.7217427156047488,-0.7044567776811773,0.8939241856975975
-1.4488776597493296,-1.0253204627247283,-1.003900735374876,0.9365549369196149,-0.47508628602410485,0.7625387547571572,-0.19675502477499981,1.1893609257939286,-1.5319474151966916,-0.5726092563234305,0.15374024429935695,0,-1.1030820643538415,-0.7217427156047488,-0.7044567776811773,-1.118663099175042
0.035459157296085175,0.975304830396693,-1.1517748207819771,-0.9357459180316738,0.7812633440102572,1.05741289884189,-0.024916575189847412,-1.286325303091959,-0.4982059541455034,0.47698001188652356,0.15374024429935695,0,-0.8131258755947365,-0.7217427156047488,1.419533506784684,0.8939241856975975
1.0250170353263617,-1.0253204627247283,0.32696603328903473,0.45114360415446586,0.2228857306616519,-0.20881136693372795,1.1779525719062196,1.1893609257939286,-0.15362546712844063,0.8268431012898416,0.15374024429935695,0,-0.0257963374675893,-0.7217427156047488,-0.7044567776811773,0.8939241856975975
0.035459157296085175,0.975304830396693,1.6578328019529454,1.5606552219033774,1.0604521506845601,-1.2148525643992876,-0.5404319239453048,-1.286325303091959,0.535535506905685,0.47698001188652356,-0.5531114536287216,0,0.4336245208290016,1.385535286160941,-0.7044567776811773,0.8939241856975975
1.0250170353263617,0.975304830396693,0.5241314804985027,1.075243889138229,0.9208577473474087,-0.07004706383502998,-1.7433010710413719,-0.048482188649015184,-1.1873669281796289,1.5265692800964776,-0.906537302592761,0,-0.11052455290090542,-0.7217427156047488,-0.7044567776811773,0.8939241856975975
0.035459157296085175,0.975304830396693,-0.3138216701417372,-1.5598462030154363,0.5020745373359549,-1.2321981022866253,0.14692187439530519,1.1893609257939286,0.19095501988862215,-0.2227461669201125,0.5071660932633962,0,0.4873093150012492,-0.7217427156047488,1.419533506784684,0.8939241856975975
1.0250170353263617,-1.0253204627247283,-1.3489402679914455,-0.24230115693860396,1.339640957358863,-0.2261569048210656,0.14692187439530519,-0.048482188649015184,-0.4982059541455034,-1.2723354351300666,-0.5531114536287216,0,-1.1695970504447837,-0.7217427156047488,1.419533506784684,0.8939241856975975
1.0250170353263617,-1.0253204627247283,0.6227142041032369,-0.9357459180316738,-0.7542750926984075,0.4329735348977498,-1.055947272700762,-1.286325303091959,-0.15362546712844063,1.1767061906931597,-1.2599631515568004,0,1.0331257752795646,-0.7217427156047488,-0.7044567776811773,0.8939241856975975
1.0250170353263617,-1.0253204627247283,-1.1517748207819771,-1.4211572507968222,-0.056303076012650735,-0.2261569048210656,0.14692187439530519,-1.286325303091959,0.8801159939227476,1.1767061906931597,0.5071660932633962,0,-0.6336291873152907,1.385535286160941,-0.7044567776811773,0.8939241856975975
0.5302380963112234,0.975304830396693,1.1649191839292747,-1.2824682985782088,1.0604521506845601,-1.6484910115827183,-0.3685934743601522,-1.286325303091959,1.5692769679568732,1.1767061906931597,-1.2599631515568004,1,1.9818939847566368,-0.7217427156047488,-0.7044567776811773,0.8939241856975975
-0.9540987207341913,-1.0253204627247283,0.57342284230087,0.1737656997172383,1.2000465540217116,-1.110779337075264,1.3497910214913722,-1.286325303091959,1.5692769679568732,1.5265692800964776,0.5071660932633962,0,0.28375580587411653,1.385535286160941,-0.7044567776811773,-1.118663099175042
0.5302380963112234,0.975304830396693,1.460667354743477,-0.5890235374851389,0.7812633440102572,-1.0760882613005895,-1.7433010710413719,-1.286325303091959,-0.8427864411625662,1.5265692800964776,0.8605919422274356,0,1.561542046387934,-0.7217427156047488,1.419533506784684,0.8939241856975975
-1.4488776597493296,0.975304830396693,0.32696603328903473,-0.03426772861068253,1.0604521506845601,0.2421726181370397,-1.2277857222859145,1.1893609257939286,0.8801159939227476,0.12711692248320555,0.5071660932633962,0,0.18372180395718649,-0.7217427156047488,-0.7044567776811773,-1.118663099175042
0.035459157296085175,0.975304830396693,1.312793269336376,0.31245465193585237,0.5020745373359549,-1.1628159507372762,0.14692187439530519,-0.048482188649015184,-0.8427864411625662,-0.5726092563234305,1.5674436401555143,0,0.7878507975064086,-0.7217427156047488,-0.7044567776811773,0.8939241856975975
1.5197959743415,0.975304830396693,-1.2503575443867112,-1.4905017269061296,-1.3126527060470128,0.710502141095145,-0.5404319239453048,-0.048482188649015184,0.8801159939227476,-1.6221985245333848,-1.6133890005208396,0,-0.7248683677364044,-0.7217427156047488,1.419533506784684,0.8939241856975975
-1.4488776597493296,-1.0253204627247283,0.08050922427719942,0.24311017582654504,-0.47508628602410485,1.5951245733493442,-0.3685934743601522,-1.286325303091959,1.5692769679568732,0.12711692248320555,1.214017791191475,0,-0.13360269853683382,-0.7217427156047488,-0.7044567776811773,-1.118663099175042
-0.9540987207341913,0.975304830396693,0.5241314804985027,-1.3518127746875155,-0.47508628602410485,-0.9546694960892292,0.3187603239804574,-0.048482188649015184,-0.15362546712844063,1.5265692800964776,1.214017791191475,0,1.3134825074493661,-0.7217427156047488,-0.7044567776811773,-1.118663099175042
1.0250170353263617,-1.0253204627247283,-0.018073499327534787,-1.6985351552340504,1.6188297640331655,0.27686369391171417,1.5216294710765244,1.1893609257939286,0.8801159939227476,0.12711692248320555,-0.19968560466468235,0,1.0010727952296636,1.385535286160941,-0.7044567776811773,0.8939241856975975
-0.4593197817190531,-1.0253204627247283,-1.6939798006080147,1.7686886502312988,-0.7542750926984075,-0.1567747532717166,1.3497910214913722,1.1893609257939286,-0.15362546712844063,1.5265692800964776,-1.2599631515568004,0,-1.6217157189869076,1.385535286160941,-0.7044567776811773,-1.118663099175042
1.0250170353263617,-1.0253204627247283,0.3762573950914016,-1.2824682985782088,-0.33549188268695335,-0.7812141172158568,-0.7122703735304572,1.1893609257939286,-0.4982059541455034,-0.9224723457267486,-0.5531114536287216,0,1.0721467944707486,-0.7217427156047488,-0.7044567776811773,0.8939241856975975
-0.9540987207341913,-1.0253204627247283,-0.5109871173512054,-0.7970569658130597,1.0604521506845601,-1.2148525643992876,-0.5404319239453048,-0.048482188649015184,-1.5319474151966916,1.5265692800964776,-0.906537302592761,0,-0.21415848990752862,-0.7217427156047488,-0.7044567776811773,-1.118663099175042
-0.4593197817190531,0.975304830396693,0.9677537367198064,-0.1729566808292966,-0.7542750926984075,0.3462458454610632,-1.7433010710413719,1.1893609257939286,0.19095501988862215,-0.2227461669201125,-1.2599631515568004,0,0.8006899715628627,-0.7217427156047488,-0.7044567776811773,-1.118663099175042
-0.9540987207341913,0.975304830396693,1.2142105457316417,0.1737656997172383,0.2228857306616519,-0.8852873445398802,0.49059877356561,-0.048482188649015184,0.535535506905685,-1.6221985245333848,-0.19968560466468235,0,0.7912453765746394,-0.7217427156047488,-0.7044567776811773,-1.118663099175042
-0.9540987207341913,-1.0253204627247283,-0.2645303083393701,-1.6291906791247437,-1.1730583027098613,-0.0006649122856809947,1.5216294710765244,-0.048482188649015184,-1.1873669281796289,1.1767061906931597,1.5674436401555143,0,0.6103391506213577,-0.7217427156047488,1.419533506784684,-1.118663099175042
-0.4593197817190531,-1.0253204627247283,-1.3982316297938124,-0.7970569658130597,-0.33549188268695335,1.05741289884189,0.8342756727359149,-1.286325303091959,0.19095501988862215,-0.5726092563234305,-0.906537302592761,0,-1.1024493785357306,1.385535286160941,-0.7044567776811773,-1.118663099175042
-0.9540987207341913,-1.0253204627247283,1.608541440150578,-1.2131238224689014,0.6416689406731063,0.9359941336305289,-0.7122703735304572,-0.048482188649015184,-0.15362546712844063,0.8268431012898416,-1.2599631515568004,0,2.399264703704284,-0.7217427156047488,1.419533506784684,-1.118663099175042
-0.4593197817190531,-1.0253204627247283,0.32696603328903473,0.1737656997172383,1.758424167370317,0.32890030757372635,-0.7122703735304572,-0.048482188649015184,1.2246964809398104,0.47698001188652356,1.214017791191475,0,0.08856750945083844,1.385535286160941,-0.7044567776811773,-1.118663099175042
1.5197959743415,-1.0253204627247283,1.6578328019529454,-0.4503345852665248,0.5020745373359549,1.5951245733493442,0.6624372231507623,-1.286325303091959,0.535535506905685,-1.6221985245333848,1.5674436401555143,0,1.6211321679191295,-0.7217427156047488,1.419533506784684,0.8939241856975975
0.5302380963112234,0.975304830396693,0.6720055659056042,0.10442122360793094,-0.614680689361256,-1.527072246371358,0.6624372231507623,-0.048482188649015184,1.5692769679568732,-0.5726092563234305,1.214017791191475,0,0.3967284259251656,-0.7217427156047488,-0.7044567776811773,0.8939241856975975
-1.4488776597493296,-1.0253204627247283,-0.9546093735725089,1.421966269684764,0.2228857306616519,0.12075385292567935,1.5216294710765244,-1.286325303091959,-0.15362546712844063,0.47698001188652356,0.15374024429935695,0,-1.1413483913057234,-0.7217427156047488,1.419533506784684,-1.118663099175042
1.0250170353263617,-1.0253204627247283,0.8691710131150722,-1.1437793463595947,-0.7542750926984075,-0.13942921538437897,0.49059877356561,1.1893609257939286,1.2246964809398104,1.5265692800964776,-0.906537302592761,1,1.4914833899931499,-0.7217427156047488,1.419533506784684,0.8939241856975975
1.5197959743415,-1.0253204627247283,-0.018073499327534787,1.3526217935754572,0.5020745373359549,-0.6424498141171587,1.693467920661677,-0.048482188649015184,-0.15362546712844063,1.5265692800964776,-0.19968560466468235,0,-0.540217645455579,-0.7217427156047488,1.419533506784684,0.8939241856975975
1.5197959743415,0.975304830396693,0.3762573950914016,-1.2131238224689014,1.479235360696014,-0.2955390563704146,-1.2277857222859145,-1.286325303091959,-1.5319474151966916,1.1767061906931597,0.15374024429935695,0,1.008028973878791,1.385535286160941,-0.7044567776811773,0.8939241856975975
-1.4488776597493296,-1.0253204627247283,0.32696603328903473,0.6591770324823872,1.0604521506845601,1.6298156491240188,-0.3685934743601522,-0.048482188649015184,-0.4982059541455034,-0.5726092563234305,0.8605919422274356,0,-0.10345557135476485,-0.7217427156047488,-0.7044567776811773,-1.118663099175042
-0.4593197817190531,0.975304830396693,-0.6095698409559396,-0.24230115693860396,-0.7542750926984075,-0.7465230414411823,0.6624372231507623,-0.048482188649015184,0.8801159939227476,0.12711692248320555,-0.906537302592761,0,-0.5264356146893919,-0.7217427156047488,-0.7044567776811773,-1.118663099175042
-0.9540987207341913,-1.0253204627247283,-1.6939798006080147,-0.7277124897037524,-0.1958974793498019,0.6064289137711215,0.8342756727359149,1.1893609257939286,-0.4982059541455034,-0.2227461669201125,0.8605919422274356,0,-1.408599016077343,-0.7217427156047488,-0.7044567776811773,-1.118663099175042
0.5302380963112234,-1.0253204627247283,0.2283833096843005,0.58983255637308,-0.7542750926984075,0.6931566032078081,-0.5404319239453048,1.1893609257939286,1.2246964809398104,1.5265692800964776,0.8605919422274356,0,-0.14993654590472896,1.385535286160941,-0.7044567776811773,0.8939241856975975
-0.4593197817190531,-1.0253204627247283,1.41137599294111,1.4913107457940706,-0.47508628602410485,-1.38830794327266,1.3497910214913722,-0.048482188649015184,1.5692769679568732,1.5265692800964776,-1.6133890005208396,0,0.30917567703621807,-0.7217427156047488,1.419533506784684,-1.118663099175042
-0.4593197817190531,-1.0253204627247283,1.41137599294111,1.699344174121992,1.6188297640331655,0.6931566032078081,0.14692187439530519,-1.286325303091959,-0.4982059541455034,1.1767061906931597,-1.6133890005208396,0,0.23331388657371888,-0.7217427156047488,1.419533506784684,-1.118663099175042
0.5302380963112234,0.975304830396693,1.0170450985221733,-0.8664014419223665,0.6416689406731063,-0.018010450173018628,-0.3685934743601522,-1.286325303091959,0.19095501988862215,0.8268431012898416,0.5071660932633962,0,1.378311714278499,-0.7217427156047488,1.419533506784684,0.8939241856975975
-1.4488776597493296,-1.0253204627247283,1.2635019075340086,0.5204880802637732,-0.8938694960355587,1.2135227398279247,-0.024916575189847412,-0.048482188649015184,-0.4982059541455034,0.12711692248320555,-0.906537302592761,0,0.6378056879974514,-0.7217427156047488,-0.7044567776811773,-1.118663099175042
-0.4593197817190531,-1.0253204627247283,-1.6939798006080147,1.4913107457940706,0.7812633440102572,1.1961772019405879,-0.8841088231156097,-0.048482188649015184,-1.5319474151966916,-1.2723354351300666,0.5071660932633962,0,-1.6068471118071705,-0.7217427156047488,1.419533506784684,-1.118663099175042
-1.4488776597493296,-1.0253204627247283,-0.4616957555488383,1.5606552219033774,-1.3126527060470128,-1.0067061097512406,0.49059877356561,-0.048482188649015184,-0.4982059541455034,0.12711692248320555,0.8605919422274356,0,-0.8591053228387325,-0.7217427156047488,1.419533506784684,-1.118663099175042
0.035459157296085175,0.975304830396693,0.2776746714866674,-1.2824682985782088,-0.8938694960355587,-0.4169578215817749,0.8342756727359149,1.1893609257939286,0.19095501988862215,-0.9224723457267486,0.15374024429935695,0,0.9584283956850127,-0.7217427156047488,1.419533506784684,0.8939241856975975
1.5197959743415,-1.0253204627247283,1.3620846311387427,0.9365549369196149,-1.03346389937271,-0.13942921538437897,-0.3685934743601522,1.1893609257939286,1.2246964809398104,0.47698001188652356,-0.19968560466468235,0,0.5064706569211903,1.385535286160941,-0.7044567776811773,0.8939241856975975
-1.4488776597493296,-1.0253204627247283,1.5592500783482113,0.7285215085916941,-0.47508628602410485,-1.3015802538359733,-1.5714626214562195,-0.048482188649015184,-0.15362546712844063,-0.9224723457267486,-0.906537302592761,0,0.7438796833092574,-0.7217427156047488,-0.7044567776811773,-1.118663099175042
-1.4488776597493296,-1.0253204627247283,1.6578328019529454,-1.6291906791247437,-0.1958974793498019,-0.4343033594691118,-0.19675502477499981,1.1893609257939286,1.2246964809398104,-0.9224723457267486,-0.19968560466468235,0,3.098275826494654,-0.7217427156047488,1.419533506784684,-1.118663099175042
0.035459157296085175,-1.0253204627247283,0.4748401186961358,-0.4503345852665248,1.0604521506845601,-1.1281248749626016,-0.024916575189847412,-0.048482188649015184,-0.15362546712844063,-1.2723354351300666,0.8605919422274356,0,0.5388467174066076,-0.7217427156047488,-0.7044567776811773,0.8939241856975975
1.5197959743415,0.975304830396693,-0.2645303083393701,0.9365549369196149,-1.5918415127213155,1.0747584367292269,1.1779525719062196,-1.286325303091959,-1.1873669281796289,0.47698001188652356,1.214017791191475,0,-0.600096838955394,1.385535286160941,-0.7044567776811773,0.8939241856975975
-0.4593197817190531,-1.0253204627247283,1.6578328019529454,-1.2131238224689014,-0.33549188268695335,0.5370467622217725,-1.7433010710413719,-0.048482188649015184,-0.15362546712844063,0.8268431012898416,-0.19968560466468235,0,2.4549141328973043,-0.7217427156047488,1.419533506784684,-1.118663099175042
1.0250170353263617,-1.0253204627247283,0.4748401186961358,1.2139328413568424,-1.731435916058467,0.27686369391171417,0.3187603239804574,1.1893609257939286,0.8801159939227476,0.47698001188652356,0.5071660932633962,0,-0.18707645062008355,-0.7217427156047488,-0.7044567776811773,0.8939241856975975
0.5302380963112234,-1.0253204627247283,1.509958716545844,0.45114360415446586,-0.8938694960355587,-1.596454397920707,1.5216294710765244,-1.286325303091959,-0.8427864411625662,-1.2723354351300666,0.15374024429935695,0,0.8583241714017942,-0.7217427156047488,-0.7044567776811773,0.8939241856975975
-1.4488776597493296,0.975304830396693,-1.5953970770032808,-1.4211572507968222,-1.1730583027098613,-0.0006649122856809947,-1.7433010710413719,-1.286325303091959,0.8801159939227476,-1.2723354351300666,-0.19968560466468235,0,-1.1686225634209122,-0.7217427156047488,1.419533506784684,-1.118663099175042
0.035459157296085175,0.975304830396693,1.3620846311387427,0.3817991280451591,0.6416689406731063,-1.596454397920707,-0.024916575189847412,1.1893609257939286,-0.8427864411625662,0.47698001188652356,-1.6133890005208396,0,0.786226248952327,-0.7217427156047488,1.419533506784684,0.8939241856975975
1.0250170353263617,0.975304830396693,-0.11665622293226899,0.1737656997172383,1.0604521506845601,0.3462458454610632,-0.024916575189847412,-1.286325303091959,-0.15362546712844063,-0.2227461669201125,-0.19968560466468235,0,-0.26277142411106236,1.385535286160941,-0.7044567776811773,0.8939241856975975
0.035459157296085175,0.975304830396693,1.2635019075340086,0.8672104608103081,0.2228857306616519,-1.3015802538359733,-0.7122703735304572,-1.286325303091959,0.8801159939227476,1.5265692800964776,-0.19968560466468235,0,0.4703253982994836,-0.7217427156047488,1.419533506784684,0.8939241856975975
-0.9540987207341913,-1.0253204627247283,0.57342284230087,-0.03426772861068253,0.2228857306616519,0.5370467622217725,0.49059877356561,-1.286325303091959,0.19095501988862215,0.8268431012898416,-0.19968560466468235,0,0.38805955177530577,-0.7217427156047488,1.419533506784684,-1.118663099175042
1.0250170353263617,-1.0253204627247283,0.32696603328903473,0.58983255637308,-0.056303076012650735,0.5890833758837847,-0.19675502477499981,-0.048482188649015184,0.535535506905685,-0.5726092563234305,1.214017791191475,0,-0.07827837680686765,-0.7217427156047488,-0.7044567776811773,0.8939241856975975
0.5302380963112234,0.975304830396693,-0.7081525645606735,0.8672104608103081,0.6416689406731063,1.265559353489937,0.6624372231507623,1.1893609257939286,-1.5319474151966916,-0.2227461669201125,0.8605919422274356,0,-0.888387937841777,-0.7217427156047488,1.419533506784684,0.8939241856975975
-1.4488776597493296,0.975304830396693,-0.7574439263630407,-0.1729566808292966,-1.3126527060470128,1.6818522627860302,0.14692187439530519,-0.048482188649015184,1.2246964809398104,1.5265692800964776,-0.906537302592761,0,-0.6758150449293542,-0.7217427156047488,-0.7044567776811773,-1.118663099175042
0.5302380963112234,-1.0253204627247283,0.721296927707971,-1.5598462030154363,0.6416689406731063,-1.2495436401739621,-0.8841088231156097,1.1893609257939286,-1.5319474151966916,-0.5726092563234305,-0.19968560466468235,0,1.795070901037213,-0.7217427156047488,-0.7044567776811773,0.8939241856975975
-1.4488776597493296,0.975304830396693,0.6720055659056042,1.4913107457940706,0.2228857306616519,1.5430879596873321,-1.3996241718710671,1.1893609257939286,-1.5319474151966916,0.12711692248320555,1.214017791191475,0,-0.1470202250693505,1.385535286160941,-0.7044567776811773,-1.118663099175042
-0.4593197817190531,0.975304830396693,0.2776746714866674,-0.6583680135944456,-1.4522471093841642,-1.4923811705966836,-0.8841088231156097,1.1893609257939286,0.19095501988862215,1.5265692800964776,0.8605919422274356,0,0.4839125316608962,-0.7217427156047488,1.419533506784684,-1.118663099175042
1.5197959743415,-1.0253204627247283,-0.5109871173512054,-1.0744348702502873,-1.731435916058467,1.1961772019405879,1.1779525719062196,-1.286325303091959,0.8801159939227476,-0.5726092563234305,-0.906537302592761,0,-0.07315993615702088,1.385535286160941,-0.7044567776811773,0.8939241856975975
0.035459157296085175,0.975304830396693,0.3762573950914016,-0.7970569658130597,0.9208577473474087,0.03402616348899273,1.0061141223210675,1.1893609257939286,-1.1873669281796289,1.1767061906931597,-1.6133890005208396,0,0.6741323987206728,-0.7217427156047488,1.419533506784684,0.8939241856975975
-1.4488776597493296,-1.0253204627247283,-0.2152389465370032,0.7285215085916941,-0.056303076012650735,0.22482708024970283,1.693467920661677,1.1893609257939286,-1.5319474151966916,-0.5726092563234305,1.214017791191475,0,-0.5115714392852675,1.385535286160941,-0.7044567776811773,-1.118663099175042
1.0250170353263617,0.975304830396693,-0.2152389465370032,0.1737656997172383,0.5020745373359549,-0.8505962687652058,-1.5714626214562195,1.1893609257939286,0.8801159939227476,-1.6221985245333848,-0.19968560466468235,0,-0.3408467426803738,1.385535286160941,-0.7044567776811773,0.8939241856975975
-0.4593197817190531,0.975304830396693,0.8691710131150722,0.24311017582654504,0.08329132732450074,-0.6944864277791709,1.5216294710765244,-1.286325303091959,1.5692769679568732,-0.2227461669201125,-0.19968560466468235,0,0.4818145184212665,-0.7217427156047488,1.419533506784684,-1.118663099175042
1.5197959743415,-1.0253204627247283,1.0170450985221733,1.7686886502312988,1.6188297640331655,-0.9026328824272171,1.1779525719062196,1.1893609257939286,-0.8427864411625662,0.47698001188652356,1.214017791191475,0,-0.02334044716517454,-0.7217427156047488,-0.7044567776811773,0.8939241856975975
1.5197959743415,0.975304830396693,-1.5461057152009137,-1.3518127746875155,0.7812633440102572,1.5777790354620067,-1.7433010710413719,1.1893609257939286,-1.1873669281796289,0.8268431012898416,1.5674436401555143,0,-1.127672453151099,-0.7217427156047488,-0.7044567776811773,0.8939241856975975
1.5197959743415,0.975304830396693,-1.053192097177243,1.7686886502312988,0.9208577473474087,0.2421726181370397,-0.8841088231156097,-1.286325303091959,-0.15362546712844063,-0.9224723457267486,-0.906537302592761,0,-1.243917927465407,-0.7217427156047488,1.419533506784684,0.8939241856975975
1.0250170353263617,0.975304830396693,-1.4475229915961794,-0.7277124897037524,0.36248013399880336,0.3635913833484008,1.3497910214913722,-0.048482188649015184,0.8801159939227476,0.8268431012898416,-0.906537302592761,0,-1.1664209445892018,-0.7217427156047488,-0.7044567776811773,0.8939241856975975
1.0250170353263617,0.975304830396693,-1.2503575443867112,1.699344174121992,-1.3126527060470128,-0.052701525947693124,-0.8841088231156097,1.1893609257939286,0.19095501988862215,-1.2723354351300666,-1.2599631515568004,0,-1.3536327571553155,1.385535286160941,-0.7044567776811773,0.8939241856975975
0.5302380963112234,-1.0253204627247283,1.41137599294111,0.6591770324823872,0.36248013399880336,1.3349415050392852,1.1779525719062196,-1.286325303091959,1.5692769679568732,-1.6221985245333848,-0.5531114536287216,0,0.6741323987206728,1.385535286160941,-0.7044567776811773,0.8939241856975975
-0.9540987207341913,-1.0253204627247283,-1.4475229915961794,-1.1437793463595947,0.9208577473474087,-0.03535598806035549,1.5216294710765244,-0.048482188649015184,1.2246964809398104,1.1767061906931597,1.5674436401555143,0,-1.069549715993945,-0.7217427156047488,1.419533506784684,-1.118663099175042
0.5302380963112234,-1.0253204627247283,-0.36311303194410427,1.3526217935754572,-1.1730583027098613,1.05741289884189,1.5216294710765244,-1.286325303091959,-1.5319474151966916,-1.2723354351300666,-1.2599631515568004,0,-0.7581779097949064,1.385535286160941,-0.7044567776811773,0.8939241856975975
1.5197959743415,0.975304830396693,1.7071241637553123,-1.2131238224689014,-1.731435916058467,-1.405653481159997,-0.7122703735304572,1.1893609257939286,0.8801159939227476,0.8268431012898416,0.15374024429935695,1,2.5105635620903235,-0.7217427156047488,1.419533506784684,0.8939241856975975
-1.4488776597493296,0.975304830396693,1.608541440150578,-0.3809901091572174,-0.33549188268695335,0.5543923001091101,1.5216294710765244,-1.286325303091959,1.5692769679568732,-1.6221985245333848,1.5674436401555143,0,1.5164195219302758,-0.7217427156047488,1.419533506784684,-1.118663099175042
-1.4488776597493296,-1.0253204627247283,1.312793269336376,1.1445883652475357,0.5020745373359549,-0.8159051929905312,-1.055947272700762,1.1893609257939286,-0.8427864411625662,-0.9224723457267486,0.5071660932633962,0,0.38351871293490325,1.385535286160941,-0.7044567776811773,-1.118663099175042
0.5302380963112234,0.975304830396693,-1.2503575443867112,-1.3518127746875155,-0.056303076012650735,-0.5904132004551474,-1.7433010710413719,1.1893609257939286,1.2246964809398104,-0.5726092563234305,-1.2599631515568004,0,-0.7789360302081756,-0.7217427156047488,-0.7044567776811773,0.8939241856975975
1.0250170353263617,-1.0253204627247283,1.1156278221269076,0.10442122360793094,0.36248013399880336,-0.3996122836944381,-0.024916575189847412,-0.048482188649015184,-0.8427864411625662,-0.5726092563234305,-0.5531114536287216,0,0.7533906766622462,1.385535286160941,-0.7044567776811773,0.8939241856975975
0.035459157296085175,0.975304830396693,-1.1024834589796102,1.075243889138229,0.2228857306616519,-1.5097267084840205,-1.055947272700762,-1.286325303091959,0.535535506905685,-0.5726092563234305,-0.5531114536287216,0,-1.189427861380575,-0.7217427156047488,-0.7044567776811773,0.8939241856975975
-0.9540987207341913,-1.0253204627247283,-1.3982316297938124,1.5606552219033774,-1.4522471093841642,1.7165433385607045,-0.3685934743601522,-1.286325303091959,-1.5319474151966916,-1.6221985245333848,-1.6133890005208396,0,-1.4303115328314524,-0.7217427156047488,-0.7044567776811773,-1.118663099175042
-0.4593197817190531,0.975304830396693,-0.3138216701417372,1.421966269684764,0.5020745373359549,0.3462458454610632,-0.7122703735304572,-1.286325303091959,0.535535506905685,1.1767061906931597,1.214017791191475,0,-0.7413272002829583,-0.7217427156047488,-0.7044567776811773,-1.118663099175042
0.035459157296085175,-1.0253204627247283,0.08050922427719942,0.0350767474986242,-1.03346389937271,-0.13942921538437897,-0.19675502477499981,1.1893609257939286,-0.15362546712844063,0.47698001188652356,-0.906537302592761,0,-0.050166325853091644,-0.7217427156047488,1.419533506784684,0.8939241856975975
